source_dataset,source_short_name,ticket_text,source_category,source_priority,agent_response,detected_text_column,detected_category_column,detected_priority_column,detected_response_column
Tobi-Bueck/customer-support-tickets,customer_support_tickets_tobi,"Sehr geehrtes Support-Team,\n\nich möchte einen gravierenden Sicherheitsvorfall melden, der gegenwärtig mehrere Komponenten unserer Infrastruktur betrifft. Betroffene Geräte umfassen Projektoren, Bildschirme und Speicherlösungen auf Cloud-Plattformen. Der Grund für die Annahme ist, dass der Vorfall eine potenzielle Datenverletzung im Zusammenhang mit einer Cyberattacke darstellt, was ein erhebliches Risiko für sensible Informationen und den laufenden Geschäftsbetrieb unserer Organisation bedeutet.\n\nUnsere initialen Untersuchungen haben ungewöhnliche Aktivitäten und Abweichungen bei den Geräten ergeben. Trotz der Umsetzung unserer standardisierten Behebungs- und Eindämmungsmaßnahmen konnte die Bedrohung bislang nicht vollständig eliminiert.",Incident,high,"Vielen Dank für die Meldung des kritischen Sicherheitsvorfalls und die Bereitstellung der Übersicht über die betroffenen Geräte sowie der ergriffenen ersten Maßnahmen. Wir erkennen die Dringlichkeit und Schwere der Lage an und setzen alles daran, den Fall prioritär zu bearbeiten. Für eine umgehende Untersuchung benötigen wir zusätzliche Informationen: Bitte senden Sie uns spezifische Protokolle der betroffenen Projektoren, Bildschirme und Cloud-Speichersysteme, inklusive Zeitstempel verdächtiger Aktivitäten sowie ungewöhnlicher Fehlermeldungen. Falls möglich, fügen Sie auch eine Zusammenfassung der bereits durchgeführten Maßnahmen bei.",body,type,priority,answer
Tobi-Bueck/customer-support-tickets,customer_support_tickets_tobi,"Dear Customer Support Team,\n\nI am writing to report a significant problem with the centralized account management portal, which currently appears to be offline. This outage is blocking access to account settings, leading to substantial inconvenience. I have attempted to log in multiple times using different browsers and devices, but the issue persists.\n\nCould you please provide an update on the outage status and an estimated time for resolution? Also, are there any alternative ways to access and manage my account during this downtime?",Incident,high,"Thank you for reaching out, <name>. We are aware of the outage affecting the centralized account management system, and our technical team is actively working to resolve the issue. In the meantime, we suggest using alternative methods to manage your account, with a focus on restoring service as quickly as possible. We will provide an update as soon as the service is back online. We apologize for the inconvenience and appreciate your patience. If you have any further questions, please let us know.",body,type,priority,answer
Tobi-Bueck/customer-support-tickets,customer_support_tickets_tobi,"Dear Customer Support Team,\n\nI hope this message reaches you well. I am reaching out to request detailed information about the capabilities of your smart home integration products listed on your website. As a potential customer aiming to develop a seamlessly interconnected home environment, it is essential to understand how your products interact with various smart home platforms.\n\nCould you kindly provide detailed compatibility information with popular smart home ecosystems such as Amazon Alexa, Google Assistant, and Apple?",Request,medium,"Thank you for your inquiry. Our products support integration with Amazon Alexa, Google Assistant, and Apple HomeKit. Compatibility details can differ depending on the specific item; please let us know which models you are interested in. The setup process is generally user-friendly but may require professional installation. We regularly update our software to provide enhanced features. For comprehensive information on compatibility with upcoming updates, please specify the models you are considering.",body,type,priority,answer
Tobi-Bueck/customer-support-tickets,customer_support_tickets_tobi,"Dear Customer Support Team,\n\nI hope this message finds you well. I am reaching out to request clarification about the billing and payment procedures linked to my account. Recently, I observed some inconsistencies in the charges applied and would like to ensure I fully understand the billing cycle, accepted payment options, and any potential extra charges.\n\nFirstly, I would be grateful if you could provide a detailed explanation of how the billing cycle functions. Specifically, I am interested in knowing the start and end dates.\n\nThank you for your assistance regarding these billing inquiries.",Request,low,"We appreciate you reaching out with your billing questions. The billing period generally begins on the first day of the month and concludes on the last day, with payments due by the 10th of the following month. We accept credit cards, bank transfers, and certain online payment services; credit card transactions are typically processed the quickest. Late payments may incur fees based on the due date, and any additional processing charges depend on the chosen payment method. You can review your statements for detailed payment information.",body,type,priority,answer
Tobi-Bueck/customer-support-tickets,customer_support_tickets_tobi,"Dear Support Team,\n\nI hope this message reaches you well. I am reaching out to ask about the compatibility of your products with the specific needs of marketing agencies. Our company is considering adopting these solutions to streamline our current marketing processes and wants to confirm that the products are fully compatible with the tools and platforms we currently utilize.\n\nCould you please supply detailed information regarding the compatibility of your products with popular marketing software, CRM systems, email marketing applications, and analytics platforms? Additionally, I would appreciate any relevant case studies or documentation tailored to our use case.",Problem,medium,"Thank you for your inquiry. Our product supports integration with major CRM, email marketing, and analytics platforms through APIs and customization options. Please specify the tools you are using so we can provide you with detailed documentation and relevant case studies.",body,type,priority,answer
Tobi-Bueck/customer-support-tickets,customer_support_tickets_tobi,"Dear Customer Support,\n\nI hope this message reaches you in good health. I am eager to learn more about the features of one of your products. Would you be able to share comprehensive details about its functionalities, specifications, and any distinctive characteristics it may possess? Additionally, if there are user manuals, tutorials, or demonstration videos available, I would be grateful if you could provide those resources. Gaining a thorough understanding of the features will assist me in making an informed decision regarding the product.\n\nThank you very much for your assistance. I look forward to your prompt reply.\n\nBest regards",Request,high,"Thank you for your inquiry. Please specify which product you are interested in, so I can provide detailed information, features, and relevant resources.",body,type,priority,answer
Tobi-Bueck/customer-support-tickets,customer_support_tickets_tobi,"Dear Customer Support Team,\n\nI am submitting a report regarding multiple system service disruptions that are currently interfering with project operations and client interactions. These interruptions have notably reduced efficiency and caused delays in meeting important deadlines.\n\nInitial assessments suggest that the primary issue may be linked to widespread failures in network hardware connectivity. We have already carried out several basic troubleshooting procedures, such as rebooting devices and performing initial system checks, but the problems persist.",Incident,high,"Thank you for bringing the system disruptions to our attention. We understand the importance of maintaining stable services for project workflows and client communications, and we apologize for the inconvenience caused. To assist us in diagnosing the issue, could you please provide specific details about the affected systems or services, the approximate start time of the outages, and any error messages or logs you've encountered? Additionally, let us know if the outages are impacting users at a single location or across multiple sites.",body,type,priority,answer
Tobi-Bueck/customer-support-tickets,customer_support_tickets_tobi,"Dear Support Team,\n\nI am reporting a recurring issue with the Laser Printer when printing from MacBook Pros running macOS 15. Several team members have recently encountered this problem, which appears to be connected to the latest macOS 15 system updates.\n\nWe believe the root cause might be a driver compatibility issue due to the updated operating systems or printer firmware. To troubleshoot, we have restarted the printers and MacBook devices, reinstalled the printer drivers, and verified configurations.",Incident,medium,"Thank you for reaching out regarding the connectivity problems with the Laser Printer on MacBook Pros after recent macOS 15 updates. We understand how disruptive this can be and appreciate your efforts in troubleshooting so far. To assist you further, please confirm the specific MacBook model and current macOS version you are using (including whether you have iOS devices like iPhones or iPads). Also, provide the model and driver version of the Laser Printer installed. Meanwhile, we recommend...",body,type,priority,answer
Tobi-Bueck/customer-support-tickets,customer_support_tickets_tobi,"Sehr geehrtes Kundensupport-Team,\n\nich hoffe, diese Nachricht trifft Sie wohl. Ich nehme Kontakt auf, um umfassende Informationen zur Architektur der Plattform zu erfragen. Das Verständnis der zugrunde liegenden Struktur, Komponenten und deren Zusammenhänge ist entscheidend, um eine reibungslose Integration zu gewährleisten und die Nutzung der Dienste zu optimieren.\n\nBesonders interessieren mich Details zu den Kernmodulen der Plattform, Datenströmen, Sicherheitsmaßnahmen, Skalierbarkeitsmerkmalen sowie verfügbaren APIs und Schnittstellen zur Anpassung. Zudem wären Einblicke in den Technologiestack sowie die Bereitstellungsumgebung sehr hilfreich.\n\nDer Zugriff auf diese Informationen ermöglicht es dem technischen Team, die Infrastrukturprozesse besser zu planen und zu steuern.",Request,low,"Vielen Dank für Ihre Anfrage. Wir stellen Ihnen die verfügbaren technischen Dokumentationen zur Verfügung. Falls notwendig, lassen Sie uns gern einen passenden Termin mit unseren Spezialisten vereinbaren.",body,type,priority,answer
Tobi-Bueck/customer-support-tickets,customer_support_tickets_tobi,"Sehr geehrtes Kundendienstteam,\n\nich hoffe, diese Nachricht erreicht Sie wohlbehalten. Ich schreibe, um eine Klärung bezüglich des kürzlichen Ausfalls Ihres Dienstes zu bitten, der die Plattform betroffen hat. Nutzer, die auf Ihre Dienste angewiesen sind, benötigen klare Informationen, um die betrieblichen Abläufe planen zu können, und es ist wichtig, den Umfang sowie die Folgen des Ausfalls genau zu verstehen.\n\nKönnten Sie bitte detaillierte Angaben zum Zeitraum des Ausfalls, welche Dienste betroffen waren und ob dabei Daten kompromittiert oder verloren gegangen sind, bereitstellen? Zudem würde ich mich über aktuelle Informationen zu den Maßnahmen freuen, die ergriffen wurden, um zukünftige Vorfälle zu verhindern.\n\nVielen Dank für Ihre Unterstützung und die Klärung der Details.",Request,high,"Vielen Dank, dass Sie uns bezüglich des kürzlichen Serviceausfalls kontaktiert haben. Der Ausfall begann um 9:00 Uhr morgens und wurde um 13:30 Uhr behoben, wodurch die Hauptdatenzugangs- und Messaging-Dienste betroffen waren. Wir bestätigen, dass im betreffenden Zeitraum keine Kundendaten kompromittiert oder verloren wurden. Unser technisches Team hat die Ursache, eine vorübergehende Systemüberlastung, bereits identifiziert und zusätzliche Schutzmaßnahmen sowie Überwachungsprozesse implementiert, um zukünftige Vorfälle zu verhindern. Für spezifische Informationen über das betroffene Konto bitten wir um weitere Details.",body,type,priority,answer
Tobi-Bueck/customer-support-tickets,customer_support_tickets_tobi,"Customer Support,\n\nWe are encountering a disruption in VPN-router connectivity that is impacting several devices, notably essential remote telemedicine systems and EMR integrations. Attempts to resolve the issue by restarting affected devices and resetting the router have been unsuccessful. We suspect the problem may be related to firmware discrepancies following recent network configuration updates. This disruption is significantly affecting our operations, and we urgently need assistance to identify and fix the root cause. Kindly advise on additional troubleshooting steps.",Incident,medium,"Thank you for reporting this problem. Please provide the model of your VPN router, the current firmware version, and details of any recent network modifications. This information will assist us in diagnosing the issue and recommending suitable troubleshooting measures or firmware updates.",body,type,priority,answer
Tobi-Bueck/customer-support-tickets,customer_support_tickets_tobi,"Sehr geehrtes Support-Team,\n\nich möchte Sie auf einen Ausfall der Funktionen unserer SaaS-Plattform aufmerksam machen, den wir momentan erleben. In den letzten Stunden sind mehrere zentrale Features der Plattform langsamer geworden, was die Arbeitsabläufe erheblich beeinträchtigt und die Produktivität verringert.\n\nBesonders betroffen sind die Ladezeiten der Dashboards, es gibt Inkonsistenzen bei der Daten-Synchronisation sowie gelegentliche Fehler im Benutzer-Authentifizierungsprozess. Trotz Versuchen, die Anwendung neu zu starten und den Browser-Cache zu leeren, bestehen die Probleme weiterhin.\n\nDa die Plattform für unsere täglichen Geschäftsprozesse unverzichtbar ist, bitten wir um eine schnelle Bearbeitung dieses Anliegens. Könnten Sie uns bitte Unterstützung bieten?",Incident,medium,"Vielen Dank für Ihre Kontaktaufnahme bezüglich der Probleme mit unserer SaaS-Plattform. Wir verstehen die Dringlichkeit, insbesondere bei den Funktionen der Dashboards, der Datensynchronisierung und der Benutzer-Authentifizierung, und entschuldigen uns für die entstandenen Unannehmlichkeiten. Unser technisches Team arbeitet derzeit an der Analyse der Situation, um die Ursache zu identifizieren und die normale Funktion so schnell wie möglich wiederherzustellen. Wir können momentan keinen genauen Zeitrahmen für die Lösung nennen, werden Sie jedoch umgehend informieren, sobald wir weitere Erkenntnisse haben. In der Zwischenzeit empfehlen wir, die Plattform vorübergehend nur bei dringendem Bedarf zu nutzen, um den Support zu gewährleisten.",body,type,priority,answer
Tobi-Bueck/customer-support-tickets,customer_support_tickets_tobi,"Dear Customer Support Team,\n\nI am submitting a report regarding a technical problem encountered with the Cloud SaaS platform, which is currently disrupting our business activities. I have observed that certain features are not functioning as expected, causing interruptions that hinder workflow efficiency.\n\nIn particular, I am facing sporadic connectivity issues when trying to access the platform. Sometimes, the system fails to load the dashboard, and the data displayed appears outdated or incomplete. Furthermore, the response times for executing commands have significantly increased, resulting in delays.",Problem,medium,"Thanks for providing detailed information about the issue with the Cloud SaaS platform. We apologize for the inconvenience and understand the impact on your business. To assist us further, could you please confirm if the problem is affecting specific user accounts, and share any relevant error messages or screenshots? Also, let us know your current browser and operating system versions. Our technical team is ready to escalate this matter and work towards a swift resolution. Feel free to contact us by phone if needed.",body,type,priority,answer
Tobi-Bueck/customer-support-tickets,customer_support_tickets_tobi,"Dear Customer Support Team,\n\nI hope this message reaches you well. I am writing to request detailed information about the services provided by your agency. Specifically, I am interested in understanding the variety of services available, the pricing models, and any special packages or offers that might be applicable.\n\nAdditionally, I would appreciate it if you could send brochures, service contracts, and case studies highlighting your previous work and client success stories. This information will greatly help me in making an informed decision.",Request,high,"Thank you for your interest in our agency's services. We offer a comprehensive selection of solutions including digital marketing, brand management, content creation, and campaign planning. Our pricing is flexible; standard packages can be customized to meet specific client requirements, and we often have special promotions. We are happy to send brochures, service agreements, and case studies that showcase our clients' successes. Please reply with your preferred email address to receive these materials. We look forward to assisting you through the onboarding process.",body,type,priority,answer
Tobi-Bueck/customer-support-tickets,customer_support_tickets_tobi,"Dear Customer Support Team,\n\nI hope this message reaches you well. I am reaching out to request help with a problem I am experiencing. Unfortunately, I am not entirely sure how to clearly describe the issue, which makes it difficult to specify the exact nature of the problem.\n\nWhen I try to use the service, I observe unexpected behavior and cannot identify the precise cause. There are error messages and notifications, which make it challenging to provide a detailed description. I have attempted basic troubleshooting steps, such as restarting the application and checking for updates.",Incident,medium,"Thank you for providing details about the issue. To assist you further, could you please describe the unexpected behavior you have observed while using the service? If possible, include the steps you took that led to the problem and attach relevant screenshots. Additionally, please inform us about your device type, operating system, and application version. This information will help us investigate and resolve the issue more efficiently.",body,type,priority,answer
Tobi-Bueck/customer-support-tickets,customer_support_tickets_tobi,"Dear Customer Support Team,\n\nI hope this message reaches you in good health. I am writing to request detailed information about the spectrum of products provided by your financial institution. As a potential client, I am particularly eager to learn about the features, advantages, and terms linked to your investment and savings offerings.\n\nWould you be able to send comprehensive brochures or documentation that specify the details of your products? I am interested in information regarding account types, interest rates, fees, minimum deposit amounts, and any current promotional deals.",Request,medium,"Thank you for your interest in our financial products. We offer a diverse selection of investment and savings solutions tailored to various needs, including high-yield savings accounts, fixed-term deposits, mutual funds, and retirement plans. Each product features specific benefits, interest rates, fees, minimum deposit requirements, and caters to different risk levels suitable for various customer profiles. We will provide detailed brochures that cover all these aspects, along with information on our current promotional offers.",body,type,priority,answer
Tobi-Bueck/customer-support-tickets,customer_support_tickets_tobi,"Dear Customer Support Team,\n\nI am reaching out to request comprehensive details on optimizing marketing workflows across multiple departments by utilizing advanced analytics, automation, and centralized account management. Our organization aims to improve campaign coordination and boost performance metrics across various marketing channels, believing that implementing such strategies will greatly enhance our overall marketing success.\n\nIn particular, I would like to understand the best practices for integrating data analytics tools that offer real-time insights across different teams.",Request,high,"Thank you for your inquiry, <name>. To provide relevant assistance, could you please specify which analytics and automation tools your teams are currently using? This will enable us to suggest compatible solutions, effective practices, and relevant case studies tailored to your environment.",body,type,priority,answer
Tobi-Bueck/customer-support-tickets,customer_support_tickets_tobi,"Dear Customer Support Team,\n\nI hope this message reaches you well. I am writing to request detailed information about your marketing offerings. Our company is currently considering new marketing approaches to strengthen our brand visibility and boost customer engagement, and we are keen to understand the array of services your team provides.\n\nSpecifically, I would like to learn about the various marketing packages available, including digital marketing solutions such as social media management, email marketing campaigns, and search engine optimization.",Request,medium,"Thank you for your interest in our marketing solutions. We offer a variety of digital and traditional marketing packages, including social media management, SEO, email marketing, content development, print advertising, and more. Our pricing is adaptable, allowing us to create customized plans that suit your specific business requirements. We can also provide case studies relevant to your industry upon request. Please share your industry, business objectives, and budget preferences so we can deliver tailored information.",body,type,priority,answer
Tobi-Bueck/customer-support-tickets,customer_support_tickets_tobi,"Dear Customer Support Team,\n\nI hope this message finds you well. I am reaching out to request detailed details regarding the schedule and scope of upcoming service disruptions and maintenance activities that could affect access to critical systems, particularly big data repositories, analytical models, and automated investment platforms. Understanding the timing and duration of these events is crucial for us to plan accordingly and minimize potential operational interruptions.\n\nCould you please provide a thorough overview of the planned maintenance?",Request,medium,"Thank you for reaching out about the upcoming service disruptions and maintenance schedules. The scheduled outages and maintenance windows in the near future are expected to impact big data lakes, analytical models, and automated investment platforms. Maintenance plans will include advance notifications with detailed information about the timing, affected components, expected downtime, and recommended preparations. For urgent issues during maintenance periods, you may contact our support hotline at <tel_num> to reach the designated support team.",body,type,priority,answer
Tobi-Bueck/customer-support-tickets,customer_support_tickets_tobi,"Dear Customer Support Team,\n\nI hope this message reaches you well. I am writing to request improvements to our existing big data analytics infrastructure. Our goal is to enhance support for advanced machine learning models developed in Python, enable automated rebalancing of investment portfolios, and customize ESG (Environmental, Social, and Governance) investment strategies tailored specifically for institutional clients.\n\nAt present, our system manages large data sets and aims to incorporate complex machine learning algorithms to deliver real-time analytics efficiently.",Change,high,"Thank you for sharing your upgrade proposals. To provide an accurate timeline for assessment, could you please specify the current setup of your platform and preferred technology stacks? This information will help us evaluate feasibility, required resources, and outline the subsequent steps.",body,type,priority,answer
Tobi-Bueck/customer-support-tickets,customer_support_tickets_tobi,"Dear Customer Support Team,\n\nI hope this message reaches you in good health. I am seeking comprehensive instructions on how to effectively integrate Seagate Expansion Desktop 6TB drives into healthcare storage solutions. My main priority is to guarantee that data management and storage procedures fully adhere to HIPAA and GDPR standards.\n\nCould you please share your suggestions for the best configuration of these drives within a healthcare setting? In particular, I am keen to learn about secure setup options that can assist in maintaining compliance.",Request,high,"Thank you for your query. To provide precise advice, please specify your operating system and storage environment. We recommend implementing hardware encryption, enforcing strict access controls, performing regular firmware updates, and adopting secure backup practices to ensure compliance with HIPAA and GDPR regulations.",body,type,priority,answer
Tobi-Bueck/customer-support-tickets,customer_support_tickets_tobi,"Dear Customer Support,\n\nWe are encountering a problem where employees are unable to open Excel, PowerPoint, and other Office programs on MacBook Air devices, despite having valid licenses. The issue started after a recent macOS update, which we suspect may have caused compatibility problems, possibly due to expired authentication tokens.\n\nTo attempt a fix, we rebooted the laptops, tried repairing Office, and re-entered Microsoft credentials. Regrettably, none of these actions resolved the issue, and the applications still cannot be accessed.\n\nWe would",Incident,high,"Thank you for providing a detailed explanation of the issue. To assist you further, please specify any error messages encountered when launching Office applications. Also, verify whether your macOS version is up to date and confirm that the latest versions of Microsoft Office are installed. Since immediate access is critical, we can schedule a call at a convenient time to guide you through advanced troubleshooting steps. Please let us know your availability and any additional information.",body,type,priority,answer
Tobi-Bueck/customer-support-tickets,customer_support_tickets_tobi,"Dear Customer Support Team,\n\nI hope this message reaches you well. I am reaching out to request detailed billing details and payment options for a QuickBooks Online subscription. Specifically, I am interested in understanding the available plans, their pricing structures, and any tailored options for institutional clients within the financial services industry. It would be helpful to receive documentation on invoicing procedures, payment timelines, discounts, and any special terms applicable to organizations like ours.\n\nAdditionally, please",Request,medium,"Thank you for reaching out to us regarding your QuickBooks Online subscription inquiry. We are pleased to assist you with detailed billing information and payment options tailored for institutional clients in the financial services sector. QuickBooks Online offers several subscription tiers with varying features; institutional pricing discounts may also be available based on your organization's size and specific needs. We will send comprehensive documentation covering current plans, pricing details, invoicing processes, payment schedules, and any applicable discounts or special terms.",body,type,priority,answer
Tobi-Bueck/customer-support-tickets,customer_support_tickets_tobi,"Dear Customer Support,\n\nWe are experiencing extensive connectivity problems impacting numerous devices throughout the office. The issues have been observed with headsets, printers, and workstations all at once, significantly disrupting daily activities. Our initial investigation indicates that the cause may be a network outage or a misconfiguration within the system infrastructure.\n\nOur team has already tried several troubleshooting methods, including rebooting affected devices and swapping hardware components, but unfortunately, these efforts did not resolve the disruptions.",Incident,medium,"Thank you for providing details about the connectivity problems affecting various devices. To assist you further, could you please specify whether the network outage affects both wired and wireless connections, and if any error messages are displayed on the devices? Also, kindly inform us of any recent modifications to your network configuration or infrastructure. If possible, please share relevant network logs or screenshots. We will prioritize your case and, if necessary, arrange a call at your convenience to accelerate the troubleshooting process.",body,type,priority,answer
Tobi-Bueck/customer-support-tickets,customer_support_tickets_tobi,"Dear Customer Support Team,\n\nI am reaching out to report persistent issues with network connectivity that are significantly disrupting my workflow. I've observed sporadic interruptions across several devices, which I believe may be caused by a malfunctioning repeater or potential interference from other devices within the network configuration.\n\nIn an attempt to resolve the problem, I have already taken several measures, such as restarting the affected equipment and repositioning the repeater to different locations within the premises. Despite these efforts, the connectivity issues persist.",Incident,medium,"Thank you for reaching out to us, <name>. We understand the importance of reliable and stable network connectivity. Currently, widespread problems with repeaters and interference in the environment are being reported. To assist you further, could you please specify which devices are impacted, provide details about your network setup, and mention any recent modifications? If possible, kindly share relevant error logs. We are prepared to guide you through advanced troubleshooting procedures.",body,type,priority,answer
Tobi-Bueck/customer-support-tickets,customer_support_tickets_tobi,"Sehr geehrtes Support-Team,\n\nich möchte ein Verbindungsproblem melden, das meinen Account im Management Hub betrifft. Trotz mehrmaliger Versuche, auf den Hub zuzugreifen, wird die effiziente Verwaltung meines Kontos behindert. Das Problem besteht bereits seit einiger Zeit. Ich habe grundlegende Fehlerbehebungsmaßnahmen wie Neustart des Geräts und Überprüfung der Internetverbindung durchgeführt, jedoch ohne Erfolg. Ich würde eine schnelle Unterstützung bei der Diagnose und Lösung des Problems sehr schätzen, um den vollen Zugriff auf den Management Hub wiederzuerlangen. Bitte informieren Sie mich.",Problem,high,"Vielen Dank, dass Sie sich wegen der Verbindungsstörung im Account Management Hub an uns gewandt haben. Ich verstehe, dass ein ununterbrochener Zugriff für Sie essenziell ist, und schätze, dass Sie bereits grundlegende Fehlerbehebungen vorgenommen haben. Könnten Sie uns bitte weitere Details zum Fehler mitteilen? Zum Beispiel, erhalten Sie eine bestimmte Fehlermeldung, oder lädt die Seite einfach nicht? Bitte teilen Sie außerdem mit, welches Browser- oder Gerätetyp Sie verwenden und ob das Problem auf mehreren Geräten oder in verschiedenen Netzwerken auftritt.",body,type,priority,answer
Tobi-Bueck/customer-support-tickets,customer_support_tickets_tobi,"Dear Customer Support Team,\n\nI am reaching out to request help with a problem I am facing on my PC. Recently, the audio hardware is no longer being recognized by the system. Despite several troubleshooting efforts, such as reconnecting the device, updating the drivers, and restarting the computer, the issue persists. This problem has made the audio output completely unusable, impacting my ability to listen to media and participate in video calls.\n\nI have checked the Device Manager, and the audio hardware appears in the list of devices, with the connections confirmed.",Problem,low,"Thank you for reaching out to us, <name>. Since the audio hardware is detected in Device Manager and drivers have been updated and the system restarted, please ensure the device is securely connected and try using a different port or cable. If you have a removable audio card, reseat it if possible. If these steps help, please let us know the specific model of your audio device, whether it is built-in or external, so we can provide more targeted assistance.",body,type,priority,answer
Tobi-Bueck/customer-support-tickets,customer_support_tickets_tobi,"Sehr geehrter Kundendienst,\n\nich bitte um umfassende Details zu den Sicherheitsmaßnahmen bei EMR/PACS-Integrationen mit IoT-Medizinprodukten. Besonders wichtig sind mir die Einhaltung von Compliance-Standards, der Schutz der Privatsphäre der Patienten sowie der Datenschutz. Könnten Sie außerdem Einblicke in Ihre 24/7-Incident-Response-Protokolle geben? Ich möchte wissen, wie Ihr Team schnell und effizient auf potenzielle Sicherheitsgefahren reagiert, um die Zuverlässigkeit Ihrer Dienste einschätzen zu können.\n\nBitte fügen Sie auch Zertifizierungen und regulatorische Rahmenwerke bei, die Ihre Lösungen erfüllen, beispielsweise HIPAA oder GDPR. Eine Beschreibung Ihrer Überwachungssysteme und Reaktionsstrategien wäre ebenfalls sehr hilfreich.",Request,low,"Vielen Dank für Ihre Anfrage. Unsere EMR/PACS-Integrationslösungen mit IoT-Medizinprodukten erfüllen alle relevanten Standards wie HIPAA, GDPR sowie ISO 27001. Wir setzen End-to-End-Verschlüsselung, sichere Zugriffskontrollen und eine kontinuierliche Netzwerküberwachung ein. Unser 24/7-Incident-Response-Team folgt klar definierten Eskalationsprotokollen, um Sicherheitsbedrohungen schnell zu erkennen und zu behandeln, wodurch Risiken minimiert werden. Detaillierte Protokolle der Vorfälle werden geführt, und im Falle von Verstößen werden unsere Kunden umgehend benachrichtigt. Falls Sie weitere Informationen oder Dokumentationen zu Zertifizierungen benötigen, teilen Sie uns bitte Ihre genauen Anforderungen mit, wir stellen diese gern bereit.",body,type,priority,answer
Tobi-Bueck/customer-support-tickets,customer_support_tickets_tobi,"Dear Customer Support Team,\n\nI hope this message reaches you in good health. I am seeking help regarding an issue with connecting my Bose headset to my QNAP NAS device. Despite numerous efforts to establish a reliable connection, I am unable to get the headset to function correctly with the NAS, which is causing considerable disruptions to my daily activities.\n\nI have verified that both devices are running the latest firmware and software updates. I also attempted to reconnect and restart the devices multiple times,",Incident,medium,"Thank you for reaching out. Could you specify whether you are trying to connect the Bose headset to the QNAP NAS via Bluetooth, USB, or another method? This will help us provide more precise assistance.",body,type,priority,answer
Tobi-Bueck/customer-support-tickets,customer_support_tickets_tobi,"Currently facing sporadic connectivity difficulties with the cloud-native SaaS system. The suspected reason appears to be linked to orchestration resource distribution within Kubernetes-managed microservices. After restarting the affected services and examining deployment logs, the issue continues. Further investigation and escalation are required to resolve this matter swiftly.",Incident,medium,We appreciate you bringing this to our attention. We are escalating the issue to the infrastructure team and will share their findings as soon as possible.,body,type,priority,answer
Tobi-Bueck/customer-support-tickets,customer_support_tickets_tobi,"Customer Service, I am reaching out to report an issue with the billing payment process on my account. Recently, there have been inconsistencies in the billed amounts and delays in confirming payments. This problem is causing inconvenience, and I would be grateful for quick support to resolve it. Please inform me if you need further details from my side to examine the matter. Thank you for your understanding and assistance.",Problem,medium,"Thank you for contacting us about the discrepancies and delays observed in the billing payment process. We apologize for any inconvenience this may have caused. To help us assist you efficiently, could you please provide your account number, along with the specific dates, amounts, and transactions in question? This information will enable us to swiftly investigate and identify the discrepancies. If additional verification is necessary, we might request further details. If you prefer to discuss this over the phone, please let us know a convenient time for a call. We appreciate your cooperation.",body,type,priority,answer
Tobi-Bueck/customer-support-tickets,customer_support_tickets_tobi,"Dear Customer Support Team,\n\nI hope this message finds you well. I am reaching out to request detailed documentation related to the CI/CD pipeline employed in the current project. Comprehensive information on setup procedures, configurations, and best practices would be immensely helpful for our development team to optimize workflows and ensure seamless deployment processes.\n\nIn particular, I am interested in understanding the steps involved in the pipeline, the tools and technologies integrated, as well as recommended guidelines for maintenance and troubleshooting. Additionally, if there are sample configuration templates available, please share those as well.",Request,low,"Thank you for reaching out regarding the CI/CD pipeline documentation. Please provide relevant comprehensive materials. Could you specify the project environment you are referring to? Also, let us know which tools or platforms your team is using, such as Jenkins, GitLab, or others. Once we have this information, we can send detailed documentation covering setup, configuration, best practices, and sample templates. Please inform us of any access requirements or necessary steps. We look forward to your response to proceed further.",body,type,priority,answer
Tobi-Bueck/customer-support-tickets,customer_support_tickets_tobi,"Dear Customer Support Team,\n\nI am reaching out to report a persistent problem with my Mini-Projector during conference setup. Despite multiple troubleshooting attempts, the device's video output remains unrecognized. I suspect the issue may be related to compatibility problems with the Ubuntu 22.04 LTS operating system.\n\nTo clarify: I have confirmed that both the Mini-Projector system and Ubuntu 22.04 LTS are fully updated with the latest firmware and software. Initially, there was a video output when connecting the device for the conference presentation. However, subsequent attempts have failed to produce the display.\n\nThank you for your assistance in resolving this issue with Ubuntu 22.04 LTS. To help us better assist you, please provide the exact model of your Mini-Projector, the type of connection used (HDMI, USB-C, etc.), and confirm whether the device functions correctly with other operating systems. If possible, kindly include logs or screenshots related to the display issue from your Ubuntu system. This information will help us recommend the most effective solution.",Incident,high,"Thank you for contacting us regarding the Mini-Projector issue with Ubuntu 22.04 LTS. To assist you further, please specify the exact model of your Mini-Projector and the connection type (such as HDMI, USB-C, etc.) you are using, and confirm whether the device operates properly with other operating systems. If feasible, kindly send us logs or screenshots related to the display problem on your Ubuntu system. This information will enable us to suggest the most suitable fix.",body,type,priority,answer
Tobi-Bueck/customer-support-tickets,customer_support_tickets_tobi,"Dear Customer Support Team,\n\nI hope this message finds you well. I am writing to report an ongoing issue with the connection of my smart device within the system. Over the past few days, I have encountered frequent disruptions that have significantly compromised the device's ability to stay connected to the network consistently.\n\nInitially, the device functioned perfectly and integrated smoothly with the system. However, lately, it has been disconnecting sporadically without any clear reason. This connectivity failure is affecting the overall performance and usability of the device.",Incident,low,"Thank you for reaching out regarding the connectivity problem with your smart device. To assist you further, could you please provide the device model and serial number, as well as any recent modifications made to the system? If possible, please also share any error messages or logs you have observed. With this information, I can recommend specific troubleshooting steps or arrange a call if necessary. We look forward to resolving this issue quickly for you.",body,type,priority,answer
Tobi-Bueck/customer-support-tickets,customer_support_tickets_tobi,"Dear Customer Support Team,\n\nI hope this message reaches you well. I am reaching out to request detailed information about the billing procedure. The customer wishes to gain a clearer understanding of how billing is managed from beginning to end, including critical dates, charges, accepted payment options, and the handling of adjustments or disputes.\n\nIn particular, I am interested in understanding the timeline of billing cycles, when invoices are issued and sent, and the expected deadlines for payments. Additionally, it would be helpful to know about any penalties for late payments.\n\nThank you for your assistance.",Request,low,"We appreciate your inquiry about the billing process. Invoices are issued at the start of each billing cycle and are sent via email, with payment due within 30 days. Accepted payment methods include credit card, bank transfer, and PayPal. Late payments may attract a fee of 2% per month. For billing errors or disputes, please contact us with supporting information so we can investigate and process any necessary credits or refunds. Feel free to reach out if you need further assistance.",body,type,priority,answer
Tobi-Bueck/customer-support-tickets,customer_support_tickets_tobi,"Dear Customer Support Team,\n\nWe are facing repeated system failures that are significantly impairing EMR/PACS integrations as well as telemedicine platforms. Despite our prompt attempts to restart the affected equipment and activate incident response procedures, the problems persist and continue to interfere with essential healthcare functions.\n\nOur preliminary investigations indicate that the underlying issues might be related to hardware malfunctions or possible security breaches. We have taken immediate measures to isolate the affected areas, but the systems are still not stable.",Incident,high,"Thank you for reporting these urgent outages. To assist you promptly, could you please provide specific error messages, the names of the impacted systems, and any recent modifications to your environment? For immediate phone support, kindly share a suitable contact number and preferred time for a call.",body,type,priority,answer
Tobi-Bueck/customer-support-tickets,customer_support_tickets_tobi,"Dear Customer Support Team,\n\nI am urgently reporting a series of severe outages impacting several key devices critical to our operations. These disruptions are severely hindering our ability to maintain normal business activities and demand immediate intervention.\n\nThe affected devices include network switches, corporate laptops, and vital cloud-based software applications. The issues seem to originate from a potential infrastructure fault, and initial troubleshooting has involved hardware resets.",Incident,high,"Thank you for reporting these urgent outages, <name>. To assist you swiftly, please provide the serial numbers of the devices, current error messages, recent modifications to your environment, and details of your cloud service accounts. Upon receipt, we will escalate the case and initiate a detailed investigation. If necessary, inform us of a suitable time for a call to discuss further.",body,type,priority,answer
Tobi-Bueck/customer-support-tickets,customer_support_tickets_tobi,"Dear Customer Support Team,\n\nI am reaching out to request an update on the structural details of our organization. The current records reflect information about the marketing agency, which has recently experienced several significant changes. To ensure our records accurately depict the current operations, I would appreciate your assistance in updating the information.\n\nFirst, I would like to clarify the refined roles within the various departments of the agency. Each department now has clearly defined responsibilities aimed at enhancing efficiency and accountability. For instance, the Creative Department is now dedicated solely to content creation.",Change,medium,"Thank you for informing us about the recent changes in the marketing agency's organizational structure. We appreciate the detailed overview of the updated departmental roles, technology integrations, enhanced client management procedures, and data-driven marketing strategies. To ensure our records are completely accurate, could you please provide official documentation such as organizational charts outlining the new structure? Additionally, if there have been updates regarding key contacts or departmental points of contact, kindly share that information with us.",body,type,priority,answer
Tobi-Bueck/customer-support-tickets,customer_support_tickets_tobi,"Dear Customer Support,\n\nI am looking for comprehensive instructions on how to configure and integrate the Smart Water Leak Detectors within a healthcare setting. Specifically, I require details on compliance considerations connected to EMR and PACS systems to guarantee continuous monitoring. Any technical documentation or best practices to facilitate the integration process would be highly valued.\n\nThank you for your assistance.\n\nBest regards,\n[Your Name]",Request,high,"Thank you for your inquiry regarding the integration of Smart Water Leak Detectors within healthcare systems. To provide precise guidance, please specify the particular EMR and PACS platforms involved, as integration procedures can differ. Typically, these sensors utilize standard communication protocols such as MQTT or HTTP, and the technical documentation includes information on relevant API endpoints, data encryption, and security measures to meet regulatory standards. For round-the-clock monitoring, we recommend...",body,type,priority,answer
Tobi-Bueck/customer-support-tickets,customer_support_tickets_tobi,"Sehr geehrter Kundendienst,\n\nich erfahre wiederholte Fehler bei der Datenübertragung mit meiner Crucial MX500 1TB SSD. Das Problem trat kürzlich nach einem Betriebssystem-Update auf und scheint auf Kompatibilitätsprobleme hinzuweisen. Ich habe bereits mehrere Schritte zur Fehlerbehebung unternommen, darunter den Neustart des Computers, ein Firmware-Update der SSD, den Austausch des Datenkabels, doch das Problem besteht weiterhin. Die Übertragung stoppt entweder abrupt, schlägt fehl oder kann nicht erfolgreich abgeschlossen werden. Könnten Sie bitte bei der Diagnose und Lösung des Problems behilflich sein? Eine Anleitung zu empfohlenen Maßnahmen wäre sehr hilfreich.",Incident,medium,"Vielen Dank, dass Sie sich wegen des Problems mit Ihrer Crucial MX500 SSD an uns gewandt haben. Um Ihnen bestmöglich weiterhelfen zu können, teilen Sie uns bitte die Version Ihres Betriebssystems mit sowie Informationen darüber, ob die SSD intern installiert oder in einem externen Gehäuse verwendet wird. Falls vorhanden, geben Sie bitte auch spezifische Fehlermeldungen an, die bei den fehlgeschlagenen Übertragungen erscheinen. Das erleichtert es uns, gezielte Lösungsschritte zur Fehlerbehebung vorzuschlagen.",body,type,priority,answer
Tobi-Bueck/customer-support-tickets,customer_support_tickets_tobi,"Dear Customer Support Team,\n\nI hope this message finds you well. I am currently in the process of integrating the Smart-Türklingel video doorbells with Google Nest Wifi Routers into our existing Data Engineering infrastructure. Our objective is to enable secure, real-time analytics and automated monitoring to improve operational efficiency and security.\n\nWe would greatly value comprehensive guidance on the integration process, including suggested APIs, security measures, and configuration options to ensure smooth data transmission.",Request,medium,"Thank you for reaching out regarding the integration of Smart-Türklingel video doorbells with Google Nest Wifi Routers into your Data Engineering setup. To provide customized assistance, could you please share details about your data engineering platform, preferred programming language, and whether you need an on-premises or cloud-based integration? Additionally, please inform us of any regulatory compliance requirements. With this information, we can recommend appropriate APIs, security protocols, configuration settings, and tools to facilitate real-time data transfer.",body,type,priority,answer
Tobi-Bueck/customer-support-tickets,customer_support_tickets_tobi,"Sehr geehrter Support,\n\nich wende mich an Sie, um Probleme mit der Netzwerkverbindung zu melden, die mehrere Geräte unserer Agentur betreffen. Diese Geräte verlieren sporadisch die Verbindung zum Netzwerk, was zu erheblichen Störungen in unseren Arbeitsprozessen führt.\n\nWir vermuten, dass die Ursache in einer Fehlkonfiguration der Aruba 2530 Switches liegt, möglicherweise in Firmware-Konflikten oder beschädigtem Kabelmaterial. Um das Problem zu beheben, haben wir bereits den Switch neu gestartet, die Kabelverbindungen sorgfältig geprüft und die Gerätetreiber der betroffenen Geräte aktualisiert. Trotz dieser Maßnahmen besteht das Problem weiterhin.\n\nAngesichts der kritischen Situation",Incident,medium,"Vielen Dank, dass Sie die bereits durchgeführten Schritte zur Fehlerbehebung bei den Verbindungsproblemen mit den Aruba 2530 Switches geschildert haben. Um weiterhelfen zu können, bitten wir Sie, die aktuelle Firmware-Version der Switches, Details zu kürzlichen Konfigurationsänderungen sowie die Protokolle der betroffenen Geräte bereitzustellen. Es wäre außerdem hilfreich zu wissen, ob die Verbindungsverluste nur bestimmte Ports oder VLANs betreffen oder den gesamten Switch. Falls Fehlermeldungen oder relevante Einträge in den Switch-Protokollen sichtbar sind, teilen Sie uns diese bitte mit. Sobald wir diese Informationen haben, können wir das Problem genauer analysieren und die nächsten Schritte planen.",body,type,priority,answer
Tobi-Bueck/customer-support-tickets,customer_support_tickets_tobi,"Dear Customer Support,\n\nI have recently been notified of attempts at unauthorized entry into my IoT gadgets. This has raised significant worries about the security of my home network. I would be grateful for immediate help in examining this issue to ensure my devices are fully secured. Please advise on additional security protocols I can implement and keep me informed about any updates related to this problem. Thank you for your swift response to this urgent security matter.\n\nSincerely,\n[Your Name]",Problem,low,"We appreciate your reaching out regarding the alert of unauthorized access to your IoT devices. Kindly specify the device models and provide the exact alert details you've received so we can proceed with a thorough investigation. In the meantime, we suggest changing your device passwords, updating their firmware, and enabling two-factor authentication where possible. Feel free to ask for step-by-step guidance on these security measures if needed.",body,type,priority,answer
Tobi-Bueck/customer-support-tickets,customer_support_tickets_tobi,"Sehr geehrtes Kundensupport-Team,\n\nich hoffe, diese Nachricht erreicht Sie wohlbehalten. Ich möchte detaillierte Informationen bezüglich der Kompatibilität Ihrer Sicherheitsintegrationsprodukte für EMR/PACS- und Telemedizin-Plattformen anfragen. Besonders interessiert mich, inwiefern Ihre Lösungen den wichtigen Gesundheitsvorschriften HIPAA, GDPR sowie ISO 27001 entsprechen. Aufgrund der kritischen Bedeutung des Einsatzes dieser Technologien im Gesundheitswesen ist es unerlässlich, die Einhaltung aller Vorschriften sowie robuste Sicherheitsmaßnahmen zu gewährleisten.\n\nKönnten Sie bitte technische Dokumentationen und Spezifikationen bereitstellen, die die Fähigkeiten Ihrer Produkte in den jeweiligen Bereichen umreißen? Zusätzlich",Request,high,"Vielen Dank für Ihre Anfrage bezüglich der Kompatibilität und Sicherheitsintegration unserer Produkte für EMR/PACS- und Telemedizin-Plattformen. Unsere Lösungen sind so konzipiert, dass sie eine sichere Interoperabilität mit führenden Gesundheitssystemen gewährleisten und den Gesundheitsvorschriften HIPAA, GDPR sowie ISO 27001 entsprechen. Wir verfügen über aktuelle Zertifizierungen und haben alle relevanten Audits erfolgreich abgeschlossen. Gerne senden wir Ihnen technische Dokumentationen, Spezifikationen sowie Best-Practice-Leitfäden zur Compliance und Integration zu. Falls bestimmte Plattformen oder Arbeitsabläufe für Sie relevant sind, lassen Sie es uns bitte wissen, damit wir die passendsten Informationen bereitstellen können.",body,type,priority,answer
Tobi-Bueck/customer-support-tickets,customer_support_tickets_tobi,"Sehr geehrtes Support-Team,\n\nich hoffe, diese Nachricht erreicht Sie wohlbehalten. Ich möchte einige Bedenken hinsichtlich der aktuellen Effizienz des Incident-Response-Workflows äußern. Unser Team hat festgestellt, dass der Ablauf zwar grundsätzlich funktioniert, jedoch erwarten wir, dass Verzögerungen bei der Behebung kritischer Probleme die gesamte operative Leistungsfähigkeit beeinträchtigen.\n\nVor allem erscheint der Kommunikationsfluss bei Vorfällen unstrukturiert, was zu Verwirrung führt und die Lösungszeiten verlängert. Zudem fehlt es an einer klaren Priorisierung bei automatisierten Eskalationswegen, was dazu führt, dass wichtige Vorfälle nicht umgehend bearbeitet werden.",Problem,medium,"Vielen Dank, dass Sie Ihre Bedenken bezüglich der Incident-Response-Prozesse mit uns teilen. Wir verstehen, wie entscheidend eine effiziente Kommunikation und eine klare Priorisierung sind, um Ausfallzeiten zu minimieren und die Servicequalität aufrechtzuerhalten. Um Ihnen weiterhelfen zu können, bitten wir Sie, konkrete Beispiele oder kürzlich aufgetretene Vorfallnummern anzugeben, bei denen Verzögerungen oder Unklarheiten aufgetreten sind. Dies wird uns helfen, mögliche Schwachstellen im Ablauf zu identifizieren. Vorübergehend empfehlen wir die Einführung automatischer Ticketpriorisierung sowie definierter Eskalationspfade auf einer zentralen Kommunikationsplattform, um die Koordination zu verbessern. Wir würden uns freuen, einen Termin mit Ihnen zu vereinbaren.",body,type,priority,answer
Tobi-Bueck/customer-support-tickets,customer_support_tickets_tobi,"Sehr geehrtes Support-Team,\n\nich hoffe, diese Nachricht erreicht Sie wohlbehalten. Ich schreibe, um mich nach individuell zugeschnittenen Anlagestrategien zu erkundigen, die Ihr Unternehmen anbietet. Ich möchte verstehen, wie personalisierte Anlagestrategien funktionieren und welche Optionen zur Verfügung stehen, um verschiedene finanzielle Ziele und Risikotoleranzen zu erfüllen.\n\nKönnten Sie bitte ausführliche Informationen zu den Arten der Strategien bereitstellen, die Sie Investoren mit unterschiedlichen Zielsetzungen empfehlen? Zudem würde ich gern Einblicke erhalten, wie Ihr Team Strategien auf der Grundlage individueller Kundenprofile und aktueller Marktbedingungen entwickelt.",Request,low,"Vielen Dank für Ihre Anfrage bezüglich maßgeschneiderter Anlagestrategien. Unser Ziel ist es, Kunden bei der Optimierung ihrer Portfolios im Einklang mit ihren finanziellen Zielen und Risikobereitschaft zu unterstützen.\n\nUnser Prozess beginnt mit einer umfassenden Beratung, bei der wir Ihre finanzielle Lage, Anlageziele, Risikotoleranz und den gewünschten Zeithorizont verstehen. Anschließend empfehlen wir Strategien, die auf Diversifikation, Wachstums- und Einkommensinvestitionen sowie alternative Vermögenswerte abgestimmt sind, um individuell auf Ihr Profil einzugehen. Beispielsweise könnten konservative Anleger von risikoarmen, stabilen Anlagen profitieren, während risikofreudigere Investoren auf Wachstumschancen setzen können.",body,type,priority,answer
Tobi-Bueck/customer-support-tickets,customer_support_tickets_tobi,"Dear Support Team,\n\nWe are currently experiencing several disruptions across our products, which are affecting scanning capabilities, device connections, and access to cloud functionalities. These issues seem to be linked to a failure in the Kubernetes orchestration CI/CD pipeline. We have attempted to resolve the problem by restarting services and redeploying the impacted pods, but the issues continue. We urgently require assistance to identify and address the root cause to restore full service operation.\n\nThank you for your prompt attention to this matter.",Incident,high,"Thank you for reaching out regarding the ongoing disruptions affecting scanning, device connectivity, and cloud services. We appreciate the efforts already made in restarting services and redeploying pods. To further assist, could you please share specific error messages, logs from the affected services and pods? Additionally, inform us of the current versions of Kubernetes, CI/CD tools, and related systems in use. If you prefer to discuss this over the phone, please let us know a convenient time.",body,type,priority,answer
Tobi-Bueck/customer-support-tickets,customer_support_tickets_tobi,"Dear Customer Service Team,\n\nI am reaching out to request modifications to the marketing firm's framework. I wish to incorporate new technologies to broaden our existing offerings, including data-centric analytics, video production, and user experience design. Furthermore, improving account management features is a priority to better assist our clients. Our goal is to adopt growth hacking tactics centered on emerging platforms to remain competitive and innovative. Kindly inform us of the necessary procedures to implement these updates and available support options.",Change,high,"Thank you for your inquiry. Please share the current structure of your agency, your preferred timeline, and any specific steps or support options you require to proceed.",body,type,priority,answer
Tobi-Bueck/customer-support-tickets,customer_support_tickets_tobi,"Dear Support Team,\n\nI hope this message reaches you well. I am reaching out to request comprehensive details about customized rule-driven investment methods, with a specific focus on integrating ESG (Environmental, Social, Governance) analytics alongside Python-based machine learning models. Our organization is exploring sophisticated investment solutions tailored for institutional clients and high-net-worth individuals, and we believe your expertise could align well with our strategic objectives.\n\nCould you kindly provide this information?",Request,medium,"We appreciate your inquiry about customized rule-driven ESG investment strategies that incorporate Python-based machine learning. Our offerings include a range of solutions tailored for institutional clients and high-net-worth individuals, utilizing advanced ESG analytics and adaptive machine learning models to inform investment decisions. We can supply detailed product descriptions, onboarding procedures, and relevant documentation. Please let us know your preferred contact details and a convenient time for a call. In the meantime, we will share case studies for your review.",body,type,priority,answer
Tobi-Bueck/customer-support-tickets,customer_support_tickets_tobi,"Sehr geehrtes Support-Team,\n\nich hoffe, diese Nachricht erreicht Sie wohl. Ich schreibe, um mich über den Ablauf der Rückgabe eines Produkts zu informieren, das ich kürzlich erworben habe. Leider hat der Artikel nicht meinen Erwartungen entsprochen aufgrund von Problemen, und ich möchte die notwendigen Schritte verstehen, um eine Rückgabe einzuleiten.\n\nKönnten Sie mir bitte ausführliche Informationen zu Ihrer Rückgaberichtlinie zukommen lassen, inklusive etwaiger Fristen, Voraussetzungen, die das Produkt erfüllen muss, sowie spezielle Dokumente, die im Original verpackten Artikel beizulegen sind? Außerdem wäre ich dankbar für Hinweise zum Rücksendeprozess.",Request,medium,"Vielen Dank, dass Sie uns bezüglich der Rücksendung kontaktiert haben. Bitte teilen Sie uns Ihre Bestellnummer und Produktdetails mit, damit wir Ihnen weiterhelfen können. Rücksendungen werden innerhalb von 30 Tagen akzeptiert, vorausgesetzt, der Artikel ist unbenutzt und befindet sich in der Originalverpackung. Legen Sie bitte die Quittung bei und verpacken Sie den Artikel sicher. Die Rücksendekosten trägt der Kunde. Nach Eingang der Rücksendung erfolgt die Rückerstattung oder der Umtausch innerhalb von 5-7 Werktagen. Lassen Sie uns wissen, falls Sie weitere Unterstützung benötigen.",body,type,priority,answer
Tobi-Bueck/customer-support-tickets,customer_support_tickets_tobi,"Dear Customer Support Team,\n\nI am submitting a report about a critical issue in the server room that demands immediate action. There are severe overheating problems, seemingly caused by a malfunctioning PC fan (PC-Lüfter). Despite attempts to control the situation, the issue persists, leading to increased temperatures that could potentially harm the hardware.\n\nTo resolve this, I have already tried several restart cycles and performed basic cleaning to remove dust accumulation. However, the problem remains unresolved.",Incident,high,"We appreciate your detailed report regarding the overheating problem in the server room and the non-operational PC fan. Based on your description and the troubleshooting steps already taken, it seems the fan may need professional inspection and possibly replacement. Please confirm the make and model of the affected system, and let us know your preferred time for a technician to visit. In the meantime, ensure the server room is properly ventilated and, if possible, reduce the server workload to lower heat generation. Disconnect any non-essential equipment as well.",body,type,priority,answer
Tobi-Bueck/customer-support-tickets,customer_support_tickets_tobi,"Sehr geehrter Kundendienst,\n\nich bitte um sofortige Unterstützung bei Störungen im Hardware- und Software-Service, die kritische Komponenten wie das Motherboard, den CPU-Kühler sowie Netzwerk- und Peripheriegeräte betreffen. Diese Probleme beeinträchtigen wichtige Anwendungen, wobei eine kontinuierliche Geschäfts- und Analysearbeit unerlässlich ist. Eine zügige Lösung ist unbedingt erforderlich, um weitere Störungen im Betriebsablauf zu vermeiden.\n\nVielen Dank im Voraus für die rasche Bearbeitung dieses Anliegens.\n\nMit freundlichen Grüßen,\n[Ihr Name]",Change,medium,"Sehr geehrter <Name>,\n\nvielen Dank, dass Sie uns wegen der Ausfälle im Hardware- und Software-Service kontaktiert haben. Wir verstehen die Dringlichkeit im Hinblick auf die Auswirkungen auf geschäftskritische Prozesse. Um Ihnen schnellstmöglich zu helfen, könnten Sie bitte zusätzliche Informationen bereitstellen, etwa konkrete Fehlermeldungen, die Modelle der betroffenen Geräte oder kürzliche Änderungen an der Systemumgebung? Falls Warnhinweise bei Ihren Geräten angezeigt werden, lassen Sie uns diese bitte wissen. Außerdem bitten wir um Bestätigung, ob kürzlich System- oder Netzwerksicherungen durchgeführt wurden. Falls ein telefonischer Kontakt zur Fehlerbehebung hilfreich ist, teilen Sie uns dies bitte ebenfalls mit.",body,type,priority,answer
Tobi-Bueck/customer-support-tickets,customer_support_tickets_tobi,"Dear Support Team,\n\nI hope this message reaches you well. I am reaching out to request assistance with several configuration modifications and integrations that are essential for enhancing our workflow efficiency and promoting better collaboration across departments.\n\nFirstly, I need to update the Outlook 2021 settings to better match our current communication needs. This involves configuring shared calendars, refining email rules, and adding relevant extensions to facilitate smoother team interactions.\n\nAdditionally, I am interested in implementing new features or tools, and I would appreciate your guidance on this matter.",Change,high,"Thank you for contacting us regarding your configuration modifications and integration needs. To assist you effectively, please provide more details. For Outlook 2021, specify the number of users who need shared calendars, indicate your preferred add-ons, and describe your current email rules setup. Concerning new headsets, kindly share the make and model, as well as the communication software you use. For network switches, mention the current model and any issues you are facing. Regarding smart device integration, please provide additional specifics so we can better support your requirements.",body,type,priority,answer
Tobi-Bueck/customer-support-tickets,customer_support_tickets_tobi,"Sehr geehrtes Support-Team,\n\nich hoffe, diese Nachricht erreicht Sie wohlbehalten. Ich bitte um detaillierte Informationen zu den verfügbaren APIs von Practices für die Integration unserer cloudbasierten SaaS-Plattform mit verschiedenen externen Geräten. Besonders interessiert mich, sichere und effiziente Methoden zum Verbinden verschlüsselter USB-Sticks, Webcams und intelligenter Geräte mit unserer Plattform.\n\nUnser Ziel ist es, eine reibungslose Zusammenarbeit sicherzustellen, während gleichzeitig die Datenschutz- und Leistungsstandards eingehalten werden. Daher wären Richtlinien, empfohlene Architekturmodelle sowie SDKs hilfreich. Außerdem wären umfassende Dokumentationen zu Authentifizierung, Datenübertragungsprotokollen und unterstützten Geräten willkommen. Falls Testtools oder SDK-Informationen erforderlich sind, teilen Sie uns bitte die Programmiersprache und Plattform mit. Bitte lassen Sie uns wissen, falls weitere Details benötigt werden.",Request,medium,"Vielen Dank für Ihre Anfrage zu den Practices-APIs für die Geräteintegration. Wir empfehlen die Nutzung unserer REST- und WebSocket-APIs, um eine sichere Verbindung mit verschlüsselten USB-Sticks, Webcams und intelligenten Geräten herzustellen. Bitte teilen Sie uns die bevorzugten Gerätetypen und Betriebssysteme mit, damit wir spezifische Kompatibilitätsinformationen und Beispielcodes bereitstellen können. Unsere umfassende Dokumentation enthält Details zu Authentifizierungsmethoden, Datenübertragungsprotokollen sowie empfohlenen Architekturansätzen. Falls SDKs oder Testtools erforderlich sind, geben Sie bitte die Programmiersprache und Plattform an. Wir stehen für weitere Unterstützung gern zur Verfügung.",body,type,priority,answer
Tobi-Bueck/customer-support-tickets,customer_support_tickets_tobi,"Sehr geehrter Kundendienst,\n\nich hoffe, diese Nachricht erreicht Sie wohl. Ich wende mich an Sie, um detaillierte Auskünfte zu Ihren Marketingservices zu erhalten. Derzeit prüfen wir Möglichkeiten zur Optimierung unserer Werbemaßnahmen und wären sehr dankbar, wenn Sie uns eine vollständige Übersicht Ihrer Angebote bereitstellen könnten. Könnten Sie uns bitte Einblicke in Ihre Marketingpakete, Preisgestaltungen sowie etwaige Anpassungsoptionen gewähren? Zusätzlich wären Informationen über die Expertise Ihrer Teams bei bisherigen erfolgreichen Kampagnen sehr hilfreich, um eine fundierte Entscheidung treffen zu können.\n\nWir sind insbesondere an Strategien im digitalen Marketing interessiert.",Request,medium,"Vielen Dank für Ihr Interesse an unseren Marketingdienstleistungen. Wir bieten eine Reihe digitaler Marketinglösungen an, darunter Social Media Management, Content Marketing, SEO und mehr, die individuell auf Ihre Bedürfnisse abgestimmt werden können. Eine kurze Broschüre, Fallstudien sowie Preisinformationen senden wir Ihnen gern per E-Mail zu. Wenn Sie uns Ihre spezifischen Anforderungen und Ziele mitteilen, können wir Ihnen maßgeschneiderte Empfehlungen anbieten. Bitte lassen Sie uns wissen, falls Sie weitere Informationen benötigen oder ein Gespräch vereinbaren möchten.",body,type,priority,answer
Tobi-Bueck/customer-support-tickets,customer_support_tickets_tobi,"Dear Customer Support Team,\n\nI hope this message reaches you in good health. I am reaching out to request in-depth information about the investment methods offered by your firm. As I explore options to enhance my portfolio, it is essential to understand the various strategies and techniques used to oversee investments.\n\nCould you kindly share detailed insights into your investment approaches, including risk analysis, distribution of assets, and anticipated yields? Furthermore, information on strategies designed for different investor profiles would be highly valuable.\n\nThank you.",Request,low,"Thank you for your inquiry. Please provide detailed information on your investment approaches, including risk evaluation and asset distribution. Could you specify your investment objectives and risk appetite? This will help us customize our response to meet your needs.",body,type,priority,answer
Tobi-Bueck/customer-support-tickets,customer_support_tickets_tobi,"Dear Customer Support,\n\nI hope this message reaches you in good health. I am reaching out to inquire about your investment offerings, particularly those that integrate real-time data analysis and automated rebalancing systems. Could you kindly provide comprehensive details about the investment products that utilize cutting-edge technologies?\n\nFurthermore, I am interested in understanding the procedures, especially how they benefit high-net-worth institutional clients. Insights into how real-time analytics improve decision-making and how automated rebalancing helps maintain portfolio alignment with investment objectives would be especially helpful.\n\nThank you for your assistance.",Request,medium,"Thank you for your inquiry about investment solutions that employ real-time data analysis and automated rebalancing mechanisms. We offer a variety of investment options tailored for high-net-worth institutional clients that incorporate advanced technological features. Real-time analytics deliver current insights, allowing portfolio managers to make timely, informed decisions. Automated rebalancing keeps portfolios aligned with specified investment targets by continuously monitoring asset allocations and executing trades when predefined thresholds are met.",body,type,priority,answer
Tobi-Bueck/customer-support-tickets,customer_support_tickets_tobi,"Dear Customer Support Team,\n\nI hope this message reaches you well. I am seeking detailed information about the available documentation, support tools, and procedures for connecting the SaaS platform with external devices and third-party services listed within the product environment.\n\nAs our organization aims to improve operational efficiency through platform integration, it is essential for us to fully understand the possibilities and limitations. We are particularly interested in official manuals, API documentation, SDKs, and developer resources.",Request,medium,"Thank you for your inquiry. We provide a developer portal with extensive API documentation, SDKs, and integration guides. Our official resources include supported connectors, middleware solutions, best practices, and security advice. To gain access, please share your account details and specify the types of integrations you are interested in. We also offer training sessions, webinars, and a user forum to assist with integration. Kindly specify the devices or services you plan to connect, so we can send relevant information.",body,type,priority,answer
Tobi-Bueck/customer-support-tickets,customer_support_tickets_tobi,"Sehr geehrtes Kundenservice-Team,\n\nich hoffe, diese Nachricht erreicht Sie wohlbehalten. Ich möchte eine Aktualisierung unserer aktuellen Verkaufsunterlagen beantragen, um den erweiterten Umfang unserer Sicherheitslösungen besser zu präsentieren. Unsere Organisation hat kürzlich eine Leitung für ein CISO-gesteuertes Team eingerichtet, das die Angebote erweitert hat. Es ist entscheidend, das Marketing- und Verkaufsmaterial so anzupassen, dass die Fortschritte klar dargestellt und potenzielle Kunden sowie Interessenten umfassend informiert werden.\n\nInsbesondere möchten wir die aktualisierten Materialien nutzen, um die erweiterten Fähigkeiten in mehreren Schlüsselbereichen hervorzuheben. Dazu zählen unter anderem die Sicherheit elektronischer Gesundheitsakten (EMR) und Picture Archiving and Communication Systems (PACS).",Change,medium,"Vielen Dank für Ihre Kontaktaufnahme und die detaillierte Schilderung Ihrer Anforderungen zur Aktualisierung der Verkaufsdokumente, um die erweiterten Sicherheitsdienste widerzuspiegeln. Wir schätzen die spezifischen Bereiche, die Sie hervorheben möchten, einschließlich EMR- und PACS-Sicherheit, Schutz in der Telemedizin, IoT-Gerätesicherheit, die Einhaltung der Standards HIPAA, GDPR und ISO, sowie die 24/7 DevSecOps-Überwachung. Damit wir fortfahren können, bitten wir Sie, uns die aktuellen internen Verkaufsunterlagen sowie detaillierte Beschreibungen der neuen Angebote zukommen zu lassen. Unser Team wird dann die neuesten Fähigkeiten und Compliance-Highlights präzise integrieren. Falls weitere Informationen benötigt werden, lassen Sie es uns bitte wissen.",body,type,priority,answer
Tobi-Bueck/customer-support-tickets,customer_support_tickets_tobi,"Sehr geehrtes Support-Team,\n\nich hoffe, diese Nachricht erreicht Sie wohlbehalten. Derzeit prüfe ich die SaaS-Plattform im Hinblick auf eine mögliche Integration in unsere Organisation. Für eine umfassende technische Analyse benötige ich bitte detaillierte Informationen zur Architektur der Plattform. Besonders interessiere ich mich für die Hauptkomponenten, Datenströme, Sicherheitsvorkehrungen, Skalierungsmöglichkeiten und die Einhaltung relevanter Compliance-Standards, an die die Plattform gebunden ist.\n\nEin klares Verständnis der architektonischen Strukturen wird unserem Team enorm dabei helfen, die Kompatibilität zu beurteilen und eine reibungslose Implementierung zu planen. Falls",Request,low,Vielen Dank für Ihre Anfrage. Die architektonische Dokumentation sende ich Ihnen in Kürze per E-Mail zu.,body,type,priority,answer
Tobi-Bueck/customer-support-tickets,customer_support_tickets_tobi,"Dear Customer Support,\n\nI am submitting a report concerning errors in the latest billing statement. It seems that the automated billing system may have incorrectly allocated hardware purchases among different departmental accounts. I have meticulously examined the transaction logs and verified the internal financial records; however, the inconsistencies remain. This issue is causing confusion in financial reporting and requires immediate attention to ensure billing accuracy.\n\nCould you please look into this matter and provide a solution at your earliest convenience?\n\nThank you for your assistance.\n\nBest regards",Incident,medium,"Thank you for contacting us regarding the discrepancies in your recent invoice. To assist you further, could you please provide the invoice number and specify the affected account departments? This information will help us to investigate the billing issues efficiently. Once received, we will review the account details and work towards a swift resolution. If you prefer to discuss this over the phone, please let us know a suitable time for a call.",body,type,priority,answer
Tobi-Bueck/customer-support-tickets,customer_support_tickets_tobi,"Sehr geehrter Kundenservice,\n\nich erfahre einen erheblichen Ausfall der WLAN-Geräteverbindung, der bereits seit mehreren Stunden andauert. Das Problem betrifft verschiedene Geräte, darunter Smartphones, Laptops und Smart-Home-Geräte, wodurch der Zugang zu Internetdiensten unmöglich wird. Ich habe grundlegende Fehlerbehebungen durchgeführt, wie den Neustart des Routers, die Überprüfung der Kabel und das Zurücksetzen der Netzwerkeinstellungen, doch das Problem besteht weiterhin.\n\nKönnten Sie die Angelegenheit bitte umgehend prüfen? Für meine täglichen Tätigkeiten ist eine stabile Internetverbindung von entscheidender Bedeutung. Ich wäre dankbar für eine Einschätzung der Ursache und eine geschätzte Dauer der Behebung.",Problem,high,"Sehr geehrter <Name>,\n\nherzlichen Dank, dass Sie uns auf das dringende WLAN-Verbindungsproblem aufmerksam gemacht haben. Ich verstehe, wie wichtig eine stabile Internetverbindung ist, vor allem im Hinblick auf Ihre täglichen Aktivitäten. Es ist gut, dass Sie bereits Schritte wie den Neustart des Routers, die Kabelüberprüfung und das Zurücksetzen der Netzwerkeinstellungen unternommen haben, um häufige Ursachen auszuschließen.\n\nUm weiterhelfen zu können, benötige ich zusätzliche Informationen. Bitte bestätigen Sie, ob am Router oder Modem ungewöhnliche Leuchtanzeigen vorhanden sind (z.B. rotes Licht), damit wir die Problematik genauer eingrenzen können.",body,type,priority,answer
Tobi-Bueck/customer-support-tickets,customer_support_tickets_tobi,"Dear Customer Support Team,\n\nI hope this message reaches you well. I am writing to request a comprehensive explanation of the compliance procedures related to your services. Our goal is to ensure that our operations fully meet the specified requirements by understanding the exact procedures, necessary documentation, and associated timelines involved in the compliance process.\n\nSpecifically, I would like to gain a deeper understanding of the following points:\n\n1. A complete list of compliance obligations that need to be satisfied.\n2. Recommended templates or formats for documentation.\n",Problem,low,"Thank you for your inquiry about the compliance procedures. We are pleased to offer a detailed overview of the relevant support resources. To provide you with precise and tailored information, could you please specify the services or products you are referring to? Additionally, kindly share the full list of compliance requirements, preferred documentation formats, submission deadlines, review schedules, penalty details, and any recent policy updates. If you wish to arrange a direct consultation with our compliance team, please let us know.",body,type,priority,answer
Tobi-Bueck/customer-support-tickets,customer_support_tickets_tobi,"Customer Service Team,\n\nWe are facing concurrent failures in several office gadgets. The problem seems linked to a network disruption causing synchronization issues with cloud services. We've already attempted restarting the devices and checked physical connections, but the issue persists. This disruption is greatly affecting our daily workflow, and we urgently need help to identify and fix the underlying problem. Kindly advise on the next steps and let us know if additional details are required from our side.\n\nThank you.",Problem,high,"Thank you for reaching out to us. To assist you better, please specify which devices and cloud services are affected, include any error messages you see, and describe the network status indicators. Since this is urgent, inform us of a suitable time for a support call.",body,type,priority,answer
Tobi-Bueck/customer-support-tickets,customer_support_tickets_tobi,"Sehr geehrtes Support-Team,\n\nich hoffe, diese Nachricht erreicht Sie wohlbehalten. Ich möchte höflich um ausführliche Informationen zu meinen letzten Abrechnungen und der Zahlungshistorie bitten. Ziel ist es, die im vergangenen Monat angewandten Gebühren zu verstehen und sicherzustellen, dass alle Zahlungen ordnungsgemäß verarbeitet wurden.\n\nKönnten Sie mir bitte eine detaillierte Aufstellung der Rechnungsinformationen zukommen lassen, inklusive etwaiger Gebühren, Steuern oder Anpassungen, die angewendet wurden? Zudem wäre ich dankbar, wenn Sie mir Kopien der Rechnungsbelege und die zugehörigen Transaktionsdetails zusenden könnten.\n\nFalls Unstimmigkeiten oder Probleme im Abrechnungsprozess auftreten, lassen Sie es mich bitte wissen.",Request,high,"Vielen Dank für Ihre Anfrage. Um die Abrechnungs- und Zahlungsdetails zu bestätigen, bitten wir Sie, uns Ihre Kontonummer sowie die mit dem Konto verbundene E-Mail-Adresse mitzuteilen. Nach erfolgreicher Verifizierung werden wir Ihnen eine detaillierte Aufschlüsselung, die Rechnungen sowie Informationen zu den Zahlungsmethoden für die kommenden Abrechnungszeiträume zukommen lassen.",body,type,priority,answer
Tobi-Bueck/customer-support-tickets,customer_support_tickets_tobi,"Dear Support Team,\n\nI am writing to report a critical problem affecting several linked healthcare devices on our network. These devices are currently facing severe connectivity and performance issues, which are disrupting our daily activities. I suspect that recent updates to security policies or modifications to network configurations may be the cause.\n\nIn an effort to resolve the issue, I have already restarted the affected equipment and thoroughly reviewed the network settings; however, the problem continues without any improvement.",Incident,medium,"Thank you for reaching out regarding the connectivity problems with your healthcare equipment. To assist you more effectively, could you please provide details such as the specific device models affected, any error messages encountered, and when the issue initially started? Also, inform us of any recent changes made to network security policies. If an urgent response by phone is preferred, kindly share a suitable time and contact number so we can call you. We will prioritize your request for assistance.",body,type,priority,answer
Tobi-Bueck/customer-support-tickets,customer_support_tickets_tobi,"Dear Support Team,\n\nWe are currently facing multiple essential hardware failures that are significantly disrupting our live analytics rebalancing processes. Despite performing reboots on key systems and initial troubleshooting steps involving hardware and software adjustments, the devices remain unresponsive. We suspect the root cause may be linked to a network configuration issue. We urgently need your help to diagnose and resolve this problem to prevent further operational disruptions. Please advise on the next steps to fully restore our systems.",Incident,high,"Thank you for reaching out regarding the critical failures of your devices affecting real-time analytics rebalancing. We understand the severity and impact on your operations. To assist you promptly, could you please provide additional information: specify the operating systems running on the affected devices, confirm if any recent network changes, updates, or configuration modifications have been made, and indicate whether the issues are localized to a specific network segment or if they are widespread.",body,type,priority,answer
Tobi-Bueck/customer-support-tickets,customer_support_tickets_tobi,"Customer Support,\n\nI am facing difficulties with the centralized account administration process. Although the features seem to be functioning normally, there are delays and confusion when handling several accounts simultaneously. Could you kindly look into this matter and offer advice on how to fix it? Your prompt help would be highly valued.\n\nThanks for your support.\n\nBest regards,\n[Your Name]",Problem,medium,"Thank you for reaching out regarding the issues with the centralized account management process. To assist you effectively, could you please specify which features are malfunctioning and share any error messages received? This information will help us investigate and provide a precise solution as swiftly as possible.",body,type,priority,answer
Tobi-Bueck/customer-support-tickets,customer_support_tickets_tobi,"Dear Customer Support Team,\n\nI am reaching out to report several disruptions affecting our products, currently impacting our use of the SaaS platform. These issues are causing significant interruptions to our daily operations and hindering our ability to serve customers effectively. Since our services are critical, it is essential to understand the causes of the outages and to be informed about the expected timeline for resolution.\n\nCould you please provide an update on the causes of these outages and the steps being taken to restore full functionality? Additionally, we would appreciate any information regarding the estimated time needed to resolve the issues.",Incident,medium,"Thank you for bringing the product outages to our attention, as they are affecting our processes. We are actively investigating the causes and working diligently to restore full functionality as quickly as possible. In the meantime, we recommend clearing the browser cache and restarting the affected applications. We will keep you regularly updated on the status and estimated resolution timeline. If you require further assistance, please reply with details of the affected services, and we can arrange a call at a suitable time. Thank you for your patience.",body,type,priority,answer
Tobi-Bueck/customer-support-tickets,customer_support_tickets_tobi,"Sehr geehrtes Support-Team,\n\nich möchte ein erhebliches Problem mit der Leistungsfähigkeit der SaaS-Plattform melden. Kürzlich wurden unerwartete Verzögerungen sowie kleinere Ausfälle festgestellt, die die Nutzererfahrung negativ beeinflussen. Diese Störungen sind besorgniserregend und beeinträchtigen die Zuverlässigkeit sowie das Vertrauen unserer Nutzer in den Dienst.\n\nUnsere vorläufigen Analysen deuten darauf hin, dass die Ursache möglicherweise im Zusammenhang mit der Orchestrierung der Microservices während der jüngsten CI/CD-Deployments steht. Trotz unserer Bemühungen, das Problem durch Neustarts der betroffenen Dienste zu mildern, besteht weiterhin Handlungsbedarf.",Problem,high,"Vielen Dank für die Meldung der Leistungsprobleme. Für eine schnelle Unterstützung bitten wir Sie, die aktuellen Systemprotokolle mit Zeitstempeln der größeren Vorfälle bereitzustellen. Falls möglich, teilen Sie bitte auch Details zu den kürzlichen Änderungen im CI/CD-Prozess mit. Wir sind bereit, weitere Untersuchungen durchzuführen.",body,type,priority,answer
Tobi-Bueck/customer-support-tickets,customer_support_tickets_tobi,"Dear Customer Support,\n\nI am reaching out to report an issue related to device incompatibility with healthcare software systems. Recently, I tried to integrate a device with various healthcare software platforms, but unfortunately, I faced ongoing issues that prevent the device from functioning correctly. Despite following the recommended setup procedures and updating the device firmware to the latest version, the software does not recognize or communicate with the device effectively.\n\nThis incompatibility is affecting my ability to use essential healthcare applications that are critical for my operations.",Problem,medium,"Thank you for bringing the compatibility concern to our attention. To assist you better, could you please specify the exact device model names and the versions of the healthcare software you are attempting to use? Having these details will enable us to verify compatibility, recommend supported configurations, and inform you of any available updates or patches. If necessary, we can also arrange a call at your convenience to troubleshoot further. We look forward to your response.",body,type,priority,answer
Tobi-Bueck/customer-support-tickets,customer_support_tickets_tobi,"Sehr geehrtes Kundendienstteam,\n\nich hoffe, diese Nachricht erreicht Sie wohlbehalten. Ich wende mich an Sie, um Unterstützung bei der Klärung einer kürzlich erhaltenen Rechnung zu bitten. Bei der Überprüfung meiner Kontodaten sind Unstimmigkeiten bei den angegebenen Gebühren aufgefallen, die ich gerne besser verstehen würde.\n\nInsbesondere betrifft es die Gebühren auf der Rechnung vom letzten Monat, die sich von meinem üblichen Abrechnungsmuster zu unterscheiden scheinen. Könnten Sie bitte eine detaillierte Aufstellung der Gebühren bereitstellen? Zudem wäre es hilfreich, zu überprüfen, ob Änderungen an den Zahlungsbedingungen oder den Abrechnungszyklen vorgenommen wurden, die mir entgangen sind.",Request,high,"Vielen Dank für Ihre Kontaktaufnahme, <name>. Damit wir Ihnen bestmöglich helfen können, bitten wir Sie, uns Ihre Kontonummer sowie die Details der betreffenden Rechnung mitzuteilen. Sobald wir diese Informationen erhalten haben, werden wir die Gebühren prüfen, den Status Ihrer Zahlungsmethode verifizieren sowie etwaige Änderungen am Abrechnungszyklus feststellen. Bezüglich etwaiger Anpassungen des Zahlungsplans oder der Benachrichtigungseinstellungen beraten wir Sie gern, sobald Ihr Konto identifiziert wurde.",body,type,priority,answer
Tobi-Bueck/customer-support-tickets,customer_support_tickets_tobi,"Dear Customer Support Team,\n\nI am seeking help regarding my QNAP NAS device, which has recently been facing serious issues with data access due to connectivity problems. Over the past few days, I have experienced frequent disconnections, making it difficult to access stored files and significantly disrupting my workflow.\n\nInitially, the device was operating normally, but the network connection now appears unreliable. I have attempted multiple reboots of the NAS and the network router, but the issues continue. Sometimes, the NAS recognizes the computer; at other times, it does not.",Incident,medium,"Thank you for reaching out, <name>. We understand how frustrating connectivity problems with your QNAP NAS can be. To start, please confirm the model and the current firmware version installed on your device. Also, specify whether your computer is connected via wired or wireless connection and if the NAS displays any warning lights. We recommend backing up your data soon by connecting a USB drive directly to the NAS if possible. Additionally, could you please provide us with the latest NAS logs or recent activity reports?",body,type,priority,answer
Tobi-Bueck/customer-support-tickets,customer_support_tickets_tobi,"Dear Customer Support Team,\n\nI wish to urgently highlight a serious incident impacting our cloud-native SaaS environment. Since the start of the day, we've faced considerable interruptions that have greatly hampered our daily activities. The issue seems directly linked to the platform's performance and availability, warranting immediate analysis and resolution.\n\nThe challenges include sporadic outages, sluggish response rates, and occasional errors when attempting to access key features.",Incident,high,"We appreciate your prompt reporting of the critical issues affecting the cloud-native SaaS system. Our technical team is prioritizing the investigation of this incident. We will keep you updated regularly as we work towards a solution. If possible, please provide specific error messages or details about the affected functionalities to assist in our diagnosis. Thank you for your patience as we strive to restore services promptly.",body,type,priority,answer
Tobi-Bueck/customer-support-tickets,customer_support_tickets_tobi,"Dear Customer Service Team,\n\nI hope this message reaches you in good health. I am reaching out to inquire about the support procedures for a recent purchase from your company. As a valued client, I want to ensure I understand the correct steps to follow if I encounter any problems or need help with the product.\n\nCould you please provide comprehensive details about the support process? Specifically, I would appreciate instructions on how to start a support request, expected response times, and any necessary documentation or proof required.",Request,high,Kindly specify the model of the product.,body,type,priority,answer
Tobi-Bueck/customer-support-tickets,customer_support_tickets_tobi,"Dear Support Team,\n\nWe are currently facing sporadic disruptions impacting multiple products, which we believe may be related to a recent CI/CD pipeline update. This update might be affecting the orchestration of microservices and resource distribution. We have already restarted the affected services and thoroughly examined the Kubernetes logs, but the issue continues. Could you please help us in diagnosing and resolving this problem as soon as possible? Your prompt support would be highly appreciated.\n\nBest regards,\n[Your Name]",Incident,medium,"Thank you for providing details on the steps already undertaken. To assist further, could you share specific error messages, timestamps of the outages, and indicate which products or microservices are impacted? If a call would expedite the resolution, please suggest a convenient time, and we will arrange it. Looking forward to a swift resolution.",body,type,priority,answer
Tobi-Bueck/customer-support-tickets,customer_support_tickets_tobi,"Sehr geehrter Kundendienst,\n\nIch erfahre erhebliche Schwierigkeiten bei der Datenlaken-Synchronisation, was die Genauigkeit unserer Berichte beeinträchtigt. Es scheint, dass ein kürzliches Update der Analyseintegrations-Datenfluss zwischen den Abteilungen gestört hat. Ich habe versucht, das Problem durch Rückstellung auf frühere Synchronisationseinstellungen zu beheben, was nur zu minimalen Verbesserungen führte. Leider bleiben die Berichte weiterhin unzuverlässig und inkonsistent. Diese Störung beeinträchtigt unsere Fähigkeit, rechtzeitig fundierte Entscheidungen zu treffen. Könnten Sie die Angelegenheit bitte dringend prüfen und eine Lösungsempfehlung bereitstellen?",Incident,low,"Vielen Dank für den Hinweis. Wir werden die Data-Lake-Synchronisation untersuchen. Könnten Sie bitte bestätigen, ob die Analyseintegration seit dem letzten Update aktualisiert wurde? Bitte senden Sie aktuelle Fehlerprotokolle und Screenshots der Inkonsistenzen. Wir werden die Details priorisieren und die Angelegenheit so schnell wie möglich eskalieren.",body,type,priority,answer
Tobi-Bueck/customer-support-tickets,customer_support_tickets_tobi,"Dear Support Team,\n\nI am submitting a report concerning a significant issue impacting several crucial systems within our organization. Since last evening, we have encountered sporadic unresponsiveness across various vital platforms, including Outlook email and calendar services, as well as multiple network equipment. These disruptions are drastically hindering our daily workflow and communication.\n\nThe issues observed include delays and failures in email delivery, improper synchronization of calendar events, and network device malfunctions.",Incident,high,"We appreciate you reaching out regarding the system response issues affecting your organization. To assist you more effectively, please share recent logs from the affected devices, details of recent modifications to network settings or user accounts, and confirm that all devices have updated antivirus definitions. If you notice any suspicious activity or additional error messages, kindly provide screenshots or detailed descriptions. If you prefer a direct call to discuss this matter urgently, please let us know.",body,type,priority,answer
Tobi-Bueck/customer-support-tickets,customer_support_tickets_tobi,"Dear Support Team,\n\nI trust this message reaches you well. I am reaching out to seek comprehensive details on integrating third-party hardware components, particularly Netgear routers and Razer keyboards, within an Agile cloud-based SaaS system. My objective is to guarantee peak performance, flawless compatibility, and a seamless user experience when utilizing these devices in our operational setup.\n\nConsidering the diverse range of devices involved, it is essential for us to understand the recommended strategies and configuration guidelines for the platform.",Request,medium,"Thank you for your inquiry. For optimal integration, it is advised to ensure that your Netgear routers are running the latest firmware and that Razer keyboards have updated drivers. Please specify the specific SaaS platform scenarios you are working with so we can provide detailed configuration resources tailored to your Agile environment.",body,type,priority,answer
Tobi-Bueck/customer-support-tickets,customer_support_tickets_tobi,"Dear Customer Support Team,\n\nI am reaching out to urgently highlight a severe security breach impacting our telehealth systems. Recently, we detected abnormal activities that could indicate a security intrusion, potentially jeopardizing confidential patient information and hindering service operations. Due to the vital importance of telehealth services, it is crucial that this issue is addressed without delay.\n\nWe kindly request a comprehensive investigation to determine the root cause and identify any vulnerabilities that may have been exploited. Furthermore, please",Incident,high,"Thank you for bringing this security concern to our notice. We recognize the urgency of safeguarding sensitive patient information within telehealth platforms. Our security team has initiated an initial review, focusing on pinpointing the underlying vulnerabilities involved. To proceed effectively, could you please share specific details such as the timeframe of the suspicious activity, impacted accounts or systems, and any error messages or logs you have observed? In the meantime, we advise changing administrative passwords and restricting access to essential personnel.",body,type,priority,answer
Tobi-Bueck/customer-support-tickets,customer_support_tickets_tobi,"Dear Customer Support Team,\n\nI trust this message reaches you well. I am reaching out to request comprehensive instructions regarding the procedure for returning a recent purchase from your store. I want to make certain I follow all necessary steps to ensure the return is processed smoothly and efficiently.\n\nCould you please share the eligibility requirements for returns? Specifically, I am interested in understanding the time limit within which the product must be returned and any conditions the product must fulfill to be accepted.",Request,high,"Thank you for contacting us about the return procedure. Items should be returned within 30 days in their original condition and packaging, along with the receipt. To initiate a return, please visit our online returns portal or use the contact form. The return address will be provided through the portal, and eligible items will come with a prepaid shipping label; otherwise, you'll need to cover the shipping costs. Refunds are typically processed within 5-7 business days after we receive the returned item and will be credited to your original payment method.",body,type,priority,answer
Tobi-Bueck/customer-support-tickets,customer_support_tickets_tobi,"Dear Customer Support Team,\n\nI hope this message reaches you well. I am writing to request detailed information about the procedures for integrating products within the platform. Our team is in the process of planning and executing an integration project, and we want to ensure we follow the recommended guidelines to achieve optimal performance and seamless operation.\n\nCould you please provide comprehensive documentation that outlines the suggested steps, common mistakes to avoid, and specific configurations essential to the integration process? Additionally,",Request,medium,"Thank you for reaching out regarding the product integration procedures on the platform. We appreciate your proactive efforts to ensure a smooth and successful integration. Attached is a detailed integration manual that covers recommended steps, technical prerequisites, compatibility considerations, and API usage instructions. The guide also highlights typical pitfalls to avoid and specifies configurations vital for optimal performance. For further understanding, we have included case studies demonstrating successful integrations in various scenarios relevant to different use cases.",body,type,priority,answer
Tobi-Bueck/customer-support-tickets,customer_support_tickets_tobi,"Dear Support Team,\n\nI hope this message finds you well. I am reaching out to request improvements to our existing Big Data infrastructure and real-time analytics platforms. The aim is to support advanced Python-based machine learning models and automate portfolio rebalancing tailored ESG investment strategies, particularly for institutional clients.\n\nCurrently, the infrastructure handles large volumes of data effectively. To implement more complex machine learning algorithms in real-time analysis, enhancements in computational capacity, data processing speed, and integration capabilities are necessary. The goal is to enable seamless deployment of sophisticated Python ML models and large-scale data processing.",Change,high,"Thank you for the detailed outline of your improvement suggestions. To provide an accurate timeline estimate, could you please specify the current platform configurations and preferred technology stacks? Once we have this information, we will assess feasibility, outline the required resources, and plan the next steps.",body,type,priority,answer
Tobi-Bueck/customer-support-tickets,customer_support_tickets_tobi,"Sehr geehrter Kundendienst,\n\nich hoffe, diese Nachricht erreicht Sie wohlbehalten. Ich schreibe, um mich nach den verfügbaren Angeboten für Investment-Strategien auf Ihrer Plattform zu erkundigen. Als Investor möchte ich mein Portfolio diversifizieren und bin daran interessiert, verschiedene Strategien zu verstehen und angeboten zu bekommen, inklusive Details zu Risikostufen, möglichen Renditen und den beteiligten Vermögenswerten.\n\nInsbesondere interessiere ich mich für maßgeschneiderte Investment-Strategien, die auf meiner individuellen Risikotoleranz und meinen finanziellen Zielen basieren. Außerdem möchte ich wissen, ob automatisierte, verwaltete Portfolio-Optionen existieren und welche Gebühren mit den jeweiligen Diensten verbunden sind.\n\nKönnten Sie mir hierzu Informationen zukommen lassen?",Request,low,"Vielen Dank für Ihre Anfrage zu Investment-Strategie-Angeboten. Wir stellen eine vielfältige Auswahl an Strategien bereit, darunter diversifizierte Portfolios mit unterschiedlichen Risikostufen und potenziellen Renditen, die verschiedene Anlageklassen wie Aktien, Anleihen und Alternativen umfassen. Unsere Plattform bietet sowohl automatisierte, verwaltete Portfolio-Optionen als auch maßgeschneiderte Strategien, die auf einer kurzen Bewertungsphase basieren, um Ihre Präferenzen mit passenden Portfolios abzugleichen. Die Gebühren variieren je nach gewähltem Strategie-Management-Typ.",body,type,priority,answer
Tobi-Bueck/customer-support-tickets,customer_support_tickets_tobi,"Dear Customer Support Team,\n\nI am submitting a report regarding a service disruption affecting our cloud-based SaaS platform. We've noticed sporadic interruptions that hinder our ability to fully access the platform's features. These disruptions are causing workflow delays and impacting overall efficiency.\n\nCould you please provide an update on the current status of this issue and an estimated timeframe for resolution? Additionally, any recommended measures to reduce the impact would be greatly appreciated.\n\nThank you for your prompt attention to this matter. I look forward to your response.",Incident,medium,"Thank you for bringing this service issue to our attention. We apologize for the inconvenience caused by the intermittent disruptions affecting your workflow and productivity.\n\nAt present, our technical team is aware of the problem impacting the cloud-native SaaS platform and is actively investigating the root cause. Once we have an estimated resolution time, we will inform you promptly. Please be assured that resolving this issue is our top priority, and we are monitoring the situation closely to restore full platform functionality as quickly as possible.\n\nTo help minimize operational impact, we recommend...",body,type,priority,answer
Tobi-Bueck/customer-support-tickets,customer_support_tickets_tobi,"Sehr geehrtes Kundenservice-Team,\n\nich hoffe, diese Nachricht erreicht Sie wohlauf. Ich möchte um ausführliche Produktspezifikationen und Integrationsrichtlinien für die empfohlene Netzwerktechnologie bitten, die mit unseren Systemen kompatibel ist. Unser Team fokussiert sich auf die Optimierung der Datenanalyse, Handelsmodelle und Berichterstattung in unserer quantitativen Finanzumgebung. Daher sind präzise Hardware-Integrationsinformationen essenziell, um unsere Ziele effizient zu erreichen.\n\nBesonders interessiert bin ich an technischen Fähigkeiten, Leistungsparametern sowie Kompatibilitätsaspekten der empfohlenen Netzwerktechnik. Diese umfasst, aber beschränkt sich nicht nur auf Router, Switches, Firewalls und andere relevante Hardwarekomponenten. Außerdem benötige ich detaillierte Anweisungen zur Integration.",Request,low,"Vielen Dank für Ihre Anfrage. Um die genauen Spezifikationen und Integrationsrichtlinien bereitstellen zu können, bitten wir Sie, uns Details zu Ihrer aktuellen Netzwerkinfrastruktur sowie zu Ihren bevorzugten Anbietern und wichtigen Datenanalyse- und Handelssystemen mitzuteilen. Sobald wir diese Informationen erhalten haben, senden wir Ihnen individuell zugeschnittene Empfehlungen und die entsprechenden Unterlagen.",body,type,priority,answer
Tobi-Bueck/customer-support-tickets,customer_support_tickets_tobi,"Dear Support Team,\n\nI hope this message finds you well. I would like to report a persistent connectivity and synchronization issue with my iOS device. Despite multiple attempts to resolve the problem independently, it continues to hinder my ability to synchronize data efficiently across devices.\n\nSpecifically, my iPhone reliably connects to Wi-Fi networks but frequently disconnects abruptly. This unstable connection causes apps, particularly those requiring constant cloud synchronization, to fail in updating to the latest data. For example,",Incident,high,"Thank you for your detailed message, <name>. To assist you more effectively, could you please confirm the iOS version and model of your device? Additionally, is the Wi-Fi connectivity issue limited to specific networks? This information will help us provide more targeted troubleshooting steps.",body,type,priority,answer
Tobi-Bueck/customer-support-tickets,customer_support_tickets_tobi,"Dear Customer Support,\n\nI am submitting a report concerning a critical problem encountered by the Creative Studio Analytics team following the latest system update. Several essential devices, such as scanners, headsets, and workstations, have ceased to function correctly. I suspect the issue may be related to driver conflicts introduced during the update.\n\nOur team has already attempted basic troubleshooting steps, including rebooting the affected systems and reinstalling drivers; unfortunately, these measures did not resolve the problem. The devices continue to be unresponsive.",Problem,high,"Thank you for reaching out to us regarding the issues impacting the Creative Studio Analytics team after the recent system update. We understand the urgency and apologize for the inconvenience caused. Since rebooting and driver reinstallation have not resolved the problem, we would like to gather additional information to assist you effectively. Please provide details about your operating system version, as well as the specific models of the affected scanners, headsets, and workstations. Additionally, inform us if you are encountering any error messages.",body,type,priority,answer
Tobi-Bueck/customer-support-tickets,customer_support_tickets_tobi,"Customer Support Team,\n\nI hope this message reaches you well. I am reaching out to request detailed clarification regarding my recent invoice. I observed some inconsistencies in the charges applied to my account and would appreciate your help in explaining these items. Specifically, I would like a detailed breakdown of the charges from the last billing period, including any fees or adjustments that may have been made.\n\nAdditionally, could you please share information about the payment options available for settling my account? I want to ensure everything is in order for upcoming payments.",Request,high,"Thank you for reaching out to us, <name>. Kindly provide your account number or billing ID so we can review your recent statement and clarify the charges. Please also share your preferred payment methods, along with any updates or instructions for automatic payments and account details.",body,type,priority,answer
Tobi-Bueck/customer-support-tickets,customer_support_tickets_tobi,"Dear Customer Support Team,\n\nI am looking for comprehensive instructions on how to securely connect EMR/PACS systems with IoT medical devices and telemedicine platforms. Ensuring this integration aligns with key data privacy and security standards such as HIPAA, GDPR, and ISO 27001 is essential. I would be grateful for recommended practices, protocols, and frameworks that can assist in meeting these compliance requirements efficiently. Furthermore, I seek advice on potential security vulnerabilities and strategies to mitigate associated risks during the integration process.",Request,high,"Thank you for reaching out, <name>. For secure EMR/PACS and IoT integrations, it is advisable to adopt standards like HL7/FHIR along with TLS/HTTPS protocols to encrypt data during storage and transmission. Establish robust access controls, conduct regular security audits, and secure endpoints. Utilizing API gateways, identity management solutions, and security tools can help ensure compliance with HIPAA, GDPR, and ISO 27001. Please share your specific system details so we can provide more tailored guidance.",body,type,priority,answer
Tobi-Bueck/customer-support-tickets,customer_support_tickets_tobi,"Sehr geehrter Kundenservice,\n\nIch habe anhaltende Schwierigkeiten mit meinen digitalen Hörgeräten beim herstellen einer Bluetooth-Verbindung. Das Problem trat kurz nach der Erweiterung meines WLAN-Netzwerks auf. Ich vermute, dass Störungen die Ursache sind, die zu Verbindungsabbrüchen führen. Bereits habe ich versucht, die Hörgeräte neu zu starten, die Bluetooth-Einstellungen zurückzusetzen und das Gerät auf die Werkseinstellungen zurückzusetzen, doch die Verbindungsprobleme bestehen weiterhin.\n\nZusätzlich ist ein neues Firmware-Update verfügbar, das möglicherweise die Konnektivitätsprobleme beheben könnte. Für weitere Tipps zur Fehlerbehebung und Maßnahmen zur Verbesserung der Bluetooth-Verbindungstabilität wäre ich dankbar.\n\nVielen Dank",Incident,medium,"Vielen Dank, <name>. WLAN und Bluetooth können manchmal interferieren, da sie ähnliche Frequenzen nutzen. Versuchen Sie, den WLAN-Kanal Ihres Routers zu ändern und die Hörgeräte an einem anderen Ort aufzustellen. Bitte teilen Sie uns das Modell Ihrer Geräte mit, damit wir Sie durch den Firmware-Update-Prozess führen und weitere Empfehlungen geben können.",body,type,priority,answer
Tobi-Bueck/customer-support-tickets,customer_support_tickets_tobi,"Dear Customer Support Team,\n\nI hope this message reaches you well. I am reaching out to request comprehensive information concerning the integration process with existing systems. Our organization is contemplating deploying this solution, and understanding the specifics of the integration is vital for our assessment.\n\nCould you kindly furnish detailed documentation that outlines the necessary procedures, compatibility criteria, and prerequisites for successful integration? Additionally, information about supported platforms, available APIs, and any potential limitations would be greatly valued.\n\nShould there be any particular scenarios or systems involved, please inform us accordingly.",Request,high,"Thank you for reaching out to us regarding product integration details. We are pleased to assist with your evaluation process. We will provide thorough integration documentation, including step-by-step instructions, compatibility requirements, and prerequisites for successful deployment. Our product supports multiple platforms and offers extensive API options for seamless connectivity. We will send a detailed document with platform compatibility information in a follow-up email.\n\nIf there are specific systems involved, please let us know.",body,type,priority,answer
Tobi-Bueck/customer-support-tickets,customer_support_tickets_tobi,"Dear Support Team,\n\nWe have discovered a severe disruption affecting the EMR/PACS connections, which seems to be caused by a network failure and may indicate a security compromise. Initial assessments by the SOC DevSecOps teams revealed immediate vulnerabilities. We are currently monitoring the situation closely to ensure system security and stability. We request your urgent assistance in diagnosing and resolving the problem to restore normal operations as swiftly as possible. Please keep us updated on your findings and suggested corrective measures. Your prompt response is appreciated.",Incident,high,"We appreciate your prompt notification regarding the critical disruption impacting EMR/PACS integrations. We are escalating the matter to our network security specialists for immediate investigation. Please keep us informed of any developments and recommended steps. If possible, kindly provide recent system logs and details of the affected endpoints to aid in the analysis.",body,type,priority,answer
Tobi-Bueck/customer-support-tickets,customer_support_tickets_tobi,"Dear Customer Support Team,\n\nI am reaching out to kindly request a brief overview of the recent event concerning the account. Gaining insight into the incident's specifics is vital for evaluating its impact and determining appropriate measures. I would be grateful if you could furnish a clear and concise summary highlighting the main points without excessive technical language.\n\nIn particular, I am eager to understand the type of incident, the sequence of events, the systems or services impacted, and the steps undertaken to address the problem. Additionally,",Incident,medium,"Thank you for your email requesting details about the recent incident associated with the account. To assist you effectively, could you please provide the account number or incident reference number you received? This will help us identify the specific incident in question and ensure we supply accurate and relevant information. Please share a brief summary covering the nature of the incident, the timeline of events, affected systems or services, and the measures taken to resolve it. Including information on preventive actions would also be helpful.",body,type,priority,answer
Tobi-Bueck/customer-support-tickets,customer_support_tickets_tobi,"Dear Customer Support Team,\n\nI am writing to request comprehensive information about the billing procedures for the payment process related to Corsair Dark Core RGB Pro SE Mouse and associated products. These devices are used by institutional clients within quantitative finance settings, making it essential for us to understand the billing structure to ensure adherence to our internal accounting and procurement policies.\n\nCould you kindly provide an overview of the billing process, including available invoicing options and payment terms?",Request,medium,"Thank you for reaching out regarding the billing instructions for the Corsair Dark Core RGB Pro SE Mouse and related products used by institutional clients. We are happy to provide an overview to support compliance with your internal accounting and procurement policies.\n\nOur standard billing process for institutional purchases involves issuing a detailed invoice once the order is confirmed. We offer multiple invoicing options, including electronic invoicing via email with a downloadable PDF.",body,type,priority,answer
Tobi-Bueck/customer-support-tickets,customer_support_tickets_tobi,"Sehr geehrter Kundenservice,\n\nich möchte umfassende Details zum Abrechnungsablauf meines Kontos erhalten. Besonders interessiert mich die einzelnen Phasen, einschließlich der Erstellung der Rechnungen, der akzeptierten Zahlungsmethoden sowie etwaiger Fristen und Deadlines. Zudem bitte ich um Klärung, wie Streitfälle oder Unstimmigkeiten in der Abrechnung behandelt werden. Falls Online-Portale oder Tools zur Verwaltung und Überprüfung der Rechnungen zur Verfügung stehen, bitte ich um Anweisungen zum Zugriff und zur Nutzung. Ein klares Verständnis dieser Details wird mir helfen, mein Konto effizienter zu verwalten und Zahlungen rechtzeitig zu leisten.\n\nVielen Dank",Request,medium,"Vielen Dank für Ihre Anfrage zum Abrechnungsprozess Ihres Kontos. Rechnungen werden monatlich erstellt und per E-Mail verschickt, mit einer Zahlungsfrist von 30 Tagen. Akzeptierte Zahlungsmethoden sind Kreditkarten, Banküberweisungen und PayPal. Sollten Unstimmigkeiten auftreten, bitten wir Sie, innerhalb von 10 Tagen den Support zu kontaktieren, damit wir die Angelegenheit umgehend prüfen können. Rechnungen können auch im Online-Portal eingesehen und verwaltet werden. Falls Sie Probleme beim Zugriff haben, lassen Sie es uns bitte wissen; wir stellen Ihnen eine Schritt-für-Schritt-Anleitung zur Verfügung.",body,type,priority,answer
Tobi-Bueck/customer-support-tickets,customer_support_tickets_tobi,"Dear Customer Support Team,\n\nI am reaching out to request assistance regarding ongoing issues with the RAID controller device connection. Over the past few weeks, I have observed sporadic device detection failures and frequent disconnections, which significantly impact system performance and data integrity.\n\nThe RAID controller appears to intermittently lose communication with connected drives, leading to degraded RAID arrays and occasional system crashes. Basic troubleshooting steps such as checking cable connections and updating firmware, as well as verifying power supply stability, have been attempted, but the problem persists.\n\nCould you please perform advanced diagnostic procedures?",Incident,medium,"Thank you for contacting us regarding your RAID controller issues. To assist you effectively, please provide the model of your RAID controllers, current firmware version, and details about your operating system. If available, kindly send relevant system logs. This information will help us utilize specific diagnostic tools, recommend compatible drivers, and identify known solutions for your system.",body,type,priority,answer
Tobi-Bueck/customer-support-tickets,customer_support_tickets_tobi,"Dear Customer Support Team,\n\nI am reaching out to request detailed documentation regarding the procedures for integrating various popular hardware devices with the Agile SaaS platform. Specifically, I am interested in optimizing compatibility with VR headsets, storage devices, and wireless controllers. My objective is to ensure smooth interaction between software and hardware components, thereby improving the overall user experience and system efficiency.\n\nCould you kindly provide comprehensive guidelines, technical specifications, and recommended workflows that outline the integration process?",Request,high,"Thank you for your inquiry. To deliver precise guidelines and technical details, please specify the brands and models of the VR headsets, storage solutions, and wireless controllers you intend to integrate. We will then share best practices and configuration instructions accordingly.",body,type,priority,answer
Tobi-Bueck/customer-support-tickets,customer_support_tickets_tobi,"Sehr geehrtes Support-Team,\n\nich bitte um Ihre fachkundige Beratung zur Optimierung der Zusammenarbeit zwischen Creative Studio und Performance Marketing Analytics-Teams. Ziel ist es, den Marketing-ROI zu steigern, indem ein datengesteuerter Ansatz mit einer zentralisierten Kontoverwaltung umgesetzt wird. Derzeit bestehen Herausforderungen bei der effizienten Koordination der Abteilungen und der reibungslosen Kommunikation sowie beim Austausch von Daten.\n\nKönnten Sie bitte bewährte Methoden und Strategien bereitstellen, um bereichsübergreifende Arbeitsprozesse zu verbessern? Besonders hilfreich wären Einblicke in die Integration von Datenanalysen in kreative, leistungsorientierte Marketingmaßnahmen.",Request,high,"Vielen Dank für Ihre Anfrage zur bereichsübergreifenden Zusammenarbeit. Um die Abläufe zwischen Creative Studio und Performance Marketing Analytics-Teams zu optimieren, empfehlen wir die Einrichtung regelmäßiger gemeinsamer Planungssitzungen, die Nutzung standardisierter Projektmanagement-Tools wie Asana oder Trello sowie die Verwendung einer einheitlichen Kommunikationsplattform wie Slack oder Microsoft Teams. Die Integration von Daten in kollaborative Dashboards, beispielsweise mit Tableau oder Google Data Studio, ermöglicht es den Teams, Echtzeit-Einblicke zu gewinnen und Kampagnenleistungen gemeinsam zu überwachen. Zudem kann die Einführung eines zentralen Kontoverwaltungssystems, etwa Salesforce, die Zusammenarbeit weiter verbessern.",body,type,priority,answer
Tobi-Bueck/customer-support-tickets,customer_support_tickets_tobi,"Dear Customer Support Team,\n\nI am submitting a report concerning a service disruption affecting our cloud-native SaaS platform. We've noticed sporadic outages that hinder full utilization of the platform's capabilities. These interruptions are causing workflow delays and impacting overall efficiency.\n\nCould you please provide an update on the current status of the problem and an estimated timeframe for resolution? Additionally, any recommended measures to reduce the impact would be appreciated.\n\nThank you for your prompt attention to this matter. I look forward to your response.",Incident,medium,"Thank you for bringing the service issue to our attention. We apologize for the inconvenience caused by the intermittent disruptions affecting workflow and productivity.\n\nAt present, our technical team is aware of the problem impacting the cloud-native SaaS platform and is actively investigating the root cause. Once we have an estimated resolution time, we will inform you promptly. Rest assured, resolving this issue is our top priority, and we are closely monitoring the situation to restore full platform functionality as soon as possible.\n\nTo help lessen the operational impact, we recommend:",body,type,priority,answer
Tobi-Bueck/customer-support-tickets,customer_support_tickets_tobi,"Dear Support Team,\n\nI hope this message reaches you well. I am reaching out for help regarding an issue with my VR controller. Recently, I have been unable to synchronize the controller with my headset. Despite trying multiple times, the device does not seem to connect or sync correctly.\n\nI have attempted various troubleshooting methods, including restarting both the headset and controller, verifying firmware updates, and ensuring that the batteries are fully charged. Regrettably, none of these actions have resolved the issue. The controller simply appears in the list without pairing successfully.",Problem,medium,"Thank you for contacting us regarding your VR controller pairing problem. Could you please specify the exact model of your VR headset and controller? Also, inform us whether any indicator lights are showing on the controller during the pairing attempts. This information will assist us in providing more precise troubleshooting guidance.",body,type,priority,answer
Tobi-Bueck/customer-support-tickets,customer_support_tickets_tobi,"Dear Customer Support Team,\n\nI am reaching out to seek guidance on implementing vital upgrades to our infrastructure, which are crucial for advancing the company's data processing capabilities. The objectives include improving support for sophisticated data lakes, incorporating Python-based machine learning models, and deploying automated balancing engines across various divisions. These improvements aim to enhance real-time analytical functions, ESG (Environmental, Social, Governance) reporting, and automation of investment strategies.\n\nAt present, our infrastructure does not support scalability.",Change,medium,"Thank you for contacting us regarding your infrastructure enhancement requirements. To offer precise advice, could you please provide additional information about your current environment, existing data storage solutions, preferred cloud or on-premises architecture, and any current system performance or security limitations? For advanced data lakes, we generally recommend exploring scalable platforms such as AWS Lake Formation or Azure Data Lake, which facilitate centralized data management and streamlined operations.",body,type,priority,answer
Tobi-Bueck/customer-support-tickets,customer_support_tickets_tobi,"Dear Customer Support,\n\nI am submitting a report regarding a major interruption currently impacting access to telehealth services. The disruption appears to originate from either a network malfunction or a possible cybersecurity event. I have already performed preliminary troubleshooting, such as confirming network connections and examining security logs, but access still remains blocked.\n\nThis disruption is causing significant difficulties, hindering patients and healthcare professionals from using vital telemedicine solutions.",Incident,medium,"Thank you for alerting us to this urgent service disruption. We recognize the serious impact on telehealth operations and are treating the issue as a priority. Our technical team is actively investigating the root cause, including potential network or security issues. To help speed up the resolution, could you please share any recent error messages, timestamps of the initial outage, and relevant server or client-side log files? If possible, providing screenshots or detailed descriptions of user experiences would be very helpful.",body,type,priority,answer
Tobi-Bueck/customer-support-tickets,customer_support_tickets_tobi,Please provide an explanation regarding the current billing framework. Could you share detailed information to better understand the fees applied to the account? Thank you.,Request,medium,Thank you for your inquiry about the billing structure. Could you please provide your account number and details from the most recent invoice so we can review the fees and offer a detailed explanation specific to your account?,body,type,priority,answer
Tobi-Bueck/customer-support-tickets,customer_support_tickets_tobi,"Dear Customer Support Team,\n\nI hope this message reaches you well. I am seeking detailed guidance on how to safeguard telehealth systems. As telemedicine becomes an increasingly crucial aspect of healthcare delivery, prioritizing the protection and confidentiality of patient information is essential.\n\nCould you please share comprehensive recommendations and best practices to strengthen the security of telehealth platforms? I am particularly interested in understanding common vulnerabilities these systems face and effective strategies to mitigate potential threats, including the use of encryption.",Request,medium,"Thank you for reaching out regarding the security of telehealth platforms. To protect patient information and ensure compliance with HIPAA and GDPR, it is important to implement measures such as end-to-end encryption for communications (using TLS 1.2 or higher), enforcing robust user authentication methods (preferably multi-factor authentication), and storing health data in encrypted databases. Regularly updating software and applying security patches promptly, restricting access through role-based permissions, and monitoring system activity for unauthorized access attempts are also vital steps.",body,type,priority,answer
Tobi-Bueck/customer-support-tickets,customer_support_tickets_tobi,"Dear Customer Support Team,\n\nI hope this message finds you well. I am reaching out to request comprehensive details about your support offerings, specifically related to troubleshooting integration issues across various products. I am particularly eager to understand the procedures involved in supporting software such as QuickBooks Online and Microsoft Word, as well as hardware devices and banking-compliant analytical tools.\n\nCould you please share insights into the steps and protocols your support team follows when resolving issues associated with these products? Additionally, would you mind providing information on how you approach remote diagnostics and problem resolution?",Request,medium,"Thank you for contacting us about our support integration services. Our team offers comprehensive assistance for software like QuickBooks Online, Microsoft Word, along with various hardware components and banking-compliant analytical tools. We begin with a detailed evaluation to understand your specific integration requirements, then follow customized troubleshooting procedures tailored to the product type. For software problems, our process usually involves remote diagnostics and guided resolutions, while hardware concerns are often addressed through remote support or scheduled on-site visits if necessary.",body,type,priority,answer
Tobi-Bueck/customer-support-tickets,customer_support_tickets_tobi,"Dear Customer Support,\n\nI am encountering several problems with peripheral devices and productivity applications following recent updates. The issues appear to be linked to compatibility and network connectivity. Despite restarting the devices and thoroughly checking connections, the problems continue to occur on both gaming and office hardware setups. This is significantly disrupting my workflow and productivity. Could you please assist with diagnosing and resolving these issues? Any advice on compatibility updates or network configuration changes would be greatly appreciated.\n\nThank you for your support.\n\nBest regards,",Incident,medium,"Thank you for reaching out regarding the issues with your peripheral devices and productivity tools after recent updates. Could you specify which devices and software are affected and any error messages encountered? This will help us offer precise troubleshooting steps, compatibility updates, or network configuration recommendations.",body,type,priority,answer
Tobi-Bueck/customer-support-tickets,customer_support_tickets_tobi,"Dear Customer Support,\n\nI would like to report a performance concern with the Cloud SaaS platform. Recently, I've experienced sluggish response times and occasional timeouts when accessing various features. This significantly impacts my workflow and productivity. Could you please investigate the causes and provide an estimated timeframe for resolution? Additionally, any temporary workaround suggestions to enhance performance would be appreciated. Thank you for your prompt attention to this matter.\n\nBest regards,\n[Your Name]",Problem,high,"Thank you for reporting the performance issues with the Cloud SaaS platform. We apologize for the inconvenience caused. We will investigate the underlying causes and provide an estimated timeline for resolution. Could you please specify when the slow responses and timeouts occur, and indicate the specific features affected? Also, please share your browser version and operating system details. In the meantime, we recommend clearing your browser cache, trying an alternative browser, and ensuring a stable internet connection, which may help improve performance. We are working to resolve the issue.",body,type,priority,answer
Tobi-Bueck/customer-support-tickets,customer_support_tickets_tobi,"Dear Customer Support Team,\n\nI hope this message reaches you well. I am reporting a critical problem with the connectivity to our big data repository. Over recent days, we have been unable to maintain stable links to the data lake, which has significantly disrupted our data processing operations and overall efficiency.\n\nThe connectivity problems seem to be sporadic and are happening more frequently. At times, the connection drops unexpectedly, causing our data ingestion processes to fail partway through. I have already attempted basic troubleshooting measures.",Incident,medium,"Thank you for reaching out, <name>. To assist you better, please provide recent error logs indicating when the disruptions occurred. We are currently aware of ongoing outages and are investigating the issue urgently.",body,type,priority,answer
Tobi-Bueck/customer-support-tickets,customer_support_tickets_tobi,"Sehr geehrtes Support-Team,\n\nich wende mich an Sie, um Unterstützung bezüglich einer kürzlichen Interaktion zu erbitten. Mir wurde mitgeteilt, dass ein umsetzbares Problem gemeldet wurde und ein spezifischer Vorfall beschrieben wurde. Ich verstehe, dass es schwierig sein kann, alle Details klar darzustellen, und schätze jede Unterstützung bei der Lösung etwaiger Probleme. Dennoch möchte ich die Schwierigkeiten, auf die ich gestoßen bin, deutlich machen, in der Hoffnung, dass eine Behebung helfen wird.\n\nKönnten Sie bitte Anweisungen bereitstellen, wie ich das Problem am besten beschreiben kann, um eine effiziente Bearbeitung zu gewährleisten? Falls es Vorlagen gibt, würde ich diese gerne nutzen.",Problem,low,"Vielen Dank für Ihre Bereitschaft, weitere Details bereitzustellen, damit wir gezielt helfen können. Um das Problem zügig zu lösen, bitten wir Sie, eine klare Beschreibung des Problems zu geben, inklusive des Zeitpunkts des Beginns, etwaiger Fehlermeldungen oder Codes, die Sie gesehen haben, sowie der Schritte, die Sie bereits unternommen haben, um das Problem zu beheben. Diese Informationen sind wichtig, um Ihre Nutzung unserer Dienste möglichst störungsfrei fortzusetzen. Bitte verwenden Sie die folgende Vorlage als Leitfaden: eine kurze Zusammenfassung des Problems, wann es begonnen hat, spezifische Details...",body,type,priority,answer
Tobi-Bueck/customer-support-tickets,customer_support_tickets_tobi,"Dear Customer Support Team,\n\nI am submitting a report concerning a critical outage in the platform services that is currently hindering device connectivity throughout operations. This issue has interrupted access to the SaaS platform, greatly affecting the functionality of barcode scanners, RAID controllers, and other vital daily tools.\n\nInitial diagnostics suggest that the root cause may be linked to failures in Kubernetes orchestration. We have attempted to mitigate the problem by restarting pods and redeploying microservices, but unfortunately, these measures have not resolved the issue. The problem persists.",Incident,high,"We appreciate your urgent notification regarding the platform outage impacting device connectivity. To assist you swiftly, could you please share the current error logs from the Kubernetes clusters and any recent changes made in the environment since the outage began? Additionally, let us know your preferred time for a phone call to perform real-time troubleshooting. Your cooperation will help us accelerate the resolution and restore normal service as soon as possible. Thank you for your patience and prompt response.",body,type,priority,answer
Tobi-Bueck/customer-support-tickets,customer_support_tickets_tobi,"Dear Customer Support Team,\n\nI am seeking comprehensive details regarding the company's products and services. Would you be able to send brochures, pricing lists, and any pertinent information? This will assist me in making an informed decision regarding possible acquisitions. Thank you for your support.\n\nKind regards,\nCustomer",Request,medium,"Thank you for your interest in our products and services. We are pleased to provide brochures, pricing information, and other relevant details to aid your decision-making process. Please specify which products or services you are interested in so we can send the appropriate information. If you have any specific requirements, please let us know. We look forward to assisting you further.",body,type,priority,answer
Tobi-Bueck/customer-support-tickets,customer_support_tickets_tobi,"Dear Customer Support Team,\n\nI hope this message reaches you well. I am writing to request a detailed overview of the services provided by your marketing firm. Our organization is currently examining options to improve our marketing campaigns and strategies, and we believe collaborating with a professional marketing agency could be highly advantageous.\n\nIn particular, we are interested in understanding the scope of your offerings, including digital advertising, social media management, content development, SEO enhancement, and specialized marketing solutions. Additionally,",Request,high,"We appreciate your interest in our marketing services. We provide a comprehensive range of solutions including digital advertising, social media management, content creation, SEO improvements, and customized marketing strategies to suit your requirements. Our team has extensive experience working with clients across various sectors and is happy to share relevant case studies and success stories upon request. The typical process for onboarding new clients involves an initial discovery phase followed by the development of a strategic plan.",body,type,priority,answer
Tobi-Bueck/customer-support-tickets,customer_support_tickets_tobi,"Dear Customer Support,\n\nI am submitting a report regarding a billing inconsistency observed in the June invoice from the marketing firm. It seems there is an unexpected fee linked to a product package that we did not anticipate. I have carefully examined the account activity and compared it with recent invoices to confirm the charges are correct. Despite these efforts, the problem persists.\n\nWe believe there might be a calculation error stemming from the automated billing system or a misassignment of the product SKU, which could have led to this discrepancy. This issue has caused some confusion and concern.",Incident,low,Thank you for bringing the billing discrepancy to our attention. Kindly provide the account number and details of the specific charge in question so we can investigate and resolve the matter swiftly.,body,type,priority,answer
Tobi-Bueck/customer-support-tickets,customer_support_tickets_tobi,"Dear Customer Support Team,\n\nI am reaching out to request detailed documentation and expert assistance for integrating the Valve Index VR Kit into an Ubuntu 20.04 operating system environment, specifically designed for healthcare infrastructure. The goal is to deploy VR technology effectively while maintaining strict adherence to essential regulatory standards such as HIPAA, GDPR, and ISO 27001.\n\nConsidering the sensitive nature of patient data in healthcare settings, implementing robust security measures is crucial.",Request,low,"Thank you for your inquiry regarding the secure setup of the Valve Index VR Kit with Ubuntu 20.04 in healthcare scenarios. Currently, we offer a comprehensive whitepaper that covers the integration process, including installation instructions, security protocols, hardware, and software considerations. For compliance-specific guidance, we advise consulting your internal compliance team and reviewing relevant regulatory frameworks to ensure all controls are properly implemented. Please let us know if you need a detailed step-by-step setup guide.",body,type,priority,answer
Tobi-Bueck/customer-support-tickets,customer_support_tickets_tobi,"Dear Customer Support,\n\nI am eager to understand the functionalities provided by the investment analysis platform. Could you please furnish comprehensive details about its primary features, data sources, and distinctive tools that set it apart from other market options? Gaining clarity on these features will help determine if the platform aligns with my investment analysis requirements. I appreciate your support and look forward to a detailed reply.\n\nBest regards,\n[Your Name]",Request,high,"Thank you for your interest in the investment analytics platform. The platform provides sophisticated portfolio evaluation, live market information, tailored reporting options, and risk analysis utilities. It supports integration with leading financial data providers, offering both historical and real-time data on equities, fixed income, and alternative investments. Notable features include AI-driven insights, scenario simulation, and multi-asset allocation tools designed to identify trends and enhance performance. The user-friendly dashboard makes navigation straightforward.",body,type,priority,answer
Tobi-Bueck/customer-support-tickets,customer_support_tickets_tobi,"Sehr geehrtes Support-Team,\n\nich hoffe, diese Nachricht erreicht Sie wohlbehalten. Ich möchte ein Problem melden, das wir mit der Agile Squad Cloud Platform festgestellt haben. Unser Team ist stark auf die Plattform für unsere täglichen Arbeitsprozesse angewiesen, doch wir erleben momentan erhebliche Störungen, die den Arbeitsfluss beeinträchtigen.\n\nBesonders treten sporadische Verbindungsprobleme und gelegentliche Fehler beim Synchronisieren von Daten in verschiedenen Modulen auf. Diese Probleme führen zu Verzögerungen bei Projektaktualisierungen und erschweren die Zusammenarbeit innerhalb unserer agilen Teams. Wir haben bereits grundlegende Fehlerbehebungsschritte wie Neustarts durchgeführt.",Problem,high,"Vielen Dank, dass Sie die Probleme mit der Agile Squad Cloud Platform gemeldet haben. Könnten Sie bitte die Namen der betroffenen Module und die entsprechenden Fehlermeldungen angeben? Wir prüfen die Angelegenheit und werden Sie so bald wie möglich über die Updates informieren.",body,type,priority,answer
Tobi-Bueck/customer-support-tickets,customer_support_tickets_tobi,"Dear Customer Support Team,\n\nI hope this message reaches you well. I am writing to draw attention to a billing irregularity observed on my account involving several devices. Over the previous billing periods, I noticed unexpected charges that correspond with the usage of the service plans I am subscribed to.\n\nIn particular, it seems that charges have been applied to devices that I have long since deactivated. Additionally, there are instances of duplicate billing across multiple devices, which has caused a substantial increase in my total bill.",Problem,low,"Thank you for reaching out about the billing discrepancies on your account. We understand your concerns regarding potentially duplicated charges across various devices, and we apologize for any confusion this may have caused. To assist you efficiently, could you please provide your account number (<acc_num>) along with the details of the devices you believe were deactivated but still billed? This will enable us to review your billing history accurately and identify the source of the discrepancies. Also, if there are recent invoice numbers or specific dates where incorrect charges appeared, kindly include those as well.",body,type,priority,answer
Tobi-Bueck/customer-support-tickets,customer_support_tickets_tobi,"Dear Customer Support Team,\n\nI am submitting a report regarding a widespread outage impacting the SaaS platform. Several hardware and software components have been affected, with the incident possibly involving critical elements such as Kubernetes, the CI/CD pipeline, and resource allocation failures. This disruption is significantly impairing operational functions and demands prompt action.\n\nOur initial diagnostics were conducted swiftly and identified the issue; however, a solution has not yet been found. The symptoms indicate that the problem could be related to",Incident,high,"Thank you for your urgent notification. Please proceed swiftly and share relevant error logs, names of affected services, and details about the Kubernetes environment. We will escalate the incident and provide regular updates as we investigate. Kindly inform us of any immediate workarounds you have attempted.",body,type,priority,answer
Tobi-Bueck/customer-support-tickets,customer_support_tickets_tobi,"Dear Customer Support Team,\n\nI am reaching out to highlight a billing inconsistency observed in a recent invoice. After examining the charges for various purchased items, I notice some discrepancies that likely need clarification. The total amount billed matches the listed prices for each product, but it appears that some items may have been charged only once.\n\nI kindly ask for a thorough review of my account and a detailed explanation of the charges applied. It would be very helpful if you could provide an itemized statement that clearly indicates the costs associated with each product.",Incident,high,"Thank you for contacting us regarding the billing issue on your recent invoice. To assist you further, please provide your account number and a copy of the invoice showing the specific charges in question. This will help us verify the charges and identify any duplicate or incorrect billing. Once we receive the details, we will promptly review and send you an itemized statement that includes all relevant taxes and fees. If an error is confirmed, we will inform you of the corrective actions taken and an estimated timeline for resolution.",body,type,priority,answer
Tobi-Bueck/customer-support-tickets,customer_support_tickets_tobi,"Dear Customer Support Team,\n\nI am reaching out to request an update to the maintenance procedures and outage notification protocols for our SaaS platform. These critical processes need to be closely integrated with the workflows of our Agile teams to ensure smooth coordination and more efficient use of resources. By refining these procedures, we aim to maximize platform availability, strengthen tenant isolation measures, and enhance overall system dependability and security.\n\nFurthermore, issuing prompt and clear outage notifications is vital for maintaining user confidence.",Change,low,"Thank you for contacting us regarding the revision of maintenance procedures and outage notification protocols for the SaaS platform. We appreciate understanding the importance of aligning processes with Agile teams to improve coordination, resource management, and tenant isolation. To assist you effectively, could you please provide specific details about the current workflows, challenges faced by your teams, and any issues with the existing procedures? This will enable us to customize our recommendations to better meet your needs. Additionally, please share your preferred channels for notifications.",body,type,priority,answer
Tobi-Bueck/customer-support-tickets,customer_support_tickets_tobi,"Facing abnormal connectivity disruptions across several smart gadgets, such as baby monitors and health monitoring systems. Suspected unauthorized access. Preliminary containment measures have failed. Urgent support needed to address security risks.",Incident,medium,Issue escalated to the security team for prompt investigation and action.,body,type,priority,answer
Tobi-Bueck/customer-support-tickets,customer_support_tickets_tobi,"Dear Support Team,\n\nWe have discovered a severe disruption affecting the EMR/PACS connections, seemingly due to a network failure that may also indicate a security breach. Preliminary assessments by the SOC DevSecOps teams revealed immediate vulnerabilities. We are continuing to monitor the situation to ensure the system's security and stability. We urgently seek your help in diagnosing and resolving the problem to restore normal operations as swiftly as possible. Kindly keep us updated on your findings and recommended measures.\n\nThank you for promptly notifying us about this critical issue impacting EMR/PACS integration. We are escalating the matter to our network security specialists for immediate investigation. Please keep us posted on the progress and suggested actions. If possible, provide recent system logs and details of affected endpoints to assist with the analysis.",Incident,high,"We appreciate your prompt alert regarding the critical disruption impacting EMR/PACS integrations. The incident has been escalated to our network security team for immediate investigation. Please keep us informed of any updates and recommended steps. If available, kindly share recent system logs and endpoint information to aid in the analysis.",body,type,priority,answer
Tobi-Bueck/customer-support-tickets,customer_support_tickets_tobi,"Dear Customer Support Team,\n\nI hope this message finds you well. I am reaching out to highlight a performance problem currently affecting the Cloud SaaS platform. Over the past few days, I have observed a notable decline in responsiveness and overall speed, which is disrupting daily workflows.\n\nSpecifically, tasks that normally complete within seconds are taking significantly longer, sometimes several minutes. This lag impacts individual user actions and automated processes that depend on prompt responses.",Problem,medium,"Thank you for bringing this to our attention. We are aware of ongoing outages and maintenance activities impacting the Cloud SaaS service. We will investigate further; could you please provide specific examples of affected tasks, relevant timestamps, and any error messages encountered? If possible, kindly share related logs. If you prefer a phone call, let us know a convenient time and contact number. We are dedicated to resolving this issue promptly.",body,type,priority,answer
Tobi-Bueck/customer-support-tickets,customer_support_tickets_tobi,"Sehr geehrtes Kundensupport-Team,\n\nich möchte einen dringenden Vorfall melden, der die Integration unserer Geräte mit der cloud-basierten SaaS-Plattform betrifft. Kürzlich haben wir festgestellt, dass die betroffenen Geräte nicht mehr ordnungsgemäß mit der Plattform kommunizieren, was unsere betrieblichen Abläufe erheblich beeinträchtigt. Das Problem scheint im Zusammenhang mit den jüngsten Aktualisierungen der CI/CD-Pipeline zu stehen.\n\nWir haben versucht, das Problem durch einen Neustart der Integrationsdienste zu beheben; jedoch besteht das Problem weiterhin und betrifft mehrere Microservices, die an der Kommunikationskette beteiligt sind. Trotz unserer Bemühungen bleiben die Geräte mit den Systemen nicht stabil verbunden.",Incident,medium,"Vielen Dank für die Meldung des Vorfalls. Um uns schnellstmöglich bei der Problemlösung zu unterstützen, bitten wir Sie, die Geräteprotokolle sowie detaillierte Informationen zu den betroffenen Microservices und den genauen Zeitpunkt des Beginns des Problems im Zusammenhang mit den CI/CD-Updates bereitzustellen. Diese Angaben ermöglichen es uns, die Ursache des Integrationsproblems zügig zu untersuchen und zu beheben. Wir schätzen Ihre Zusammenarbeit sehr.",body,type,priority,answer
Tobi-Bueck/customer-support-tickets,customer_support_tickets_tobi,"Sehr geehrtes Support-Team,\n\nich hoffe, diese Nachricht erreicht Sie wohlbehalten. Ich suche nach umfassenden Informationen zu bewährten Methoden für die Multi-Geräte-Integration im Bereich der Automatisierung, insbesondere für Finanzunternehmen, die Big Data und Machine-Learning-Modelle nutzen, um individuell angepasste regelbasierte Anlagestrategien umzusetzen. Unser Unternehmen ist dabei, unsere technologische Infrastruktur zu optimieren, um die Effizienz bei Entscheidungsprozessen auf mehreren Plattformen und Geräten zu steigern.\n\nKönnten Sie bitte eine Anleitung zu den effektivsten Ansätzen für die Integration verschiedener Geräte in komplexen Umgebungen bereitstellen? Zudem wären technische Dokumentationen oder Fallstudien hilfreich, um die Anforderungen besser zu verstehen. Bitte teilen Sie auch Ihre bevorzugten Formate (z.B. PDF).",Request,medium,"Vielen Dank, dass Sie sich bezüglich bewährter Praktiken für die Multi-Geräte-Integration in der Automatisierung im Finanzsektor an uns gewandt haben. Für Umgebungen, die Big Data und Machine-Learning-Modelle verarbeiten, empfehlen wir die Nutzung sicherer APIs, zentraler Data Lakes sowie robuster rollenbasierter Zugriffskontrollen, um die Datenintegrität und den Schutz über Geräte hinweg zu gewährleisten. Die Automatisierung kann durch Orchestrierungstools verbessert werden, um Arbeitsabläufe zu steuern und ML-gestützte Erkenntnisse in Entscheidungsprozesse zu integrieren. Falls Sie technische Dokumentationen oder Fallstudien benötigen, teilen Sie uns bitte Ihre Anforderungen und bevorzugten Formate (z.B. PDF) mit.",body,type,priority,answer
Tobi-Bueck/customer-support-tickets,customer_support_tickets_tobi,"Dear Customer Support Team,\n\nI am reaching out to request the return of several electronic hardware products recently bought from your store. Unfortunately, these items do not meet my expectations due to minor defects and compatibility concerns identified upon inspection.\n\nThe items in question include a wireless mouse, a USB-C hub, and an external hard drive. They have been used carefully during initial setup and testing, are still in excellent condition, and come with all original packaging and accessories.\n\nI would be grateful for your assistance.",Incident,low,"Thank you for reaching out regarding the return of the wireless mouse, USB-C hub, and external hard drive. To proceed, kindly provide your order number and preferred contact details to help us locate your purchase and facilitate the return process. Once we receive this information, we will issue a return merchandise authorization (RMA), send you detailed return instructions, and confirm if a prepaid shipping label will be supplied. Typically, returns are processed within 5-7 business days.",body,type,priority,answer
Tobi-Bueck/customer-support-tickets,customer_support_tickets_tobi,"Sehr geehrtes Support-Team,\n\nich hoffe, diese Nachricht erreicht Sie wohlbehalten. Ich schreibe, um anhaltende Schwierigkeiten mit der WLAN-Verbindung in unserem Büro zu melden. In den letzten Tagen ist die Internetverbindung unzuverlässig, es kommt zu häufigen Unterbrechungen und langsamen Geschwindigkeiten, was die täglichen Arbeitsprozesse erheblich beeinträchtigt.\n\nUnser Büro ist auf eine stabile Internetverbindung angewiesen, um zu kommunizieren, cloud-basierte Anwendungen zu nutzen und virtuelle Meetings durchzuführen. Leider verursachen die aktuellen Verbindungsprobleme Verzögerungen, die Produktivität beeinträchtigen, und schaffen eine frustrierende Arbeitsumgebung für unser Team.\n\nWir haben bereits mehrere Maßnahmen ergriffen, um das Problem zu beheben.",Problem,medium,"Vielen Dank, dass Sie uns wegen der anhaltenden WLAN-Probleme in Ihrem Büro kontaktiert haben. Wir verstehen, wie wichtig eine stabile Internetverbindung für Ihren täglichen Betrieb ist, und entschuldigen uns für die entstandenen Unannehmlichkeiten. Damit wir Ihnen bestmöglich helfen können, bitten wir Sie, uns Details zu Ihrer Büroadresse, der Anzahl der betroffenen Geräte und, falls das Problem zu bestimmten Tageszeiten auftritt, mitzuteilen. Es wäre ebenfalls hilfreich, aktuelle Netzwerk-Router-Protokolle zu übermitteln, um eine Diagnose zu erleichtern. Sobald wir diese Informationen haben, werden wir gezielte Schritte zur Fehlerbehebung vorschlagen.",body,type,priority,answer
Tobi-Bueck/customer-support-tickets,customer_support_tickets_tobi,"Dear Customer Support Team,\n\nI hope this message finds you well. I am reaching out to inquire about the services offered by your marketing agency. We are currently looking for potential partners to help us improve our brand visibility and develop effective marketing strategies. Given the competitive landscape of our industry, it is essential for us to work with an agency that understands our objectives and can customize strategies to meet our unique requirements.\n\nCould you please provide detailed information about the range of services you offer?",Request,low,"Thank you for contacting us regarding marketing agency offerings. We provide a comprehensive range of solutions, including digital marketing, social media management, content creation, and search engine optimization. Our team specializes in crafting tailored strategies to boost brand visibility aligned with your specific objectives. From campaign planning to execution, we utilize industry-standard tools for tracking and analytics, enabling us to measure key performance indicators and optimize results effectively.",body,type,priority,answer
Tobi-Bueck/customer-support-tickets,customer_support_tickets_tobi,Mehrere essenzielle Hardware- und Softwarekomponenten sind nach dem jüngsten Update nicht mehr funktionsfähig. Ein Neustart gemäß Routine-Check hat bisher keine Lösung gebracht. Wir bitten dringend um Unterstützung.,Incident,medium,"Vielen Dank für Ihre Meldung bezüglich der Probleme nach dem letzten Update. Damit wir Ihnen zügig weiterhelfen können, bitten wir Sie, die betroffenen Hardware- und Softwareprodukte sowie etwaige Fehlermeldungen zu beschreiben. Wenn Sie telefonische Unterstützung benötigen, teilen Sie uns bitte eine passende Zeit für einen Anruf mit. Wir werden alles daran setzen, das Problem so schnell wie möglich zu beheben.",body,type,priority,answer
Tobi-Bueck/customer-support-tickets,customer_support_tickets_tobi,"Dear Customer Support Team,\n\nI am reaching out to seek further clarification regarding the description of the recent product malfunction's impact. The information currently available is somewhat vague; I require a comprehensive explanation of how the incident influences the product's functioning and the possible outcomes for users. Gaining a complete understanding of the impact is essential for us to evaluate the situation accurately and determine suitable measures. Kindly provide additional details or documentation to help elucidate the issue.\n\nThank you for your prompt support.\n\nBest regards,\n[Your Name]",Incident,low,"Thank you for contacting us about the recent product issue. We recognize the importance of providing clear and detailed information to evaluate the operational effects. The incident primarily caused intermittent performance issues, leading to slower response times and occasional service outages for some users. Data loss and security vulnerabilities were also identified as consequences of the event. These impacts may result in temporary delays in accessing certain features and, in some cases, brief disruptions.",body,type,priority,answer
Tobi-Bueck/customer-support-tickets,customer_support_tickets_tobi,"Sehr geehrter Kundendienst,\n\nich wende mich an Sie, um mehrere Schwierigkeiten im Zusammenhang mit meinen Geräten zu melden. Es gibt Verbindungsprobleme bei mehreren Geräten sowie Hardwarefehler. Kürzlich hatte ich Probleme beim gleichzeitigen Verbinden mehrerer Geräte, was meine Produktivität erheblich beeinträchtigt hat. Außerdem scheinen einige Hardwarekomponenten sporadisch Fehlfunktionen aufzuweisen, was unerwartete Herunterfahrungen und Leistungseinbußen verursacht.\n\nIch habe bereits Maßnahmen wie Neustart der Geräte, Überprüfung auf Software-Updates und Kontrolle der Netzwerkverbindungen durchgeführt, doch die Probleme bestehen weiterhin. Diese Störungen sind sehr störend, und ich befürchte, dass sie sich verschlimmern könnten.",Problem,low,"Vielen Dank, dass Sie uns kontaktiert haben. Damit wir Ihnen besser helfen können, teilen Sie bitte die Modellnummern Ihrer Geräte, die verwendeten Betriebssysteme sowie etwaige Fehlermeldungen mit. Wenn Sie eine Fernsupport-Sitzung bevorzugen, geben Sie bitte Ihre Verfügbarkeit für einen Anruf an.",body,type,priority,answer
Tobi-Bueck/customer-support-tickets,customer_support_tickets_tobi,"Dear Customer Support Team,\n\nI am submitting a report concerning a critical issue impacting several hardware and software units within the environment. Over the past few days, there have been ongoing problems with access speeds across numerous devices. These issues appear to be linked to recent adjustments in security settings made during routine updates.\n\nAt first, I tried basic troubleshooting methods such as rebooting the affected units and checking network connections. Unfortunately, these efforts did not resolve the problem.",Incident,high,"Thank you for reaching out regarding the connectivity performance concerns affecting your devices. We recognize the urgency of this matter and want to assist you effectively. To do so, please provide further information, including the specific names and types of affected devices, any recent error messages you've observed, and available logs. Additionally, sharing details about the recent security configuration modifications would enable us to identify potential causes more efficiently. Meanwhile, please confirm the users affected.",body,type,priority,answer
Tobi-Bueck/customer-support-tickets,customer_support_tickets_tobi,"Dear Customer Support Team,\n\nI hope this message reaches you well. I am reaching out to inquire about the current status of the service disruption affecting our operations. We have observed some interruptions and would be grateful for detailed information regarding the cause, the anticipated duration, and any scheduled maintenance activities or ongoing efforts.\n\nKnowing the estimated timeline for resolution is vital for us to plan our activities and communicate effectively with stakeholders. Could you please provide an update on which services are affected and what steps your team is undertaking?",Request,high,"Thank you for reaching out about the service disruption. We are aware of the issue, and our technical team is actively working to resolve it. At present, services may experience occasional interruptions. We anticipate a resolution within the next few hours and will provide an update once full service is restored. While official workarounds are not yet available, we appreciate your patience.",body,type,priority,answer
Tobi-Bueck/customer-support-tickets,customer_support_tickets_tobi,"Dear Customer Support Team,\n\nI am submitting a report regarding a significant disturbance impacting the deployment of microservices on our SaaS platform. Over the past few hours, we've encountered sporadic failures and delays in the deployment process, which hinder our ability to release updates and maintain service standards.\n\nThe problem seems linked to the deployment pipeline, with microservices either failing to start properly or not becoming fully operational within expected timeframes. Despite multiple attempts to restart and rollback, the issue persists. This disruption is affecting our service delivery.",Incident,low,"Thank you for reporting the deployment disruption. To assist further, could you please provide details of recent changes to the deployment pipeline, any error messages you have received, and which microservices are impacted? We are prepared to escalate this to our engineering team. Your prompt response would be appreciated.",body,type,priority,answer
Tobi-Bueck/customer-support-tickets,customer_support_tickets_tobi,"Dear Support Team,\n\nI am reaching out to request help with a printer issue. Despite trying several solutions, the device refuses to print any documents. I have verified the connection, checked that there is enough paper and ink, and restarted both the printer and the computer, but the problem remains. This issue is hindering my ability to complete urgent tasks, and I would be grateful for any guidance to resolve it promptly.\n\nThank you for your quick attention to this matter.\n\nBest regards,\n[Your Name]",Problem,low,"Thank you for contacting us, <name>. To assist you better, could you please specify the printer model and indicate if any error messages appear on the printer display or on your computer? Additionally, is the printer connected via USB or over a network? With this information, we can provide detailed troubleshooting steps to resolve the issue as quickly as possible.",body,type,priority,answer
Tobi-Bueck/customer-support-tickets,customer_support_tickets_tobi,"Sehr geehrtes Kundensupport-Team,\n\nich hoffe, diese Nachricht erreicht Sie wohlbehalten. Ich schreibe, um Ihre Aufmerksamkeit auf ein Problem zu lenken, das bei meiner aktuellen Abrechnung aufgetreten ist. Bei der Überprüfung meines Kontos habe ich Unstimmigkeiten festgestellt, die mit den vorherigen Transaktionen und den genutzten Dienstleistungen übereinstimmen.\n\nBesonders wurde mir ein Betrag berechnet, der höher erscheint als erwartet, was auf zusätzliche Gebühren hinweist, die mir weder eindeutig genehmigt noch erklärt wurden. Dies hat bei mir erhebliche Bedenken hervorgerufen und beeinträchtigt meine Budgetplanung sowie meine finanzielle Übersicht.\n\nIch bitte um eine detaillierte Überprüfung der Abrechnungshistorie und eine Erklärung der Rechnung.",Problem,medium,"Vielen Dank, dass Sie uns wegen der Abrechnungsdifferenz auf Ihrem Konto, Herr/Frau <name>, kontaktiert haben. Wir verstehen Ihre Bedenken und möchten dies so schnell wie möglich klären. Damit wir Ihnen bestmöglich weiterhelfen können, bitten wir Sie, Ihre Kontonummer sowie die aktuelle Rechnungsnummer anzugeben, um die betreffenden Gebühren zuordnen zu können. Diese Informationen ermöglichen es uns, die Abrechnungshistorie im Detail zu prüfen und eine klare Erklärung der Gebühren zu liefern. Falls Sie das Gespräch lieber telefonisch führen möchten, teilen Sie uns bitte eine passende Zeit mit, unter der wir Sie erreichen können. Vielen Dank für Ihre Geduld, wir freuen uns auf Ihre Rückmeldung.",body,type,priority,answer
Tobi-Bueck/customer-support-tickets,customer_support_tickets_tobi,"Dear Customer Support,\n\nI am encountering frequent crashes with my Mac Mini, particularly when engaged in video editing activities. The crashes tend to happen during demanding tasks, leading me to suspect potential causes such as thermal throttling or overload of system resources. I have already tried reinstalling the video editing software and updating relevant drivers, but the issue persists despite these efforts.\n\nThese disruptions greatly affect my workflow efficiency. Could you please assist in diagnosing the underlying cause?",Problem,low,"Thank you for providing detailed information regarding the Mac Mini issue. Since the crashes occur during intensive video editing, they might be related to overheating, limited system resources, or hardware problems. To help with further diagnosis, please share the specific Mac Mini model, total RAM capacity, and the version of macOS installed. Additionally, are any error messages shown before the crashes, or does the system simply restart or power off? Please include these details.",body,type,priority,answer
Tobi-Bueck/customer-support-tickets,customer_support_tickets_tobi,"Dear Support Team,\n\nI am reaching out to highlight an urgent problem with the automated rebalancing component within our integrated portfolio management platform. Over recent days, I've noticed unusual behaviors from the system, which have resulted in incorrect asset distributions that diverge from our established investment plans.\n\nIn particular, the system seems unable to carry out scheduled rebalancing transactions, and although transactions are processed, they do not match our target asset proportions. This malfunction jeopardizes our investment outcomes and requires immediate attention.",Incident,medium,"We appreciate you bringing this critical issue to our notice. Our technical team has been notified and will provide updates shortly. Meanwhile, could you please share the account details affected and any recent modifications made?",body,type,priority,answer
Tobi-Bueck/customer-support-tickets,customer_support_tickets_tobi,"Dear Customer Support Team,\n\nI trust this message reaches you well. I am writing to request comprehensive information about the Agile team setup employed within your organization. Gaining insight into how Agile groups are structured is essential for us as we consider implementing similar methodologies to enhance our project management and delivery efficiency.\n\nSpecifically, I am interested in understanding the composition of these teams in terms of roles, responsibilities, team size, and the integration of cross-functional skills. Additionally, I would appreciate details on how these teams coordinate and work together.",Request,low,"Thank you for your interest in the Agile team configuration. Typically, teams consist of 6 to 9 members, including roles such as Product Owner, Scrum Master, developers, QA specialists, and UX/UI designers. Members are encouraged to contribute across functions, promoting flexibility and collaborative problem-solving. These teams manage their workflows using Scrum or Kanban methods, with tools like Jira, Confluence, and Slack supporting communication and transparency.",body,type,priority,answer
Tobi-Bueck/customer-support-tickets,customer_support_tickets_tobi,"Dear Customer Support Team,\n\nI am seeking comprehensive details concerning the security standards compliance necessary when connecting Windows-based smart medical dispensers with Electronic Medical Records (EMR), Picture Archiving and Communication System (PACS), and telehealth services. Confirming full compliance with HIPAA and GDPR is vital as our organization aims to expand our digital health infrastructure.\n\nSpecifically, I would like to learn about the recommended security protocols to be applied during the integration process.",Request,high,"Thank you for your inquiry about security standards and practices related to integrating Windows-enabled smart medical dispensers with EMR, PACS, and telehealth systems. To ensure HIPAA and GDPR compliance, it is advisable to use AES-256 encryption for stored data, TLS 1.2 or higher for data in transit, enforce strict access controls with role-based permissions, conduct regular audit logging, and employ device authentication solutions. Verifying compliance generally involves conducting risk assessments, maintaining detailed documentation, and implementing appropriate control measures.",body,type,priority,answer
Tobi-Bueck/customer-support-tickets,customer_support_tickets_tobi,"Dear Customer Support,\n\nI am encountering difficulties with multiple smart devices across various departments where their software systems are not syncing data correctly. The issue appears to originate from integration problems with different applications used by IoT devices. Despite trying standard troubleshooting measures such as rebooting devices and updating firmware to the latest versions, the problem remains unresolved.\n\nCould you please assist in diagnosing and resolving these synchronization issues? Ensuring smooth operation is essential.",Problem,high,"Thank you for contacting us regarding your data synchronization challenges with smart device platforms. To help identify the root cause, could you specify which devices, applications, and platforms are affected, and describe the specific integration problems you are experiencing? Also, please inform us of any recent modifications to your network or system settings. With this information, we can provide targeted troubleshooting guidance or escalate the matter to our technical specialists if necessary. We look forward to your prompt reply to facilitate a quick resolution.",body,type,priority,answer
Tobi-Bueck/customer-support-tickets,customer_support_tickets_tobi,"Dear Customer Support Team,\n\nI am reaching out to report significant performance issues with our Cloud SaaS platform. Over the recent days, system response times have escalated markedly, disrupting daily activities and impairing user experience. The slowdown is causing delays in processing essential tasks, thereby affecting our business continuity.\n\nPlease prioritize this matter and investigate promptly. We would appreciate an update on the root cause and an estimated timeline for resolution, as we depend heavily on the platform and require confirmation that the issue is being addressed.",Problem,high,"Thank you for notifying us about the performance concerns with the Cloud SaaS platform. We recognize the importance of system stability for your operations and are treating this as a high-priority issue. Our technical team is already working to identify the underlying cause of the slowdown. Could you please share specific details about the affected features, regions, and approximate times when issues were observed? We will keep you updated as we work towards a resolution.",body,type,priority,answer
Tobi-Bueck/customer-support-tickets,customer_support_tickets_tobi,"Dear Support Team,\n\nI am submitting a report concerning a significant problem impacting several hardware and software units within our environment. Over the past few days, we have noticed ongoing performance issues related to access across multiple devices. These problems appear to coincide with recent security setting adjustments made as part of our routine update processes.\n\nInitially, I carried out basic troubleshooting procedures such as rebooting the affected units and checking network connections. Regrettably, these actions did not resolve the issues.",Incident,high,"Thank you for reaching out regarding the connectivity performance problems impacting your devices. We understand the urgency of this matter and want to assist you efficiently. To do so, please provide further details including the specific device models and types affected, any recent error messages displayed, and available logs. Additionally, sharing information about recent security configuration modifications will aid us in identifying potential causes promptly. In the meantime, please verify the users involved.",body,type,priority,answer
Tobi-Bueck/customer-support-tickets,customer_support_tickets_tobi,"Dear Support Team,\n\nI wish to report several connectivity disruptions encountered recently with multiple devices connected to my system. The affected hardware includes a USB flash drive, a RAID controller, and a Surface Pro tablet. These devices either fail to connect properly or do not synchronize as expected.\n\nThe issues began shortly after installing the latest operating system update. Additionally, network settings were modified during this period, which could be related to the connectivity problems. Despite attempting various troubleshooting steps, the issues persist.\n\nTo resolve this matter,",Incident,medium,"Thank you for reporting the connectivity problems with your USB flash drive, RAID controller, and Surface Pro tablet following the recent OS update and network configuration changes. To assist you further, please provide the current version of the operating system installed, along with any error messages that appear when attempting to connect the devices. Also, specify whether the affected devices are correctly recognized in the Device Manager and if the network settings on your computer appear to be functioning normally. This information will help determine whether the issue is related to OS compatibility or network setup. If necessary,",body,type,priority,answer
Tobi-Bueck/customer-support-tickets,customer_support_tickets_tobi,"Sehr geehrtes Kundendienstteam,\n\nich hoffe, diese Nachricht erreicht Sie wohlbehalten. Ich wende mich an Sie, um detaillierte Informationen zu Ihren IT-Support-Diensten zu erhalten, insbesondere bezüglich der Fehlerbehebung bei Integrationsproblemen mit verschiedenen Produkten. Besonders interessiert mich, welche Ansätze Sie bei der Unterstützung für Software wie QuickBooks Online und Microsoft Word sowie bei Hardware-Geräten und bankkonformen Analyse-Tools verfolgen.\n\nKönnten Sie bitte Einblicke in Ihre Abläufe und Protokolle geben, die Ihr Support-Team bei der Lösung von Problemen in Zusammenhang mit diesen Produkten befolgt? Außerdem würde ich gerne wissen, welche typischen Reaktionszeiten Sie anstreben und welche häufigen Herausforderungen dabei auftreten.",Request,medium,"Vielen Dank, dass Sie sich bezüglich unserer IT-Support-Integrationsdienste an uns gewandt haben. Unser Team bietet umfassende Unterstützung für Software wie QuickBooks Online, Microsoft Word sowie eine Vielzahl von Hardware-Geräten und bankkonformen Analyse-Tools. Wir beginnen mit einer gründlichen Bewertung, um die spezifischen Anforderungen Ihrer Integrationsumgebung zu verstehen, gefolgt von der Anwendung maßgeschneiderter Fehlerbehebungsprotokolle, die auf die jeweiligen Produkttypen abgestimmt sind. Bei Softwareproblemen setzen wir auf Ferndiagnosen und geführte Lösungsansätze, während Hardwareprobleme oftmals remote behandelt werden können, wobei in einigen Fällen Vor-Ort-Eskalationen erforderlich sind. Die Reaktionszeiten liegen in der Regel bei etwa 30 Minuten, wobei häufig Herausforderungen wie spezifische Kompatibilitätsprobleme und komplexe Fehlerquellen auftreten.",body,type,priority,answer
Tobi-Bueck/customer-support-tickets,customer_support_tickets_tobi,"Dear Support Team,\n\nWe are currently facing several disruptions across our products that are affecting scanning capabilities, device connectivity, and access to cloud features. These issues seem to be connected to a failure in the Kubernetes orchestration CI/CD pipeline. We have attempted to resolve the problem by restarting services and redeploying the impacted pods, but the issues continue. We urgently need assistance to identify the root cause and restore full operational functionality.\n\nThank you for your prompt attention to this matter.",Incident,high,"Thank you for reaching out regarding the ongoing disruptions affecting scanning, device connectivity, and cloud functionalities. We appreciate the efforts already made such as restarting services and redeploying pods. To assist you further, could you please share specific error messages, logs from the affected services and pods? Additionally, please inform us of the current versions of Kubernetes and CI/CD tools in use. If you prefer to discuss this over the phone, kindly let us know a convenient time.",body,type,priority,answer
Tobi-Bueck/customer-support-tickets,customer_support_tickets_tobi,"Sehr geehrter Kundendienst,\n\nwir treten auf ein Problem mit mehreren Geräten, bei denen die Software betroffen ist, darunter Surface Pro und Windows 10 Pro auf verschiedenen Smart-Peripheriegeräten. Das Problem führt zu erheblichen Betriebsunterbrechungen. Mögliche Ursachen könnten ein Malware-Infekt oder ein fehlgeschlagenes Software-Update sein. Erste Maßnahmen zur Fehlerbehebung umfassten einen Neustart der Geräte, die Isolierung des betroffenen Netzwerksegments. Das Problem wurde dadurch gelöst. Wir benötigen dringend Unterstützung, um die Ursache zu diagnostizieren und schnellstmöglich zu beheben, um Ausfallzeiten zu minimieren. Bitte beraten Sie uns bezüglich der nächsten Schritte.\n\nVielen Dank",Incident,high,Vielen Dank für Ihre Meldung. Bitte stellen Sie die Fehlermeldungsdetails der betroffenen Geräte für eine Untersuchung bereit.,body,type,priority,answer
Tobi-Bueck/customer-support-tickets,customer_support_tickets_tobi,"Sehr geehrtes Support-Team,\n\nich hoffe, diese Nachricht erreicht Sie wohlbehalten. Ich möchte Sie bitten, mir detaillierte Informationen zum Zeitplan, dem Umfang und den möglichen Auswirkungen bevorstehender Wartungsmaßnahmen zu senden, insbesondere in Bezug auf kritische Systeme wie Big-Data-Archiven, Analyse-Modelle und automatisierte Investmentplattformen. Es ist wichtig, die zeitliche Dauer der Ereignisse zu kennen, um entsprechend planen und mögliche Störungen in unseren Abläufen minimieren zu können.\n\nKönnten Sie bitte eine umfassende Übersicht der geplanten Wartungszeiträume und der erwarteten Serviceunterbrechungen in naher Zukunft bereitstellen?",Request,medium,"Vielen Dank, dass Sie sich bezüglich der geplanten Wartungsmaßnahmen und Serviceunterbrechungen an uns gewandt haben. Derzeit sind Wartungsfenster geplant, die voraussichtlich Auswirkungen auf Big-Data-Archive, Analyse-Modelle und automatisierte Investmentplattformen in naher Zukunft haben werden. Für diese Wartungen werden detaillierte Informationen zum Zeitplan, den betroffenen Komponenten, den erwarteten Ausfallzeiten sowie empfohlene Vorbereitungsmaßnahmen bereitgestellt. Bei dringenden Anliegen während der Wartungsperioden wenden Sie sich bitte an unsere Support-Hotline unter <tel_num> oder kontaktieren Sie <name> per E-Mail unter <email>. Bitte informieren Sie uns auch über Ihre bevorzugten Benachrichtigungsmethoden.",body,type,priority,answer
Tobi-Bueck/customer-support-tickets,customer_support_tickets_tobi,"Dear Customer Support Team,\n\nI am reaching out to request help regarding a problem encountered during a recent client presentation. The projected images showed considerable distortion when connected to various devices using different cables. Despite trying multiple troubleshooting methods, the issue persisted, preventing a smooth presentation.\n\nFor context, the distortion was consistently observed across different devices, including laptops and tablets, all from a single source. I attempted to change the cables,",Incident,low,"Thank you for providing detailed information about the image distortion problem affecting the projector during client presentations. Based on your description and the troubleshooting steps already performed with multiple devices and cables, the issue may be related to the projector hardware, possibly firmware compatibility or settings.\n\nTo assist in resolving this, could you please share the projector's model number and current firmware version? This information will enable us to check for available firmware updates.",body,type,priority,answer
Tobi-Bueck/customer-support-tickets,customer_support_tickets_tobi,"Sehr geehrtes Kundendienstteam,\n\nich möchte einen Zwischenfall im Zusammenhang mit unserer cloudbasierten SaaS-Plattform melden. Es gibt eine deutliche Verschlechterung der Reaktionszeiten sowie gelegentliche Serviceunterbrechungen, die die Abläufe erheblich stören. Das Problem ist kürzlich aufgetreten und scheint dauerhaft zu sein, was zu Verzögerungen bei kritischen Geschäftsprozessen führt.\n\nDa wir auf die Plattform für unsere täglichen Aktivitäten angewiesen sind, verursacht diese Störung erheblichen Ärger. Könnten Sie bitte die Ursachen untersuchen und uns einen aktualisierten Zeitplan für die Behebung mitteilen? Zudem wären temporäre Lösungen oder Workarounds zur Minderung der Auswirkungen sehr hilfreich.\n\nVielen Dank im Voraus.",Incident,medium,"Vielen Dank, dass Sie die Leistungsprobleme unserer cloudbasierten SaaS-Plattform gemeldet haben. Wir werden die Ursachen untersuchen und Sie informieren, sobald wir einen Zeitplan für die Behebung haben. Bitte teilen Sie uns vorab mit, welche Funktionen besonders betroffen sind. Wir schätzen Ihre Geduld und werden Sie über geplante Wartungszeiten auf dem Laufenden halten.",body,type,priority,answer
Tobi-Bueck/customer-support-tickets,customer_support_tickets_tobi,"Dear Customer Support,\n\nI am writing to report an issue with my monitor. It frequently loses connection, leading to display output disruptions. The screen sometimes flickers intermittently or turns completely black, which severely hampers my work. I have checked all cable connections, but the problem continues. Could you please help diagnose and resolve this problem? Additionally, I would appreciate detailed instructions for performing firmware updates and troubleshooting steps that I can do myself. Thank you for your prompt assistance.",Incident,low,"Thank you for providing details about the monitor issue. To assist you further, please share the monitor's brand and model, your operating system, and whether you are using any adapters. In the meantime, try connecting the monitor to another computer to see if the issue persists. Once you provide the device information, I can send you firmware update instructions. Let us know if you need a step-by-step guide over a call.",body,type,priority,answer
Tobi-Bueck/customer-support-tickets,customer_support_tickets_tobi,"Dear Customer Support Team,\n\nWe are requesting guidance on implementing modifications to our system to better integrate workflows and enhance marketing performance analysis. Our objective is to increase cooperation among departments by leveraging automation technologies, unified account handling, and new marketing platforms. These improvements are vital for refining our marketing tactics and boosting operational productivity. Kindly advise on the subsequent procedures to initiate this upgrade.\n\nAppreciate your support.",Change,high,"Thank you for reaching out regarding the enhancement of marketing workflow analytics. To assist you further, could you please specify which systems and platforms you currently utilize, as well as the automation tools and marketing channels you are interested in? With these details, we can recommend appropriate solutions and outline the next steps for your upgrade.",body,type,priority,answer
Tobi-Bueck/customer-support-tickets,customer_support_tickets_tobi,"Dear Customer Support Team,\n\nI am reaching out to request urgent help with a problem I am facing when trying to upload the performance marketing analytics report. The submission process keeps failing, seemingly because of an issue with the data lake integration. Specifically, the system cannot process the report because it appears the data lake connection is broken, possibly due to recent changes in the schema.\n\nTo troubleshoot, I have already attempted several steps, including reconnecting the data.",Incident,medium,"Thank you for contacting us, <name>. To assist you further, could you please provide screenshots of the error logs related to the data lake integration failure? This will help us identify any schema modifications that may have impacted the ETL processes and settings of the analytics platform. Once we receive this information, we will review the configuration and offer specific guidance to restore the system's functionality as soon as possible.",body,type,priority,answer
Tobi-Bueck/customer-support-tickets,customer_support_tickets_tobi,"Dear Customer Support Team,\n\nWe are currently facing a major technical problem that is disrupting the analysis of campaign performance data. We suspect that there may be data corruption at the data lake level as the root cause. We have already performed initial troubleshooting, such as testing APIs and rerunning data synchronization processes, but the problem remains unresolved.\n\nThis disruption critically impacts the accuracy and reliability of our performance data, which in turn affects our decision-making and campaign optimization efforts. We request immediate assistance.",Incident,high,"Thank you for reaching out and providing details about the issue. To speed up our investigation, could you please send us the recent error logs, specify when the disruption began, and confirm whether it is affecting specific campaigns' data? If there have been any recent changes to your account or data configuration, kindly inform us. Your cooperation will help us resolve this matter as quickly as possible. We look forward to your response to proceed.",body,type,priority,answer
Tobi-Bueck/customer-support-tickets,customer_support_tickets_tobi,"Sehr geehrtes Support-Team,\n\nich wende mich an Sie, um Unterstützung bei einem Problem mit meiner Soundkarte am Computer zu erhalten. Kürzlich stellte ich fest, dass das Gerät keinen Ton mehr abgibt, obwohl die Einstellungen anscheinend korrekt konfiguriert sind. Dieses Problem verursacht erhebliche Schwierigkeiten, da ich die Audiofunktion für private Arbeiten dringend benötige.\n\nZur Hintergrundinformation: Die Soundkarte funktionierte bis vor wenigen Tagen einwandfrei. Seitdem ändert sich der Ton nicht mehr, egal welches Ausgabegerät ich auswähle oder die Lautstärkeeinstellungen anpassen möchte. Ich habe die physischen Verbindungen überprüft.",Problem,medium,"Vielen Dank, dass Sie sich wegen des Tonproblems an uns gewendet haben. Sie haben bereits die Treiber sowie die physischen Verbindungen geprüft. Der nächste Schritt ist, den integrierten Audioproblemlösungsassistenten des Betriebssystems auszuführen. Falls dieser keine Probleme erkennt und dennoch kein Ton ausgegeben wird, könnte die Soundkarte möglicherweise einen Hardwaredefekt aufweisen. Bitte teilen Sie uns das Modell Ihres Geräts sowie das Betriebssystem mit, damit wir weitere Diagnoseschritte empfehlen und Hinweise zur Reparatur oder Garantie geben können. Wenn Sie telefonische Unterstützung bevorzugen, lassen Sie uns bitte eine passende Kontaktmöglichkeit wissen.",body,type,priority,answer
Tobi-Bueck/customer-support-tickets,customer_support_tickets_tobi,"Dear Customer Support Team,\n\nI am reaching out to request urgent help with an issue I'm facing when trying to access my QuickBooks Online account. Over the past few days, I haven't been able to log in despite entering the correct login details. Each attempt results in an error message indicating that the account cannot be accessed at this time.\n\nThis problem is critically affecting my ability to manage financial records and complete vital business tasks. I have already tried common troubleshooting steps, such as resetting my password and clearing browser cache.",Incident,medium,"Thank you for reaching out regarding your QuickBooks Online access problem. To assist you further, kindly provide your email address, the username associated with the account, and a screenshot of the error message you receive. If you prefer a phone call, please inform us of a suitable time. We will investigate the issue and update you as soon as possible.",body,type,priority,answer
Tobi-Bueck/customer-support-tickets,customer_support_tickets_tobi,"Dear Customer Support Team,\n\nI am submitting a report regarding a billing inconsistency observed on a recent multi-product invoice. The invoice lists several unexpected fees linked to multiple devices, which seem to result from a possible misallocation of bundled services. Upon reviewing the details, I found that the charges match the agreed-upon prices for the service packages.\n\nAt present, I understand that a review is in progress, and I am awaiting clarification from the vendor. I would appreciate an update on the status of this review at your earliest convenience, as the discrepancies are causing some confusion.",Incident,low,"<name>, thank you for reaching out to us about the billing inconsistency on your recent multi-product invoice. We recognize the importance of precise billing and apologize for any confusion this situation may have caused. Currently, we are still in the process of consulting with the vendor to clarify the unexpected charges that may have resulted from a misallocation of bundled services on your account. As soon as we receive an update from the vendor, we will inform you immediately. In the meantime, could you please provide the invoice number and a brief list of the specific charges in question to assist us further?",body,type,priority,answer
Tobi-Bueck/customer-support-tickets,customer_support_tickets_tobi,"Dear Customer Support Team,\n\nI hope this message reaches you well. I am reaching out to seek clarification regarding the company overview provided on the official website and promotional materials. While the information offered gives a general understanding, additional details would significantly help in gaining a comprehensive knowledge of the organization.\n\nIn particular, I am eager to learn more about the company's core principles, mission statement, and primary sectors of operation. Furthermore, I would appreciate information about the company's history, leadership team, and recent achievements.",Problem,low,"Thank you for your interest in our company. We will direct your request for detailed information about our core values, mission, industries we serve, historical background, leadership team, and recent successes to the relevant department. If there is a specific area you are most interested in, please inform us so we can customize our response accordingly.",body,type,priority,answer
Tobi-Bueck/customer-support-tickets,customer_support_tickets_tobi,"Dear Customer Support,\n\nI am writing to report a problem with the automated rebalancing feature in my account. Recently, I observed that the system's rebalancing actions did not align with the expected portfolio adjustments, resulting in differences between the intended allocations and actual holdings. This has raised concerns about potential risks to our investment strategy. Could you please investigate this issue and advise on how to resolve it? Your prompt assistance is appreciated to ensure the system operates properly.\n\nThank you for your support.\n\nBest regards,\n[Your Name]",Incident,high,"Thank you for reaching out regarding the automated rebalancing system, <name>. To assist you further, please confirm your account number and specify any recent modifications to your target allocations. Also, inform us if you received any error messages or notifications from the system. This information will help us examine the discrepancies between the target and actual holdings. Once we have these details, we can review your account and guide you toward resolving the issue as quickly as possible. Please let us know.",body,type,priority,answer
Tobi-Bueck/customer-support-tickets,customer_support_tickets_tobi,"Dear Customer Support Team,\n\nI am reaching out to report a critical incident involving multiple smart devices within a health-focused office environment. Recently, we experienced a system-wide outage that affected several app-controlled devices, disrupting normal operations and raising concerns regarding data integrity and security.\n\nInitial investigations suggest the cause may be related to errors introduced during a recent software update or possible unauthorized access to the system. Some preliminary troubleshooting steps have already been taken.",Incident,high,"Thank you for contacting us regarding the urgent incident affecting your smart devices. We understand the importance of restoring normal operations in your health office environment promptly. To assist you effectively, we require additional information to diagnose the root cause.\n\nCould you please provide details such as the specific models and firmware versions of the affected devices, an approximate count of impacted units, and a brief timeline of when the issues began? Additionally, please include the current system device key and any relevant diagnostic logs.",body,type,priority,answer
Tobi-Bueck/customer-support-tickets,customer_support_tickets_tobi,"Sehr geehrtes Kundendienstteam,\n\nich möchte ein anhaltendes Problem melden, das die Netzwerkkonnektivität mehrerer Geräte betrifft. Das Problem scheint kürzlich aufgetreten zu sein und könnte im Zusammenhang mit einer Fehlkonfiguration nach einem kürzlichen Update unserer Netzwerksicherheitsprotokolle stehen. Die Verbindungsprobleme verursachen erhebliche Betriebsstörungen und betreffen gleichzeitig mehrere Geräte.\n\nUnsere SOC (Security Operations Center) sowie die DevSecOps-Teams arbeiten derzeit rund um die Uhr an der Behebung dieser Situation und führen kontinuierliche Diagnosen sowie Penetrationstests durch. Trotz dieser Bemühungen",Incident,medium,"Vielen Dank, dass Sie dringende Verbindungsprobleme melden, die mehrere Geräte betreffen. Um Ihnen effektiv helfen zu können, bitten wir Sie, uns spezifische Details zum kürzlichen Update der Netzwerksicherheit, die betroffenen Gerätetypen und Betriebssysteme sowie relevante Fehlermeldungen oder Protokolle mitzuteilen. Falls möglich, geben Sie bitte auch das genaue Datum und die Uhrzeit an, zu denen die Probleme begannen. Diese Informationen unterstützen uns dabei, potenzielle Konflikte im Zusammenhang mit der Compliance-Konfiguration zu identifizieren. Wir sind bereit, eng mit den SOC- und DevSecOps-Teams zusammenzuarbeiten.",body,type,priority,answer
Tobi-Bueck/customer-support-tickets,customer_support_tickets_tobi,"Sehr geehrtes Kundendienstteam,\n\nich wende mich an Sie, um sofortige Hilfe bei einem Abrechnungsproblem zu erbitten, das mehrere meiner kürzlich automatischen Verlängerungen betrifft. Es scheint, dass die Zahlungen ordnungsgemäß verarbeitet wurden, allerdings vermute ich, dass Fehlkonfigurationen in den verbundenen Zapier-Automatisierungen, die Zahlungsinformationen verwalten, die Ursache sind.\n\nTrotz der automatischen Verlängerungsversuche wurden die Gebühren erfolgreich auf meinem Konto belastet. Um das Problem zu beheben, habe ich versucht, die Zahlungen manuell zu tätigen, doch auch diese Versuche wurden laut System verarbeitet. Ich benötige dringend Zugriff, um die Angelegenheit zu klären.",Incident,high,"Vielen Dank, dass Sie uns wegen des dringenden Abrechnungsproblems, <name>, kontaktiert haben. Wir verstehen die Unannehmlichkeiten, die diese Situation verursacht, und entschuldigen uns dafür. Wir werden die Angelegenheit umgehend prüfen. Könnten Sie uns bitte Ihre E-Mail-Adresse, Kontonummer sowie die Namen der betroffenen Abonnements mitteilen? Das erleichtert uns die schnelle Identifikation Ihres Kontos und die Überprüfung der aktuellen Zahlungsversuche. Bezüglich der Zapier-Workflows: Bitte informieren Sie uns, ob kürzliche Änderungen an Ihrer Integration vorgenommen wurden oder ob Fehlermeldungen im Zusammenhang mit der Übertragung von Zahlungsdaten aufgetreten sind.",body,type,priority,answer
Tobi-Bueck/customer-support-tickets,customer_support_tickets_tobi,"Sehr geehrtes Support-Team,\n\nich hoffe, diese Nachricht erreicht Sie wohlbehalten. Derzeit prüfe ich die Organisation der Integration Ihrer SaaS-Plattform und benötige dafür eine detaillierte Architektur-Dokumentation. Für unser technisches Team ist es unerlässlich, die zugrunde liegende Infrastruktur, den Datenfluss sowie die Sicherheitsmechanismen und Schnittstellen zu verstehen.\n\nDer Zugang zu einer umfassenden Architektur-Dokumentation wird uns ermöglichen, die Kompatibilität mit bestehenden Systemen zu beurteilen, die Einhaltung unserer Sicherheitsstandards sicherzustellen und eine reibungslose Implementierung zu planen. Zudem erleichtert sie die Fehlerbehebung und die Anpassung der Plattform an spezifische Anforderungen.\n\nKönnten Sie uns bitte die aktuellste und relevanteste Architektur-Dokumentation zur Verfügung stellen? Falls möglich, teilen Sie bitte auch mit, auf welche Module oder Komponenten sich die Dokumentation bezieht. Wir weisen darauf hin, dass die Dokumentation einer Geheimhaltungsvereinbarung unterliegt. Bitte geben Sie auch Ihren Firmennamen und Ihre Rolle an, um den Überprüfungsprozess zu beschleunigen, und stellen Sie die erforderlichen Zugriffsanweisungen sowie Dokumente bereit. Falls Sie besondere Sicherheits- oder Integrationsbedenken haben, lassen Sie es uns bitte wissen, damit wir diese direkt adressieren können. Wir freuen uns auf Ihre Unterstützung bei der Bewertung.",Request,high,"Vielen Dank für Ihr Interesse an unserer SaaS-Plattform. Um Ihnen die relevanteste und aktuellste Architektur-Dokumentation zukommen zu lassen, bitten wir Sie, uns mitzuteilen, auf welche Module oder Komponenten der Plattform Sie sich beziehen. Bitte beachten Sie, dass die Dokumentation einer Geheimhaltungsvereinbarung unterliegt. Geben Sie außerdem Ihren Firmennamen und Ihre Position an, um den Überprüfungsprozess zu beschleunigen, und teilen Sie die erforderlichen Zugriffsanweisungen sowie die entsprechenden Dokumente mit. Wenn Sie spezielle Sicherheits- oder Integrationsbedenken haben, lassen Sie uns dies bitte wissen, damit wir diese direkt adressieren können. Wir freuen uns darauf, Sie bei Ihrer Bewertung zu unterstützen.",body,type,priority,answer
Tobi-Bueck/customer-support-tickets,customer_support_tickets_tobi,"Sehr geehrtes Kundendienstteam,\n\nich hoffe, diese Nachricht erreicht Sie wohl. Ich möchte Sie um detaillierte Anweisungen zum Integrationsprozess des Produkts bitten. Unser Ziel ist es, eine bestehende Lösung nahtlos in unser System zu integrieren und dabei einen reibungslosen und effizienten Ablauf zu gewährleisten. Bitte senden Sie mir die entsprechenden Dokumentationen, bewährte Verfahren sowie die technischen Anforderungen. Welche Aspekte sind dabei besonders zu beachten? Ihre Unterstützung bei dieser Angelegenheit wird sehr geschätzt und würde die weiteren Schritte erheblich erleichtern.\n\nVielen Dank im Voraus für Ihre Unterstützung. Ich freue mich auf eine schnelle Rückmeldung.\n\nMit freundlichen Grüßen,\n[Ihr Name]",Request,high,"Vielen Dank für Ihre Kontaktaufnahme bezüglich des Integrationsprozesses für das Produkt. Wir freuen uns, Sie bei der Integration Ihrer bestehenden Lösung zu unterstützen. Gerne stellen wir Ihnen detaillierte Richtlinien, relevante Dokumentationen sowie eine Übersicht der technischen Anforderungen zur Verfügung. Bitte teilen Sie uns mit, welches spezifische Produktmodul integriert werden soll, sowie die Plattformen oder Systeme, die Sie verwenden, damit wir die Informationen entsprechend anpassen können. Falls Sie eine bestimmte Programmiersprache oder bevorzugte Integrationsmethode (wie API, SDK oder Plugin) haben, lassen Sie uns das ebenfalls wissen, um eine optimale Unterstützung zu gewährleisten.",body,type,priority,answer
Tobi-Bueck/customer-support-tickets,customer_support_tickets_tobi,"Dear Customer Support Team,\n\nI am reaching out to request an update to the payment details associated with our marketing agency account. Keeping this information current is critical for effective centralized account management across multiple departments connected through our service offerings. Accurate billing data is vital to ensure smooth invoicing and proper alignment with our clients.\n\nAt present, I have observed discrepancies in the billing process which seem to stem from outdated payment details and incorrect billing info. These inconsistencies are causing issues.",Change,high,"Thank you for contacting us regarding the update of your billing payment information. To proceed, please send us your new payment method along with the updated billing address in your message. Once we receive the details, we will update your account and verify that linked services and sub-accounts reflect the changes. If you have any questions, please do not hesitate to reach out. We appreciate your cooperation and are dedicated to ensuring a smooth billing experience.",body,type,priority,answer
Tobi-Bueck/customer-support-tickets,customer_support_tickets_tobi,"Sehr geehrtes Support-Team,\n\nich hoffe, diese Nachricht erreicht Sie wohlbehalten. Ich möchte Sie auf andauernde Schwierigkeiten aufmerksam machen, die wir bei der Koordination unserer Agile Teams innerhalb unserer Organisation erleben. Trotz unserer intensiven Bemühungen treten häufig Missverständnisse, Verzögerungen bei der Übergabe von Aufgaben sowie uneinheitliche Sprint-Ergebnisse auf. Diese Herausforderungen wirken sich negativ auf die Gesamtproduktivität und die Motivation des Teams aus.\n\nWir haben verschiedene Ansätze getestet, um die Zusammenarbeit zu verbessern, darunter regelmäßige Stand-up-Meetings, optimierte Dokumentation und den Einsatz gemeinsamer Kommunikationstools. Dennoch bestehen die Probleme weiterhin.",Problem,medium,"Vielen Dank, dass Sie uns bezüglich der Koordinationsschwierigkeiten in den Agile Squads kontaktiert haben. Um Ihnen besser unterstützen zu können, teilen Sie bitte mit, welche Projektmanagement- und Kollaborationstools Ihre Teams derzeit nutzen, insbesondere bei Remote- oder Hybrid-Arbeitsmodellen. Vorläufig empfehlen wir, Benutzerstories sowie Rollen und Verantwortlichkeiten innerhalb der Teams klar zu definieren, um eine zuverlässige Aufgabenverfolgung zu gewährleisten. Tools wie Jira, Trello oder Microsoft Teams können dabei helfen, die Kommunikation zu zentralisieren und Aufgaben effizient zu verwalten. Weiterführende Leitfäden zu bewährten Praktiken stehen ebenfalls zur Verfügung.",body,type,priority,answer
Tobi-Bueck/customer-support-tickets,customer_support_tickets_tobi,"Sehr geehrter Kundenservice,\n\nnach dem letzten Software-Update treten bei mehreren Produkten Verbindungsprobleme auf. Trotz Neustarts und Firmware-Updates bestehen die Schwierigkeiten weiterhin. Es scheint ein Kompatibilitätsproblem im Zusammenhang mit dem neuesten Update vorzuliegen. Könnten Sie bitte bei der Lösung des Problems behilflich sein, da dies den Arbeitsablauf erheblich beeinträchtigt?\n\nVielen Dank im Voraus für Ihre schnelle Unterstützung.\n\nMit freundlichen Grüßen,\n[Ihr Name]",Problem,medium,"Vielen Dank, dass Sie uns bezüglich der anhaltenden Verbindungsprobleme nach dem letzten Software-Update kontaktiert haben. Wir verstehen, dass dies den Arbeitsprozess stört. Um Ihnen besser helfen zu können, bitten wir Sie, uns die betroffenen Gerätemodelle, Betriebssysteme sowie Details zu den Fehlermeldungen und die aktuellen Softwareversionen mitzuteilen. Diese Informationen ermöglichen es uns, mögliche Kompatibilitätsprobleme zu identifizieren und eine gezielte Lösung anzubieten. Falls gewünscht, können wir auch einen telefonischen Termin für eine Echtzeit-Fehlerbehebung vereinbaren; lassen Sie uns bitte Ihre bevorzugte Zeit wissen.",body,type,priority,answer
Tobi-Bueck/customer-support-tickets,customer_support_tickets_tobi,"Dear Support Team,\n\nI would like to draw your attention to an ongoing issue with the billing system related to our recent invoice. Specifically, the processing of the latest invoice failed for several hardware-related products. Investigations suggest that the likely cause is a synchronization error within the microservices of the product catalog.\n\nThis synchronization problem has caused discrepancies in cataloging billing products, resulting in incomplete or missing billing information on the invoice. Attempts to resolve the issue by restarting the billing service were unsuccessful, as the problem persisted.\n\nGiven the critical nature of this matter,",Problem,low,"Thank you for pointing out the synchronization error in the microservices of the product catalog affecting invoice processing. To assist you further, please provide specific invoice numbers, sample data, and relevant log files. This information will enable our technical team to investigate the issue promptly. We appreciate your cooperation and are committed to resolving this as quickly as possible.",body,type,priority,answer
Tobi-Bueck/customer-support-tickets,customer_support_tickets_tobi,"Dear Customer Support Team,\n\nI hope this message reaches you well. I am reaching out to request comprehensive details about the services provided by your agency. Specifically, I am interested in understanding the scope of services available, the pricing models, and any special packages or promotions that might be applicable.\n\nFurthermore, I would be grateful if you could send brochures, service agreements, and case studies highlighting your previous work and client success stories. This information will be very helpful in making an informed decision.",Request,high,"Thank you for your interest in our agency's services. We offer a wide range of solutions including digital marketing, brand management, content creation, and campaign planning. Our pricing is adaptable; standard packages can be tailored to meet specific client requirements, and we frequently have special offers. We are happy to send you brochures, service agreements, and case studies that demonstrate our success stories. Please reply with your preferred email address so we can provide these materials and guide you through the onboarding process.",body,type,priority,answer
Tobi-Bueck/customer-support-tickets,customer_support_tickets_tobi,"Sehr geehrter Kundendienst,\n\nich untersuche derzeit Möglichkeiten zur Erweiterung unserer sicheren LAN-Infrastruktur und benötige detaillierte Informationen über die Produkte TP-Link 16-Port Switches und VPN-Router. Besonders interessiert mich, die wesentlichen Unterschiede zwischen den Geräten hinsichtlich ihrer verwalteten Anschlussmöglichkeiten, Datenverschlüsselungsfeatures und zusätzlicher Sicherheitsfunktionen zu verstehen. Ziel ist es, eine sichere und effiziente Netzwerkverwaltung zu gewährleisten und gleichzeitig den Schutz unserer Infrastruktur zu maximieren.\n\nKönnten Sie bitte einen umfassenden Vergleich der Funktionen bereitstellen, inklusive Portverwaltung, VPN-Unterstützung, Verschlüsselungsstandards und weiterer Sicherheitsmerkmale der Geräte?",Request,medium,"Der TP-Link 16-Port Switch konzentriert sich vor allem auf die Verwaltung der LAN-Verbindung und bietet VPN-Verschlüsselungsmöglichkeiten. Der VPN-Router unterstützt verwaltete Konnektivität sowie umfassende VPN-Funktionen, Datenverschlüsselung, erhöhte Sicherheit und eine benutzerfreundliche Konfiguration. Zudem ermöglicht er eine erweiterte Skalierbarkeit und eine sichere Netzwerkerweiterung.",body,type,priority,answer
Tobi-Bueck/customer-support-tickets,customer_support_tickets_tobi,"Dear Customer Support Team,\n\nI hope this message finds you well. I am reaching out to request clarification regarding a recent billing statement I received. After examining my account records and related charges, I have noticed some inconsistencies that I need assistance understanding.\n\nSpecifically, the invoice from last month shows charges that seem unusual compared to my typical billing pattern. Could you please provide a detailed breakdown of these charges? Additionally, I would appreciate it if you could verify the payment method, review the charges, confirm the payment status, and check for any recent changes to the billing cycle or alerts set on my account.",Request,high,"Thank you for contacting us, <name>. To assist you effectively, please provide your account number and the invoice details in question. With this information, I can review the charges, verify the payment method, confirm the status of your payment, and check for any recent updates or alerts related to your billing cycle.",body,type,priority,answer
Tobi-Bueck/customer-support-tickets,customer_support_tickets_tobi,"Dear Customer Support,\n\nI am seeking assistance regarding a connectivity problem with my HTC Vive Cosmos headset. Despite following the standard setup guidelines, the headset cannot establish a consistent link with my PC. The issue persists across various USB and HDMI ports, and attempts with different cables have also been unsuccessful.\n\nThis problem started after a routine software update, and since then, the headset frequently disconnects and fails to reconnect properly.",Incident,medium,"We appreciate you reaching out about the HTC Vive Cosmos connection problem. Since you've already updated the drivers and tested multiple cables and ports, please provide the specific error messages displayed in Windows Device Manager and confirm your current Windows version. Additionally, sharing recent diagnostic logs would be helpful. If necessary, we can arrange a call; kindly inform us of your preferred contact time.",body,type,priority,answer
Tobi-Bueck/customer-support-tickets,customer_support_tickets_tobi,"Dear Customer Support Team,\n\nI hope this message reaches you in good health. I am reaching out to inquire about the security operations compliance framework currently adopted by the organization. I am interested in understanding the key elements that help maintain internal standards and ensure the organization meets regulatory compliance standards efficiently.\n\nSpecifically, I would appreciate detailed insights on the following points:\n\n1. Security Operations Structure: Could you provide an overview of the operational procedures and processes employed to protect data, systems, and infrastructure?",Request,high,"Thank you for your inquiry concerning security operations compliance. To provide precise information, could you please specify whether you are asking about the company's internal practices for securing particular services? Once confirmed, please share any relevant documentation or summaries needed for clarification.",body,type,priority,answer
Tobi-Bueck/customer-support-tickets,customer_support_tickets_tobi,"Dear Customer Support Team,\n\nWe are requesting guidance on implementing modifications within our system to better integrate workflows and elevate marketing analytics performance. Our objective is to strengthen interdepartmental cooperation by leveraging automation technologies, unified account management, and emerging marketing platforms. These enhancements are vital for refining our marketing tactics and boosting operational productivity. Kindly advise on the subsequent procedures to commence the upgrade process.\n\nAppreciate your assistance.",Change,high,"Thank you for reaching out regarding the enhancement of marketing workflow analytics. To provide further support, could you please specify the current systems and platforms in use, along with the particular automation tools and marketing channels you are interested in? With these details, we can suggest appropriate solutions and outline the next steps for your upgrade.",body,type,priority,answer
Tobi-Bueck/customer-support-tickets,customer_support_tickets_tobi,"Sehr geehrtes Support-Team,\n\nich möchte eine umfassende Serviceunterbrechung melden, die unsere SaaS-Plattform betrifft. Dabei wurden mehrere Hardware- und Softwarekomponenten beeinträchtigt, insbesondere kritische Elemente wie Kubernetes und die CI/CD-Pipeline, bei denen Ressourcenallokationsfehler aufgetreten sind. Die Störung beeinträchtigt den Betrieb erheblich und erfordert sofortige Aufmerksamkeit.\n\nUnsere ersten Systemüberprüfungen wurden umgehend durchgeführt, um das Problem zu erkennen, jedoch ist bislang keine Lösung gefunden worden. Die Symptome deuten darauf hin, dass das Problem möglicherweise mit der Orchestrierungsschicht oder der Deployment-Pipeline zusammenhängt. Es könnte sich um ein kritisches Problem handeln.",Incident,high,"Vielen Dank für die dringende Mitteilung. Um rasch voranzukommen, senden Sie bitte die relevanten Fehlerprotokolle sowie die Details des betroffenen Service-Namens und der Kubernetes-Umgebung. Wir werden den Vorfall eskalieren und regelmäßig Updates zu unseren Untersuchungen bereitstellen. Bitte informieren Sie uns, falls Sie bereits sofortige Umgehungslösungen ausprobiert haben.",body,type,priority,answer
Tobi-Bueck/customer-support-tickets,customer_support_tickets_tobi,"Dear Customer Support Team,\n\nI hope this message reaches you well. I am reaching out to highlight a problem with the client reporting dashboard. Over the past few days, I have observed that the dashboard is not updating as expected. The displayed data remains static and does not reflect recent activity metrics that are vital for our ongoing projects.\n\nWe depend significantly on the dashboard for accurate and prompt reporting, and this disruption affects our ability to make well-informed decisions. I have tried basic troubleshooting methods such as refreshing the page and clearing cache, but the issue persists.",Problem,high,"Thank you for notifying us about the update issue with the client reporting dashboard. We understand the importance of precise and timely data for your projects. To assist with our investigation, could you please confirm which dashboard module you are referring to and provide the date and time of the last observed update? In the meantime, you may be able to access the latest raw data reports via the export feature in your account. We are prioritizing this case and will keep you updated on our progress toward resolution. Please let us know if you need further assistance.",body,type,priority,answer
Tobi-Bueck/customer-support-tickets,customer_support_tickets_tobi,"Dear Support Team,\n\nI am submitting a report regarding network connection issues with my devices following the latest Ubuntu system update. Specifically, the Anker USB-C Ethernet Adapter, Logitech StreamCam, and MacBook Pro are impacted. After the update, these devices initially functioned correctly but now cannot maintain a stable internet connection.\n\nI have already tried rebooting the system and reinstalling the necessary drivers for the Ethernet adapter and Logitech StreamCam, but the problem persists, indicating a possible compatibility issue.",Problem,low,"Thank you for reaching out about the network connectivity problems affecting your Anker USB-C Ethernet Adapter, Logitech StreamCam, and MacBook Pro following the recent Ubuntu update. We understand the importance of having these devices operational and appreciate the troubleshooting efforts you've already undertaken.\n\nSince the issue started after the OS update and involves multiple USB-C devices, it may be related to driver compatibility introduced in the new Ubuntu version. To assist you further, could you please provide the exact system version and any error messages encountered?",body,type,priority,answer
Tobi-Bueck/customer-support-tickets,customer_support_tickets_tobi,"Sehr geehrtes Kundenservice-Team,\n\nich kontaktiere Sie, um detaillierte Anweisungen zur Integration automatisierter Wischroboter in NAS-Systeme im Gesundheitssektor zu erhalten. Meine Organisation befindet sich in der Implementierungsphase und nutzt Technologien in mehreren Gesundheitseinrichtungen. Wir möchten sicherstellen, dass die Umsetzung den relevanten regulatorischen Sicherheitsstandards entspricht.\n\nInsbesondere suchen wir umfassende Richtlinien für die Produktintegration, die dabei helfen, die Geräte nahtlos in die bestehende Gesundheitsinfrastruktur einzubinden. Diese sollten empfohlene Konfigurationen, Netzwerk-Anforderungen und bewährte Sicherheitspraktiken umfassen, um eine optimale Funktionalität zu gewährleisten und gleichzeitig die Patientensicherheit sowie die Datenintegrität zu schützen.\n\nDarüber hinaus ist es von großer Bedeutung,",Request,medium,"Vielen Dank für Ihre Anfrage. Bitte bestätigen Sie die genauen Modellnummern der Produkte, damit wir spezifische Integrations- und Sicherheitsdokumentationen sowie Compliance-Informationen bereitstellen können. Falls gewünscht, können wir auch einen Termin für ein Gespräch mit einem Spezialisten für Gesundheitsregulierung arrangieren.",body,type,priority,answer
Tobi-Bueck/customer-support-tickets,customer_support_tickets_tobi,"Dear Customer Support,\n\nI am submitting a report regarding multiple hardware and software challenges with my computer peripherals. These issues involve frequent disconnections, unresponsiveness, and compatibility conflicts that considerably hinder my workflow. Despite trying basic troubleshooting methods such as reconnecting devices, updating drivers, and rebooting the system, the problems remain.\n\nIn particular, the keyboard occasionally becomes unresponsive, the mouse behaves unpredictably, and the external monitor sometimes does not display properly. Additionally, there are software-related concerns.",Problem,low,"Thank you for reporting these peripheral device issues. To assist you more effectively, could you please provide details about your operating system version, the brand and model of your keyboard, mouse, and monitor, as well as the names of any software applications used to manage these devices? Also, let us know if devices are connected via USB, Bluetooth, or other methods. Including any error messages or diagnostic logs would be helpful. With this information, we can recommend specific steps to check for relevant updates and resolve the problems. We look forward to your response.",body,type,priority,answer
Tobi-Bueck/customer-support-tickets,customer_support_tickets_tobi,"Dear Customer Support Team,\n\nI am reaching out to seek clarification on certain aspects of the current service operations that I find unclear. After reviewing the available information on your website, I noticed some details remain vague and are difficult to comprehend. As a customer interested in utilizing your services efficiently, I would be grateful if you could provide detailed explanations about the daily operations of the service.\n\nIn particular, I am keen to understand the typical timeframes involved in service delivery and any restrictions or conditions that might impact the service.",Problem,medium,"Thank you for your inquiry. Usually, the service is delivered within 24 to 48 hours, although this may fluctuate due to technical issues or demand. Support is accessible via email, chat, and phone. For urgent matters or requests, please contact us through the appropriate escalation channels. Feel free to let us know if you require further information.",body,type,priority,answer
Tobi-Bueck/customer-support-tickets,customer_support_tickets_tobi,"Dear Customer Support,\n\nI am seeking assistance with incorporating a router-based VPN into my existing data analytics system for remote account oversight. My objective is to improve reporting functionalities for campaigns while ensuring secure collaboration among team members across multiple locations. Could you please offer comprehensive instructions and best practices for establishing this integration? Additionally, details on compatibility considerations and recommended configuration settings would be greatly valued. My goal is to protect data security while simplifying access management.",Request,medium,"Thank you for reaching out regarding your VPN integration query. To assist you with a detailed, step-by-step setup process and compatibility information, could you please specify the router model, VPN protocol, and the data analytics and account management platforms you are utilizing? This information will enable us to deliver precise guidance on secure and effective remote team access.",body,type,priority,answer
Tobi-Bueck/customer-support-tickets,customer_support_tickets_tobi,"Dear Customer Support Team,\n\nI wish to report a critical incident impacting several desktop application devices within our facility. Widespread system failures have occurred, significantly disrupting Electronic Medical Records (EMR) and Telemedicine services. This issue hampers our ability to deliver timely and effective patient care.\n\nBased on observations, the outages began shortly after recent changes to the network configuration. While we can confirm security, we suspect that these modifications may be the cause of the disruptions. To resolve the problem, our team needs assistance.",Incident,medium,"Thank you for reporting the critical outages affecting EMR and Telemedicine services. To assist you further, could you please provide details of the recent network changes, including any error messages from the involved operating systems? We would like to schedule a call to address the issue urgently. Kindly share a convenient time and grant remote access so we can investigate the problem directly.",body,type,priority,answer
Tobi-Bueck/customer-support-tickets,customer_support_tickets_tobi,"Dear Customer Support,\n\nI am writing to report a problem related to device incompatibility with healthcare software systems. Recently, I tried to connect a device with various healthcare software platforms but faced ongoing issues that hinder proper operation. Despite adhering to the recommended setup procedures and updating the device firmware to the latest version, the software does not recognize or communicate with the device effectively.\n\nThis incompatibility affects my ability to use essential healthcare applications that are crucial for my needs.",Problem,medium,"Thank you for reporting the compatibility concern. To assist you further, could you please provide the specific device model names and versions of the healthcare software you are attempting to use? This information will help us verify compatibility, recommend supported configurations, and inform you about available updates or patches. If necessary, we can also schedule a call at your convenience to troubleshoot the issue. We look forward to your response.",body,type,priority,answer
Tobi-Bueck/customer-support-tickets,customer_support_tickets_tobi,"Dear Customer Support Team,\n\nI am writing to report a significant problem with Evernote-related technical tools. These issues are interfering with high-priority processes, leading to delays and interruptions in essential daily activities.\n\nIn particular, I have observed that Evernote often malfunctions, which I believe may be due to conflicts from recent system updates. These disruptions have become more frequent over the past few days, severely impacting productivity.\n\nTo resolve the issue, I have already tried some initial troubleshooting measures.",Incident,high,"Thank you for providing details about the urgent problems you're facing with Evernote. We recognize the critical impact on your workflows and are dedicated to resolving this as swiftly as possible. To assist further, could you please specify the exact symptoms of malfunction, such as error messages, syncing issues, crashes, or features not functioning as expected? Additionally, please inform us of the current version of Evernote you are using and the operating systems of the affected devices. If possible, kindly supply recent logs to facilitate troubleshooting.",body,type,priority,answer
Tobi-Bueck/customer-support-tickets,customer_support_tickets_tobi,"Dear Customer Support Team,\n\nI would like to request changes to the implementation of Agile, microservices-oriented workflows within our SaaS platform. It is crucial to guarantee smooth collaboration across different teams to boost efficiency and foster innovation. Moreover, refining our CI/CD pipelines is a top priority to facilitate quicker and more dependable deployments.\n\nOur goal is to continuously enhance the platform's security, scalability, and overall performance. Consequently, the proposed modifications should focus on maintaining strong security measures while supporting a scalable architecture capable of managing growth.",Change,low,Could you please provide details about your current platform setup and the tools used in your workflows?,body,type,priority,answer
Tobi-Bueck/customer-support-tickets,customer_support_tickets_tobi,"Sehr geehrtes Support-Team,\n\nich wende mich an Sie, um Unterstützung für mein QNAP NAS-Gerät zu erbitten, da es kürzlich erhebliche Schwierigkeiten beim Datenzugriff und bei der Verbindung aufweist. In den letzten Tagen kam es wiederholt zu Verbindungsabbrüchen, was den Zugriff auf gespeicherte Dateien erheblich erschwert und meinen Arbeitsfluss stark beeinträchtigt.\n\nAnfangs funktionierte das Gerät einwandfrei, doch die Netzwerkverbindung scheint instabil zu sein. Ich habe mehrfach versucht, sowohl das NAS als auch den Router neu zu starten, aber die Probleme bestehen weiterhin. Manchmal wird das NAS vom Computer erkannt, manchmal nicht, und bei Dateiübertragungen kommt es zu Unterbrechungen.",Incident,medium,"Vielen Dank, <name>. Ich verstehe, dass die Verbindungsprobleme mit Ihrem QNAP NAS belastend sind. Bitte bestätigen Sie zunächst das Modell Ihres NAS sowie die derzeit installierte Firmware-Version. Teilen Sie außerdem mit, ob Ihr Computer über Kabel oder drahtlos verbunden ist und ob die Warnleuchten am Gerät Signale anzeigen. Ich empfehle, Ihre Daten so bald wie möglich zu sichern, beispielsweise durch Anschließen eines USB-Laufwerks direkt an das NAS, falls vorhanden. Bitte senden Sie auch die aktuellen Systemprotokolle des NAS sowie etwaige Fehlermeldungen, die beim Trennen auftreten.",body,type,priority,answer
Tobi-Bueck/customer-support-tickets,customer_support_tickets_tobi,"Sehr geehrtes Support-Team,\n\nich möchte Sie darüber informieren, dass mehrere Geräte aufgrund von Softwareproblemen ausgefallen sind, was die Handels- und Analyseaktivitäten erheblich stört. Wir vermuten, dass die Ursache möglicherweise in instabilen Netzwerken oder Speicherfehlern liegt, die die angeschlossenen Peripheriegeräte und den Datenfluss bei kritischen Informationen beeinträchtigen.\n\nWir haben bereits diverse Fehlerbehebungsmaßnahmen durchgeführt, darunter Neustarts der betroffenen Hardware und eine gründliche Überprüfung der Kabelverbindungen. Leider sind die Probleme weiterhin vorhanden, und die Geräte sind weiterhin außer Betrieb, was die Ausführung wichtiger Funktionen behindert.\n\nAngesichts der Dringlichkeit bitten wir um schnelle Unterstützung. Bitte senden Sie uns Details zu den betroffenen Geräten, Fehlermeldungen, Netzwerkeinstellungen sowie etwaigen kürzlichen Änderungen. Falls gewünscht, nennen Sie uns eine passende Zeit für einen Anruf, um die Fehlerbehebung gemeinsam durchzuführen. Wir setzen alles daran, das Problem umgehend zu beheben.",Incident,high,"Vielen Dank für Ihre Meldung der Ausfälle. Um Ihnen rasch helfen zu können, bitten wir um Details zu den betroffenen Geräten, den auftretenden Fehlermeldungen, den Netzwerkeinstellungen und etwaigen kürzlichen Änderungen. Wenn gewünscht, nennen Sie uns eine passende Zeit für einen Rückruf, um die weitere Fehlerbehebung zu besprechen. Wir werden alles daran setzen, das Problem umgehend zu lösen.",body,type,priority,answer
Tobi-Bueck/customer-support-tickets,customer_support_tickets_tobi,"Dear Customer Support Team,\n\nI hope this message reaches you well. I am seeking detailed documentation and a comprehensive manual for integrating your cloud platform. Our team intends to add services to our current infrastructure and would greatly benefit from a clear understanding of the integration steps, best practices, and necessary prerequisites.\n\nCould you kindly share relevant resources, detailed instructions, API documentation, and troubleshooting guidance? Additionally, any insights into common issues and solutions would be highly appreciated.\n\nThank you in advance for your support.",Request,high,"Thank you for reaching out. We are glad to assist with your integration requirements. We will send over the integration documentation, including detailed steps, API references, and recommended practices. Troubleshooting tips and solutions for common challenges are included within the materials. If you have specific questions or details about your current setup, please inform us so we can customize the information to better suit your needs.",body,type,priority,answer
Tobi-Bueck/customer-support-tickets,customer_support_tickets_tobi,"Dear Customer Support,\n\nI am seeking comprehensive instructions for configuring and integrating the Smart Water Leak Detectors within a healthcare setting. Specifically, I require details on compliance considerations related to connecting with EMR and PACS systems to guarantee continuous, round-the-clock monitoring. Assistance with technical documentation to facilitate a smooth integration process would be highly valued.\n\nThank you for your support.\n\nBest regards,\n[Your Name]",Request,high,"Thank you for reaching out about integrating the Smart Water Leak Detectors into healthcare infrastructure. To provide precise guidance regarding EMR and PACS system compliance, please specify the exact platforms involved, as integration protocols can differ. Generally, these sensors utilize standard communication protocols such as MQTT and HTTP; the technical documentation includes essential API endpoints, data encryption techniques, and security measures to ensure regulatory adherence. For 24/7 monitoring, it is recommended...",body,type,priority,answer
Tobi-Bueck/customer-support-tickets,customer_support_tickets_tobi,"Sehr geehrtes Support-Team, ich suche nach einer ausführlichen Dokumentation zur Absicherung von Notion auf Microsoft Windows 10 Pro, insbesondere in Bezug auf die Einhaltung von HIPAA- und GDPR-Richtlinien. Es geht um die Nutzung telemedizinischer EMR/PACS-integrierter Gesundheitsumgebungen. Eine Anleitung zu bewährten Praktiken und Compliance-Anforderungen wäre sehr hilfreich. Vielen Dank im Voraus.",Request,medium,"Vielen Dank, dass Sie bezüglich der Sicherheitsdokumentation für Notion auf Windows 10 Pro im Zusammenhang mit HIPAA- und GDPR-Konformität Kontakt aufgenommen haben. Allgemeine Richtlinien zu bewährten Praktiken können bereitgestellt werden; die tatsächliche Einhaltung hängt jedoch von der Konfiguration Ihrer Tools und Umgebung ab. Bitte fordern Sie sowohl die Dokumentation des Anbieters als auch Ihre internen Konfigurationsrichtlinien an. Die Einhaltung von HIPAA und GDPR erfordert die Verwendung verschlüsselter Verbindungen, Zugriffskontrollen, Audit-Logs sowie regelmäßige Updates. Bei weiteren Fragen stehen wir Ihnen gern zur Verfügung.",body,type,priority,answer
Tobi-Bueck/customer-support-tickets,customer_support_tickets_tobi,"Sehr geehrtes Support-Team,\n\nich wende mich an Sie, um Unterstützung bei der Aktualisierung unserer derzeitigen bereichsübergreifenden agilen Teams im Rahmen einer groß angelegten Initiative zur Verbesserung unserer SaaS-Architektur zu erbitten. Ziel ist es, die Verfügbarkeit, Sicherheit, Skalierbarkeit und Gesamtleistung zu steigern, um den wachsenden Nutzeranforderungen effizienter gerecht zu werden.\n\nDabei möchten wir insbesondere moderne Technologien wie Microservices, Kubernetes-Management, Continuous Integration/Continuous Deployment (CI/CD) Pipelines sowie KI-basierte Strategien zur Ressourcenallokation einsetzen. Das Ziel ist die Einführung einer Microservices-Architektur zur Ablösung der monolithischen Plattform.",Change,high,"Vielen Dank für Ihre Anfrage bezüglich der Neustrukturierung Ihrer agilen Teams und der Optimierung Ihrer SaaS-Plattform. Wir empfehlen, mit einer klar definierten Roadmap zu starten, die die Implementierung von Microservices, Kubernetes-Orchestrierung, CI/CD sowie KI-gestützte Ressourcenmanagementstrategien umfasst und diese eng mit Ihren Geschäftsvisionen abstimmt. Es ist wichtig, funktionsübergreifende Teams mit klar zugewiesenen Rollen für Entwicklung, DevOps und Qualitätssicherung zu bilden, um Verantwortlichkeiten eindeutig zu klären. Schulungen im Veränderungsmanagement sind essenziell, um einen reibungslosen Übergang zu gewährleisten. Zudem stellen wir bewährte Leitfäden für das Design von Microservices, geeignete Frameworks sowie Tool-Empfehlungen zur Unterstützung der Teamumstellung bereit.",body,type,priority,answer
Tobi-Bueck/customer-support-tickets,customer_support_tickets_tobi,"Dear Support Team, we are experiencing multiple urgent failures across various devices including projectors, smart appliances, firewalls, monitors, and tablets. The issues seem to originate from network segmentation errors, possibly linked to a cyber threat. Although automated recovery processes, firewall resets, and endpoint monitoring have been implemented, full recovery has not yet been achieved. We require immediate support to resolve these connectivity issues and prevent further interruptions. Kindly advise on the next steps without delay.",Incident,high,"Thank you for reporting these urgent device failures and for the actions already undertaken. To assist you promptly, we need additional details about the current situation. Please verify which devices are displaying error codes or specific failure messages. Are the affected devices connected to physical or virtual network segments? Given the suspected cyber threat, please inform us if you have observed any unauthorized access, unusual network traffic, or ransom notifications. We will prioritize security measures accordingly.",body,type,priority,answer
Tobi-Bueck/customer-support-tickets,customer_support_tickets_tobi,"Dear Customer Support,\n\nI would appreciate it if you could supply comprehensive technical documentation, including integration instructions, for using data-driven investment platform ESG analytics tools. My goal is to incorporate these solutions into our existing risk management and compliance procedures, so detailed materials are essential for a seamless setup.\n\nThank you for your help.\n\nBest regards,\n[Your Name]",Request,medium,"Thank you for reaching out regarding the technical documentation for data-driven investment platform ESG analytics tools. To provide the most relevant materials, could you specify which particular products or modules you are interested in? Once we have that information, we can share the appropriate integration guides and documentation to support your risk management and compliance workflows. If you need a live walkthrough or have specific integration questions, please let us know a convenient time for a call. We are happy to assist further.",body,type,priority,answer
Tobi-Bueck/customer-support-tickets,customer_support_tickets_tobi,"Currently facing sporadic access problems on our cloud-native SaaS system. The suspected reason appears to be linked to orchestration resource management within our Kubernetes-driven microservices architecture. After restarting the affected services and examining deployment logs, the issue remains unresolved. Further investigation and escalation are required to address this matter swiftly.",Incident,medium,We appreciate you bringing this to our attention. The infrastructure team has been notified and will provide updates on their findings as soon as possible.,body,type,priority,answer
Tobi-Bueck/customer-support-tickets,customer_support_tickets_tobi,"Sehr geehrtes Support-Team,\n\nich möchte einen kürzlich aufgetretenen Vorfall im Zusammenhang mit Ausfällen unserer cloud-nativen Plattform melden. Es kam zu Serviceunterbrechungen, die die Abläufe erheblich gestört haben. Dieser Ausfall verzögerte die Arbeitsprozesse und beeinträchtigte unsere Fähigkeit, Kunden effizient zu betreuen. Die Stabilität und Verfügbarkeit der Plattform sind essenziell für unsere täglichen Geschäftsaktivitäten.\n\nKönnten Sie bitte eine Aktualisierung bezüglich der Ursache des Vorfalls sowie eine geschätzte Zeit für die Behebung bereitstellen? Außerdem wären Empfehlungen oder Maßnahmen zur Vermeidung zukünftiger Zwischenfälle sehr hilfreich.",Problem,high,"Vielen Dank, dass Sie uns wegen des jüngsten Ausfalls der cloud-nativen Plattform kontaktiert haben. Wir verstehen, wie kritisch die Stabilität der Plattform für Ihre Abläufe ist, und entschuldigen uns aufrichtig für die entstandenen Unterbrechungen. Unser technisches Team untersucht derzeit die Ursache und arbeitet an einer Lösung. Zum jetzigen Zeitpunkt können wir keinen genauen Zeitpunkt für die vollständige Wiederherstellung nennen, aber wir halten Sie über die Fortschritte auf dem Laufenden. Um zukünftige Vorfälle zu verhindern, werden wir eine gründliche Überprüfung der Systemprotokolle vornehmen und zusätzliche Überwachungstools implementieren. Wir verpflichten uns,",body,type,priority,answer
Tobi-Bueck/customer-support-tickets,customer_support_tickets_tobi,"Multiple devices, including NAS, cameras, USB drives, and printers, are malfunctioning due to suspected unauthorized access. SOC has identified HIPAA-related risks; penetration testing is underway.",Incident,medium,"Thank you for reporting the security incident. Please confirm whether the affected devices have been isolated, law enforcement and IT security teams have been engaged. Let us know if immediate assistance or further instructions are needed.",body,type,priority,answer
Tobi-Bueck/customer-support-tickets,customer_support_tickets_tobi,"Medical technical equipment such as touchscreens, webcams, and Ubuntu-based systems are experiencing crashes and connectivity disruptions, probably due to conflicts caused by recent security patches affecting device drivers. Restarting devices, manual updates, and reverting patches have been effective in resolving these problems.",Incident,high,"Thank you, <name>. To assist you further, could you please provide the specific error messages, the version of Ubuntu in use, and the particular device models impacted? This information will help us escalate the issue to our technical team. If you prefer a phone call, kindly share your availability. We are dedicated to resolving these system crashes and connectivity issues as swiftly as possible.",body,type,priority,answer
Tobi-Bueck/customer-support-tickets,customer_support_tickets_tobi,"Sehr geehrtes Support-Team,\n\nich möchte auf anhaltende Schwierigkeiten mit unseren Netzwerkswitches hinweisen, die den Arbeitsfluss erheblich beeinträchtigen. Die Probleme traten kürzlich auf, trotz erneuter Neustarts der Switches und Überprüfung der Kabelverbindungen bestehen die Schwierigkeiten weiterhin. Wir vermuten, dass die Ursache entweder in kürzlich durchgeführten Konfigurationsänderungen oder einem möglichen Hardwaredefekt liegen könnte.\n\nUnser Team hat bereits erste Fehlerbehebungsmaßnahmen ergriffen, darunter vollständige Neustarts der Geräte und eine gründliche Überprüfung der Kabel. Leider konnten diese Maßnahmen das Problem nicht lösen. Die Verbindungsstörungen betreffen mehrere Geräte.",Problem,low,"Vielen Dank für Ihre Kontaktaufnahme. Bitte stellen Sie die Modellbezeichnung, Seriennummern sowie eventuelle kürzlich vorgenommene Konfigurationsänderungen und Fehlerprotokolle bereit, um eine weitergehende Untersuchung der Verbindungsprobleme zu ermöglichen.",body,type,priority,answer
Tobi-Bueck/customer-support-tickets,customer_support_tickets_tobi,"Dear Customer Support Team,\n\nI am submitting a report regarding a significant performance concern with the Cloud SaaS platform. Over recent days, our team has observed frequent slowdowns and sporadic delays when accessing essential features, which have negatively affected our daily workflows. These disruptions have caused notable inconvenience and have impacted overall productivity.\n\nIn particular, the platform's response times have surged considerably, with pages taking several minutes to load completely. This issue has been seen across multiple users and various accounts.",Incident,low,"Thank you for bringing this performance concern to our notice. We recognize the importance of reliability and speed for your business operations on the Cloud SaaS platform and sincerely apologize for the inconvenience caused. Our technical team is actively investigating the reported increased response times and intermittent delays, aiming to identify any system-wide issues. To assist us further, could you please specify which user accounts are affected, detail the specific functionalities impacted, and provide approximate timeframes when the slowdowns occurred? This information will be helpful in our investigation.",body,type,priority,answer
Tobi-Bueck/customer-support-tickets,customer_support_tickets_tobi,"Dear Customer Support Team,\n\nI am submitting a report regarding a critical problem impacting several IoT devices connected to the network. Over the past few days, there have been recurring connectivity issues along with numerous security notifications. These events are causing considerable operational disruptions and raise fears of potential unauthorized access or misconfigurations within the network.\n\nInitially, I suspected that the issue might be limited to certain devices due to temporary network instability. To resolve this, I tried standard troubleshooting procedures.",Incident,high,"We appreciate your quick report of the urgent IoT connectivity security concerns. To assist you further, please send us detailed logs, device specifications, and a summary of security alerts received. Once we review this information, we can evaluate your network setup, suggest appropriate next steps, and advise on firmware updates or security policy modifications.",body,type,priority,answer
Tobi-Bueck/customer-support-tickets,customer_support_tickets_tobi,"Dear Customer Support Team,\n\nI hope this message reaches you in good health. I am reaching out to request comprehensive details about the procedures and best practices for integrating new hardware and software solutions into a microservices-oriented SaaS environment. Our organization aims to improve our understanding of how to effectively incorporate various components while ensuring system stability and scalability.\n\nIn particular, we are eager to learn about the recommended steps your team advocates for integrating new hardware devices and software modules. Additionally, any insights on tools and resources that facilitate this process would be highly appreciated.",Request,medium,"Thank you for your inquiry. To provide customized guidance and resources, could you please specify the hardware and software you plan to integrate, your preferred contact method, and any existing documentation or support needs?",body,type,priority,answer
Tobi-Bueck/customer-support-tickets,customer_support_tickets_tobi,"Dear Customer Support Team,\n\nI am reaching out to report a recent security breach related to the integration of Electronic Medical Records (EMR) with the Picture Archiving and Communication System (PACS). Routine continuous monitoring by the Security Operations Center (SOC) has identified a potential vulnerability that could compromise the confidentiality and integrity of patient information.\n\nInitial investigations and evaluations have already been carried out by the SOC team. At this stage, they have confirmed active threats exploiting this weakness.",Incident,low,"We appreciate your prompt notification regarding the possible vulnerability in the EMR/PACS integration. We take such issues very seriously and are collaborating closely with security analysts to implement urgent patches and configuration adjustments. Based on similar incidents affecting other clients and recent security alerts related to EMR/PACS integrations, we recommend keeping all systems updated with the latest patches, enforcing robust authentication measures, encrypting data during transmission and storage, and conducting regular audits of system access.",body,type,priority,answer
Tobi-Bueck/customer-support-tickets,customer_support_tickets_tobi,"Sehr geehrtes Support-Team,\n\nich möchte auf die anhaltenden Schwierigkeiten bei der Abstimmung der Arbeitsprozesse verschiedener Abteilungen, insbesondere im Bereich Strategie, Kreativ und Analytics, hinweisen. Kürzlich wurden erhebliche Verzögerungen entdeckt, die vermutlich auf die Komplexität bei der Integration diverser Workflow-Tools zurückzuführen sind. Zudem besteht die Herausforderung, die Teamkommunikation effizient an einem zentralen Punkt zu bündeln.\n\nTrotz unserer Bemühungen, die aktuellen Abläufe zu überprüfen und die Frequenz der Teammeetings zu erhöhen, bestehen die Probleme weiterhin und beeinträchtigen die Gesamtproduktivität sowie die Projektzeitpläne. Wir vermuten, dass die Ursachen in der mangelnden Kompatibilität und Synchronisierung der genutzten Systeme liegen.",Incident,low,"Vielen Dank für Ihre Mitteilung bezüglich der Koordinationsprobleme zwischen den Abteilungen Strategie, Kreativ und Analytics. Um Ihnen besser helfen zu können, möchten wir Sie bitten, uns mitzuteilen, welche Workflow- und Kommunikationstools derzeit im Einsatz sind. Wir können dann Empfehlungen für die Integration in zentrale Plattformen geben, die optimal auf Ihre Bedürfnisse zugeschnitten sind. Viele Organisationen setzen erfolgreich auf einheitliche Projektmanagement-Tools wie Asana oder Monday.com, um die Kommunikation und Aufgaben zentral zu steuern. Zudem empfehlen wir, klare Kommunikationskanäle sowie definierte Rollen innerhalb der Projekte festzulegen. Für weitere Unterstützung stehen wir gern zur Verfügung.",body,type,priority,answer
Tobi-Bueck/customer-support-tickets,customer_support_tickets_tobi,"Sehr geehrter Kundenservice,\n\nich schreibe bezüglich der Produkte aus unserer letzten Bestellung. Leider sind die erwarteten Spezifikationen beschädigt angekommen. Wir vermuten, dass die Probleme möglicherweise auf Transportschäden oder Kompatibilitätsprobleme zurückzuführen sind. Trotz unserer Bemühungen, einschließlich mehrfacher Neuinstallationen und gründlicher Fehlerbehebung, bestehen die Schwierigkeiten weiterhin.\n\nWir haben bereits zuvor den Support kontaktiert und bisher eine zufriedenstellende Lösung erhalten. Die defekten Artikel beeinträchtigen unsere Abläufe, daher hoffen wir auf eine schnelle Lösung, idealerweise durch einen Austauschprozess.",Incident,medium,"Vielen Dank, dass Sie die Probleme Ihrer letzten Bestellung schildern, <name>. Um fortzufahren, bitten wir Sie, die Bestellnummer sowie eine Liste der betroffenen Produkte, Fotos der sichtbaren Schäden und etwaige Fehlermeldungen bereitzustellen. Dies hilft uns, das Problem zu prüfen und eine schnelle Ersatzlieferung oder Rückerstattung zu veranlassen. Zudem werden wir den Versandprozess und eventuelle Kompatibilitätsfragen überprüfen. Sobald wir die Details haben, priorisieren wir die Lösung.",body,type,priority,answer
Tobi-Bueck/customer-support-tickets,customer_support_tickets_tobi,"Sehr geehrtes Support-Team,\n\nich hoffe, diese Nachricht erreicht Sie wohlbehalten. Ich möchte eine Anfrage bezüglich unseres aktuellen Teamaufbaus und der entsprechenden Prozesse stellen, insbesondere im Zusammenhang mit unserer cloud-basierten SaaS-Plattform. Ziel ist es, die Flexibilität und die operative Effizienz durch den Einsatz moderner Technologien und Methoden zu steigern.\n\nDabei planen wir die Einführung einer Microservices-Architektur, die durch Kubernetes-Orchestrierung unterstützt wird. Dies soll den Teams ermöglichen, Dienste unabhängig voneinander bereitzustellen, zu verwalten, die Skalierbarkeit zu erhöhen und Fehler isoliert zu behandeln. Zudem beabsichtigen wir, eine widerstandsfähige CI/CD-Pipeline zu etablieren.",Change,low,"Vielen Dank, dass Sie Ihre Zielsetzung zur Steigerung der Flexibilität in der Teamstruktur und der operativen Effizienz auf unserer cloud-basierten SaaS-Plattform dargelegt haben. Wir schätzen Ihren Fokus auf die Einführung einer Microservices-Architektur mit Kubernetes-Orchestrierung, die Implementierung einer stabilen CI/CD-Pipeline sowie die Integration KI-gestützter Ressourcenplanung und die Einrichtung von Zentren für Exzellenz im Bereich Cloud-native DevOps-Praktiken.\n\nUm den Fortschritt optimal zu unterstützen, bitten wir Sie, uns zusätzliche Informationen über die aktuelle Teamzusammensetzung, bestehende Automatisierungs- und DevOps-Initiativen sowie die Erfahrungen Ihrer Teams mit Kubernetes und Microservices bereitzustellen. Zudem wäre es hilfreich, mehr über Ihre weiteren Pläne und Anforderungen zu erfahren.",body,type,priority,answer
Tobi-Bueck/customer-support-tickets,customer_support_tickets_tobi,"Dear Customer Support Team,\n\nI am submitting a report regarding a major service failure currently impacting various offerings. This interruption has led to unexpected downtime, significantly hampering business activities and customer satisfaction. Our reliance on these services is substantial, and the inability to access the products presents considerable difficulties.\n\nCould you please provide an update on the status of this outage? Specifically, I would like to know the underlying cause, which products are affected, and the projected time for resolution. Additionally, any temporary workarounds would be appreciated.",Change,high,"Thank you for bringing the service disruption to our attention and outlining its effects. We are aware of the issue, and our technical team is prioritizing its resolution. At present, they are investigating the root cause and the impacted products. We will share updates and any available temporary solutions as soon as possible. We appreciate your patience and understanding during this interruption.",body,type,priority,answer
Tobi-Bueck/customer-support-tickets,customer_support_tickets_tobi,"Sehr geehrtes Kundendienstteam,\n\nich bitte um ausführliche Details bezüglich der Integration des IT-Support-Teams bei Big Data Lakes und Echtzeit-Analysen auf Python-basierenden Machine-Learning-Plattformen. Das Verständnis dieser Integration ist wesentlich, um die Systemleistung zu optimieren und eine hohe Zuverlässigkeit unserer Infrastruktur zu gewährleisten. Könnten Sie bitte Einblicke in die Abläufe, eingesetzten Werkzeuge und bewährte Praktiken gewähren, die das IT-Support-Team bei der effizienten Verwaltung komplexer Systeme anwendet? Zusätzlich wären alle relevanten Dokumentationen und Ressourcen im Zusammenhang hilfreich.\n\nVielen Dank im Voraus.",Request,low,"Vielen Dank für Ihre Anfrage. Das IT-Support-Team integriert Big Data Lakes und Echtzeit-Analysen auf Python-basierten Machine-Learning-Plattformen durch proaktive Überwachung, Fehlerbehebung und Systemoptimierung. Es kommen spezialisierte Tools zur Überwachung der Datenpipelines, automatisierte Alarme sowie Maßnahmen zur Leistungssteigerung zum Einsatz. Zudem werden bewährte Praktiken wie regelmäßige Updates, Sicherheitsüberprüfungen und gemeinschaftliche Problemlösung angewandt. Relevante Dokumentationen und Ressourcen werden wir Ihnen separat zusenden. Falls bestimmte Plattformen oder Tools verwendet werden, teilen Sie uns bitte die Details mit, damit wir die Informationen entsprechend anpassen können.",body,type,priority,answer
Tobi-Bueck/customer-support-tickets,customer_support_tickets_tobi,"Dear Customer Support Team,\n\nI am reaching out to seek further clarification regarding the description of the impact from the recent product incident. The information initially provided was somewhat vague, and I require a more comprehensive explanation of how the incident influences the product's functionality and the possible repercussions for users. Gaining a complete understanding of the impact is essential for us to evaluate the situation accurately and determine the necessary measures. Kindly furnish additional details or documentation that can shed more light on the matter.\n\nAppreciate your swift support.\n\nSincerely,\n[Your Name]",Incident,low,"We appreciate your contact concerning the recent product issue. We recognize how vital it is to have precise and detailed information to evaluate the effect on our operations. The incident mainly caused intermittent performance issues, leading to slower response times and occasional service interruptions affecting a subset of users. Security vulnerabilities and data loss were also identified as consequences of the incident. Users might experience temporary delays in accessing certain features or, in some cases, brief service disruptions.",body,type,priority,answer
Tobi-Bueck/customer-support-tickets,customer_support_tickets_tobi,"Sehr geehrter Kundendienst,\n\nWir erfahren momentan erhebliche Schwierigkeiten mit unseren Echtzeit-Analytics-Dashboards. Der Betrieb wurde unterbrochen, Aktualisierungen sind gestoppt, was kritische Geschäftsprozesse erheblich stört. Wir vermuten, dass der Ausfall auf eine Störung in der Datenpipeline zurückzuführen ist, da die Big-Data-Server nicht mehr reagieren. Um das Problem zu beheben, haben wir bereits die Datenaufnahmeprozesse neu gestartet und die Netzwerkverbindung geprüft. Trotz dieser Maßnahmen besteht das Problem weiterhin und betrifft mehrere Analytics-Module.\n\nWir bitten dringend um Unterstützung, um die Ursachen des Ausfalls zu identifizieren und zu beheben. Eine schnelle Wiederherstellung der Dashboards ist für unsere Geschäftsabläufe unerlässlich. Bitte setzen Sie Prioritäten bei der Bearbeitung dieses Tickets.",Incident,high,"<name>,\n\nvielen Dank, dass Sie das Problem mit den Echtzeit-Analytics-Dashboards gemeldet haben. Wir verstehen die Dringlichkeit und die Auswirkungen des Ausfalls auf Ihre Abläufe und werden Ihr Ticket entsprechend priorisieren.\n\nDa Sie bereits die Datenaufnahmeprozesse neu gestartet und die Netzwerkverbindung überprüft haben, möchten wir weitere Details erfassen, um bei der Fehlerbehebung zu helfen. Könnten Sie bitte, falls vorhanden, spezifische Fehlermeldungen aus den Protokollen der Analytics-Module oder der Datenpipeline bereitstellen? Zudem bitten wir um eine ungefähre Angabe, wann die Dashboards zuletzt aktualisiert wurden und ab wann die Nutzer keine Aktualisierungen mehr sehen konnten.",body,type,priority,answer
Tobi-Bueck/customer-support-tickets,customer_support_tickets_tobi,"Dear Support Team,\n\nI am submitting a report regarding a serious problem impacting several IoT devices connected to our network. Over recent days, we've encountered repeated connection issues along with numerous security warnings. These events are causing major operational disturbances and raise worries about possible unauthorized access or misconfigurations within our system.\n\nAt first, we thought the problem might be limited to specific devices due to temporary network instability. To address this, we tried standard troubleshooting procedures.",Incident,high,"We appreciate your prompt reporting of the urgent IoT connectivity and security concerns. To assist you further, kindly provide comprehensive logs, device details, and a summary of security alerts received. Once reviewed, we will evaluate your setup and suggest the appropriate next steps, including firmware updates and security policy modifications.",body,type,priority,answer
Tobi-Bueck/customer-support-tickets,customer_support_tickets_tobi,"Dear Customer Support Team,\n\nI am submitting a report regarding a technical problem encountered with the Cloud SaaS platform, which is presently disrupting our business activities. I have observed that certain features are not functioning as expected, leading to workflow interruptions and decreased productivity.\n\nSpecifically, I am facing sporadic connectivity issues when trying to access the platform. The system occasionally fails to load the dashboard, and the data displayed is outdated or incomplete. Moreover, the response times for executing commands have increased considerably, causing additional delays.",Problem,medium,"Thank you for providing detailed information regarding the issue with the Cloud SaaS platform. We apologize for the inconvenience caused and understand the impact on your operations. To investigate further, could you please specify if the problem is affecting specific user accounts, and share any relevant error messages or screenshots? Additionally, please inform us of your current browser and operating system versions. Our technical team is prepared to escalate this matter and work toward a swift resolution. Would you like to discuss this over a phone call?",body,type,priority,answer
Tobi-Bueck/customer-support-tickets,customer_support_tickets_tobi,"Dear Customer Support Team,\n\nI hope this message reaches you well. I am reaching out to highlight a recurring problem with PowerPoint 2021 related to real-time collaborative editing. Even after following the recommended procedures to set the correct permissions for all participants, I am consistently experiencing failures when attempting to edit presentations simultaneously.\n\nThe main issue involves delayed updates, where changes made by one user appear immediately on their screen but are not reflected on others'. In some cases, edits are entirely lost.",Incident,medium,"Thank you for reaching out regarding issues with collaborative editing in PowerPoint 2021. We understand how this can affect your workflow and appreciate the troubleshooting steps you've already undertaken. To assist us in further investigation, could you please inform us if you are sharing presentations via platforms such as OneDrive, SharePoint, or another method? Also, kindly specify any error messages encountered during editing. If possible, please provide details about the operating system versions used by your team members.",body,type,priority,answer
Tobi-Bueck/customer-support-tickets,customer_support_tickets_tobi,"Dear Customer Support Team,\n\nI hope this message finds you well. I am reaching out to request a comprehensive summary of the security services provided by your organization. As security plays a vital role in our operations, understanding the full range of services will assist us in evaluating how well they meet our requirements.\n\nSpecifically, I would like detailed information about the various security solutions you offer, including managed services, threat detection, incident management, and any advanced features. Additionally, information about customization options would be appreciated.",Request,medium,"Thank you for your interest in our security offerings. We provide managed security services, threat identification, incident management, advanced security solutions, and customizable packages tailored to different industries and business sizes. Our services comply with industry standards and regulations, and we offer 24/7 support with defined escalation procedures. For detailed resources, brochures, or pricing information, or to receive a personalized quote, please inform us about your company's size and industry. If you'd like to discuss further, we are happy to assist.",body,type,priority,answer
Tobi-Bueck/customer-support-tickets,customer_support_tickets_tobi,"Dear Customer Support Team,\n\nI hope this message reaches you well. I am writing to request detailed information about the services provided by your marketing agency. Our company is currently considering potential collaborations to strengthen our marketing efforts, and we are particularly interested in understanding the scope of services, pricing structures, and any success stories or case studies you can share.\n\nCould you please provide specifics on the marketing services you offer, such as digital marketing, social media management, SEO, and content creation?",Request,low,"Thank you for your interest in our marketing agency services. We offer an extensive array of solutions, including digital marketing, social media management, SEO, content development, and campaign oversight. Our team comprises specialists with significant experience across various sectors, committed to delivering customized strategies that generate tangible outcomes. We serve a diverse client base, from startups to large corporations, and can share recent success stories upon request. Our pricing models are adaptable and tailored to each project.",body,type,priority,answer
Tobi-Bueck/customer-support-tickets,customer_support_tickets_tobi,"Encountering several device-related service interruptions impacting workflow. Attempts to resolve by rebooting devices and checking internet connectivity have not succeeded. The root cause remains uncertain, possibly linked to network infrastructure. Prompt support needed.",Problem,high,Currently examining the issue as a priority. Kindly share information about the impacted devices along with recent error notifications.,body,type,priority,answer
Tobi-Bueck/customer-support-tickets,customer_support_tickets_tobi,"Dear Customer Support Team,\n\nI wish to report a significant issue with our SaaS platform. Recently, an outage was observed affecting multiple devices connected to the platform, which has severely disrupted operational processes. The interruptions have caused delays and disturbances, raising concerns about the reliability moving forward. Could you please provide an update on the cause of the outage and an estimated timeline for resolution? Additionally, advice on mitigating the impact during this period would be appreciated.\n\nThank you for your prompt assistance regarding this matter.\n\nBest regards,\n[Your]",Incident,high,"Thank you for reporting the outage of our SaaS platform. We understand how critical system reliability and operations are, and we apologize for any inconvenience caused. Our technical team is currently investigating the root cause of the malfunction affecting multiple devices. We are working diligently to resolve the issue as quickly as possible and will provide a detailed timeline for full restoration. We will inform you immediately once we have more information or an estimated resolution time. In the meantime, we recommend reconnecting affected devices periodically to ensure continued access.",body,type,priority,answer
Tobi-Bueck/customer-support-tickets,customer_support_tickets_tobi,"Dear Customer Support,\n\nWe are currently experiencing connectivity problems impacting several devices within the healthcare provider network, such as headsets, NAS systems, MacBook Pro laptops, and other vital equipment. These disruptions are severely affecting our daily operations. We suspect that recent changes to security settings or software updates may have triggered these issues. Despite initial troubleshooting efforts like restarting the devices and attempting reconnections, the problems persist without any improvement.",Incident,low,"Thank you for reaching out to us, and we apologize for the inconvenience caused. To assist you further, could you please specify whether the connectivity issues involve wired, wireless, or other network types? Are any error messages displayed, and if so, what do they indicate? Additionally, please confirm which security software updates were applied prior to the issues arising. If urgent, kindly inform us of a suitable time for a support call, and we can arrange a remote session to diagnose and resolve the problem promptly.",body,type,priority,answer
Tobi-Bueck/customer-support-tickets,customer_support_tickets_tobi,"Dear Support Team,\n\nI am reaching out to report network connectivity problems that have arisen following the recent Ubuntu update on my devices. Specifically, the Anker USB-C to Ethernet adapter and Logitech StreamCam on my MacBook Pro are affected. After updating, these devices no longer establish a reliable network connection.\n\nI have already performed a system restart, reinstalled the necessary drivers for the Ethernet adapter and Logitech StreamCam, and the issue persists. It appears that the problem may be related to OS compatibility issues or potential driver conflicts introduced by the latest update.\n\nThank you for your assistance.",Problem,low,"Thank you for contacting us regarding the network connectivity issues with the Anker USB-C Ethernet adapter and Logitech StreamCam on your MacBook Pro following the latest Ubuntu update. We understand how important it is for your devices to function correctly and appreciate the troubleshooting steps you have already undertaken.\n\nSince multiple USB-C devices are affected after the OS update, it is possible that the new Ubuntu version has introduced compatibility or driver conflicts. To assist you further, please provide the specific version of Ubuntu currently installed on your MacBook Pro. We look forward to your response so we can help resolve this matter.",body,type,priority,answer
Tobi-Bueck/customer-support-tickets,customer_support_tickets_tobi,"Sehr geehrtes Support-Team,\n\nich wende mich an Sie, um Unterstützung bei einem anhaltenden Problem mit meinem HyperX Cloud II Wireless-Headset zu bitten. Das Headset trennt sporadisch die Verbindung während virtueller Meetings, obwohl es mit meinem Laptop verbunden ist, was die Kommunikation während der Arbeit erheblich beeinträchtigt.\n\nIch vermute, dass das Problem durch mögliche drahtlose Störungen oder Treiberkonflikte verursacht wird. Um dem entgegenzuwirken, habe ich die Treiber des Headsets bereits neu installiert und die Bluetooth-Einstellungen meines Laptops sorgfältig überprüft. Trotz dieser Maßnahmen besteht das Problem weiterhin, da sich das Headset unerwartet trennt.\n\nDieses Problem",Problem,high,"Vielen Dank, dass Sie uns bezüglich der Verbindungsabbrüche Ihres HyperX Cloud II Wireless-Headsets kontaktiert haben. Wir verstehen, wie störend das sein kann, besonders während wichtiger Meetings, und schätzen die bereits getroffenen Maßnahmen wie die Neuinstallation der Treiber, die Überprüfung der Bluetooth-Einstellungen sowie Firmware-Updates in verschiedenen Umgebungen.\n\nUm Ihnen noch besser helfen zu können, bitten wir Sie, das Herstellermodell sowie die Modellnummer Ihres Laptops sowie die Version des verwendeten Betriebssystems anzugeben. Diese Informationen ermöglichen es uns, bekannte Kompatibilitätsprobleme zu erkennen und gezieltere Lösungsschritte vorzuschlagen.\n\nBitte versuchen Sie vorerst,",body,type,priority,answer
Tobi-Bueck/customer-support-tickets,customer_support_tickets_tobi,"Customer Support,\n\nI am facing a problem with a touchscreen display not recognizing touch commands during a live client campaign demonstration. The issue started immediately after a recent system upgrade. I have tried rebooting the display and reconnecting the cables, but the problem remains. Error messages appear, although everything else seems to be operating normally. Since the demo is critical, I would appreciate quick assistance in resolving this issue. Please suggest additional troubleshooting steps or solutions.",Incident,medium,"Thank you for reaching out regarding the touchscreen display issue. Since the problem began following a recent system update, I recommend performing a complete power cycle by unplugging the monitor and computer for at least 2 minutes before reconnecting. Also, verify that touchscreen functionality is enabled in system settings and confirm that the latest touch drivers are installed. If possible, test the display on another device to determine whether the issue is hardware-related.",body,type,priority,answer
Tobi-Bueck/customer-support-tickets,customer_support_tickets_tobi,"Dear Customer Support Team,\n\nI hope this message reaches you well. I am writing to highlight a security compliance concern encountered on my Windows 10 Pro device. Recently, I observed that the device is not meeting certain compliance standards, raising concerns about potential security vulnerabilities affecting the overall security integrity of the system.\n\nSpecifically, the issue seems related to the system's compliance with updated security policies and configuration settings necessary to maintain adherence to industry benchmarks. Despite following the usual procedures, the problem persists.",Problem,high,"Thank you for reaching out regarding the security compliance concern with Windows 10 Pro. To assist you more effectively, could you please specify which compliance requirements are triggering alerts and share any error messages or screenshots you have received? This information will enable us to offer precise guidance. Additionally, please inform us if your device is connected to a corporate network managed by your department, as policies may vary. With these details, we can suggest suitable steps or tools to resolve the issue.",body,type,priority,answer
Tobi-Bueck/customer-support-tickets,customer_support_tickets_tobi,"Dear Customer Support,\n\nI am reaching out to seek clarification concerning the configuration, compatibility, and suggested usage products, particularly within data analytics trading settings. Could you please offer comprehensive guidance and pertinent documentation that can assist us in enhancing our implementation? Your help in understanding best practices and products would be highly valued.\n\nThank you for your support.\n\nBest regards,\n[Your Name]",Request,high,"Thank you for reaching out to us regarding configuration, compatibility, and recommended products for data analytics trading environments. To provide precise guidance, could you specify which products or modules you are referring to? Please share detailed documentation or best practices to help optimize your setup. If preferred, we can arrange a call to discuss your specific needs. Let us know how you wish to proceed.",body,type,priority,answer
Tobi-Bueck/customer-support-tickets,customer_support_tickets_tobi,"Sehr geehrtes Support-Team,\n\nich möchte ein Problem im Zusammenhang mit dem Account Management Center melden. Es scheint einen Vorfall aufgrund von Inkonsistenzen zu geben, der die gesamte Funktionalität beeinträchtigt und die Nutzererfahrung stört. Die Elemente im Dashboard sind nicht korrekt ausgerichtet, was die Navigation zu wichtigen Kontofunktionen erschwert. Die Inkonsistenzen sind auf mehreren Geräten und in verschiedenen Browsern sichtbar, was auf ein systemweites Problem hindeutet anstelle eines lokalen Fehlers.\n\nFolglich sind Aufgaben, die normalerweise wenig Aufwand erfordern, sehr zeitaufwendig und mühsam, was die Produktivität beeinträchtigt und zu Fehlern bei den Kontoverwaltungsaktivitäten führen kann. Wir schätzen Ihre technische Unterstützung.",Incident,medium,"Vielen Dank, dass Sie das Problem der Inkonsistenzen im Account Management Center gemeldet haben. Um unser technisches Team bei der Diagnose zu unterstützen, könnten Sie bitte Screenshots der betroffenen Dashboard-Bereiche bereitstellen? Das würde helfen, das Problem effizienter zu identifizieren. Wir danken für Ihre Geduld und werden Sie umgehend informieren, sobald wir weitere Informationen haben oder einen Lösungszeitplan festlegen können.",body,type,priority,answer
Tobi-Bueck/customer-support-tickets,customer_support_tickets_tobi,"Dear Customer Support Team,\n\nI am reaching out to report a critical problem affecting the Centralized Account Management System. Over the past several hours, the platform has been entirely unreachable, greatly hampering our capacity to oversee user accounts, execute vital administrative functions, and ensure continuous service operations.\n\nThis failure is causing major workflow interruptions, preventing us from updating account information, resetting passwords, and synchronizing user data across systems.",Incident,high,"Thank you for bringing this to our notice. We recognize the urgency of the Centralized Account Management System outage and its impact on operations. Our technical team is currently investigating the problem and working to restore access as swiftly as possible. While we have not yet confirmed an estimated recovery time, resolving this issue is our top priority, and we will provide updates as soon as additional information becomes available. Meanwhile, could you please verify which users are affected and provide any recent error messages or logs? Sharing these details will assist our investigation. We appreciate your cooperation.",body,type,priority,answer
Tobi-Bueck/customer-support-tickets,customer_support_tickets_tobi,"Dear Customer Support Team,\n\nI am reaching out to request comprehensive details about data integration processes for analytics platforms compatible with large-scale data repositories. Specifically, I am keen to understand how systems incorporate Python-based machine learning environments. This information is vital for developing customized investment strategies aligned with our requirements. Could you please share insights on the types of data sources compatible with big data lakes, the procedures for adding new data streams, and available APIs?",Request,high,Thank you for your inquiry. Please confirm which big data solutions you are considering. This will help us provide detailed and relevant information regarding platform integration for analytics.,body,type,priority,answer
Tobi-Bueck/customer-support-tickets,customer_support_tickets_tobi,"Sehr geehrtes Support-Team,\n\nich bitte um ausführliche Dokumentationen zu den Konformitätsanforderungen für die Smart-Sicherheitskameras im IoT-Bereich, insbesondere hinsichtlich wichtiger Sicherheits- und Datenschutzstandards. Ich bin vor allem daran interessiert, ob die Geräte den Vorgaben von HIPAA, GDPR und ISO 27001 entsprechen. Diese Informationen sind essenziell, um die Kompatibilität der Produkte mit Gesundheitsplattformen zu bewerten und eine sichere Fernüberwachung zu gewährleisten.\n\nKönnten Sie bitte umfassende Details zu den getroffenen Maßnahmen, den Protokollen und der Implementierung der Standards bereitstellen? Besonders interessieren mich Zertifizierungen, Datenschutzmaßnahmen sowie Verschlüsselungsverfahren und Sicherheitsprozesse.",Request,low,"Vielen Dank für Ihre Anfrage bezüglich der Konformitätsnachweise für unsere IoT-Sicherheitskameras. Wir bestätigen, dass unsere Produkte die Anforderungen von GDPR, ISO 27001 und anderen relevanten Standards erfüllen. Sie verfügen über fortschrittliche Datenschutzmechanismen, einschließlich Ende-zu-Ende-Verschlüsselung und kontrollierten Zugriffsrechten. Derzeit sind unsere Geräte gemäß HIPAA zertifiziert, wobei wir strenge Risikomanagement- und Vorfallreaktionsprotokolle einhalten. Für detaillierte technische Spezifikationen und offizielle Zertifizierungsdokumente lassen Sie uns bitte wissen, welche Unterlagen Sie benötigen. Gerne vereinbaren wir einen Termin, um Ihre Anforderungen im Detail zu besprechen.",body,type,priority,answer
Tobi-Bueck/customer-support-tickets,customer_support_tickets_tobi,"Dear Support Team, I have noticed that my Excel analysis workflows have become less responsive, likely due to high memory consumption from large datasets and complex machine learning Python integrations. Restarting Excel and rebooting the workstations temporarily resolved the issue. I would appreciate your assistance in promptly addressing this performance concern.",Incident,high,"Thank you for reaching out regarding the performance issues with Excel. To better assist you, please confirm your Excel version, operating system, typical dataset sizes, and whether you are using any additional third-party Excel add-ins besides Python integrations. In the meantime, try disabling unnecessary add-ins and ensure that your system has sufficient free disk space and RAM. Providing these details will help us recommend more targeted troubleshooting steps. Please let us know if you prefer an urgent call for further support.",body,type,priority,answer
Tobi-Bueck/customer-support-tickets,customer_support_tickets_tobi,"Dear Customer Support Team,\n\nI hope this message finds you well. I am reaching out to request assistance with several configuration adjustments and integrations that are vital for improving our workflow efficiency and strengthening collaboration across departments.\n\nFirstly, I require updates to the Outlook 2021 setup to better meet our current communication needs. This includes configuring shared calendars, refining email rules, and adding relevant plugins to facilitate more seamless team interactions.\n\nFurthermore, I am interested in implementing new solutions.",Change,high,"Thank you for contacting us regarding your configuration and integration needs. To assist you effectively, we require additional information. For Outlook 2021, please specify the number of users who need shared calendars, the preferred add-ons, and details about your current email rule setup. Regarding new headsets, kindly provide the make and model, as well as the communication software you are using. For the network switch, please mention the current model and any issues you are experiencing. For smart device integration, please share further details.",body,type,priority,answer
Tobi-Bueck/customer-support-tickets,customer_support_tickets_tobi,"Sehr geehrter Kundendienst,\n\nich hoffe, diese Nachricht erreicht Sie wohlbehalten. Ich schreibe, um Unterstützung bei einem Problem mit meinem VR-Controller zu erbitten. Kürzlich war es mir nicht mehr möglich, den VR-Controller mit meinem Headset zu koppeln. Trotz mehrfacher Versuche gelingt es nicht, den Controller ordnungsgemäß zu verbinden und zu synchronisieren.\n\nIch habe verschiedene Fehlerbehebungsmaßnahmen durchgeführt, darunter das Neustarten sowohl des Headsets als auch des Controllers, die Überprüfung auf Firmware-Updates sowie die Sicherstellung, dass die Batterien vollständig geladen sind. Leider hat keine dieser Maßnahmen das Problem gelöst. Der Controller erscheint lediglich in der Liste der verfügbaren Geräte, wenn ich eine Verbindung herstelle.\n\nVielen Dank im Voraus für Ihre Unterstützung.",Problem,medium,"Vielen Dank, dass Sie sich wegen des VR-Controller-Kopplungsproblems an uns gewandt haben. Könnten Sie bitte das genaue Modell Ihres VR-Headsets und Ihrer Controller angeben? Teilen Sie außerdem mit, ob beim Versuch, die Verbindung herzustellen, irgendwelche Kontrollleuchten am Controller angezeigt werden. Dies wird uns helfen, gezielte Fehlerbehebungsmaßnahmen vorzuschlagen.",body,type,priority,answer
Tobi-Bueck/customer-support-tickets,customer_support_tickets_tobi,"Dear Customer Support Team,\n\nI hope this message reaches you well. I am writing to express concerns about the observed inefficiencies in the current incident management process. Our team has noticed that the process, which was expected to be streamlined, is causing delays in addressing urgent issues, thereby affecting overall operational efficiency.\n\nSpecifically, the communication flow during incidents appears disjointed, leading to confusion and slower resolution times. Furthermore, the absence of clear prioritization and automated escalation procedures has resulted in important issues being overlooked or delayed.",Problem,medium,"Thank you for bringing your concerns about the incident management process to our attention. We understand the importance of efficient communication and clear prioritization to minimize downtime and ensure service quality. To assist us further, could you please share specific examples of recent incidents, including their reference numbers, where delays or fragmentation occurred? This will help us identify process gaps. In the meantime, we recommend implementing automated ticket prioritization, establishing defined escalation pathways, and utilizing a centralized communication platform to improve the workflow.",body,type,priority,answer
Tobi-Bueck/customer-support-tickets,customer_support_tickets_tobi,"Dear Customer Support Team,\n\nI am reaching out to explore the potential of consolidating account administration by integrating multiple sophisticated marketing tools to improve efficiency. In particular, I am interested in tools that support data-informed marketing strategies, A/B testing, real-time ad purchasing, influencer coordination, video user experience development, and the Growth Hacking Lab. The aim is to synchronize client activities and automate various channels smoothly.\n\nAt present, our marketing initiatives are scattered across various platforms.",Change,high,Thank you for your inquiry. Could you specify which existing platforms need to be integrated? This will help us suggest the most appropriate solutions.,body,type,priority,answer
Tobi-Bueck/customer-support-tickets,customer_support_tickets_tobi,"Dear Customer Support Team,\n\nI hope this message finds you well. I am writing to request detailed information about the integration capabilities of the investment analytics platform. Specifically, I am interested in understanding whether the platform supports incorporating Python-based machine learning models. Our team aims to implement customized, rule-driven strategies that depend heavily on real-time analytics and smooth interaction with machine learning algorithms developed in Python.\n\nCould you please advise on the setup requirements needed to achieve this?",Request,medium,"Thank you for reaching out regarding the integration capabilities of the investment analytics platform. The platform offers a RESTful API along with a dedicated Python SDK, facilitating effortless connection to Python-based machine learning models. For real-time analytics and rule-based strategies, it supports streaming data connections via WebSocket and provides sample scripts for integrating live data within Python environments. We recommend using asynchronous calls to optimize resource management during real-time operations.",body,type,priority,answer
Tobi-Bueck/customer-support-tickets,customer_support_tickets_tobi,"Sehr geehrtes Kundendienstteam,\n\naktuell erleben wir bedeutende technische Schwierigkeiten, die mehrere Unternehmensprodukte beeinträchtigen, darunter Drucker, Notebooks, Netzwerk- und Peripheriegeräte. Die Störungen scheinen möglicherweise auf Netzwerk- oder Stromprobleme zurückzuführen zu sein. Trotz erster Fehlerbehebungsmaßnahmen, wie Überprüfung der Hardwareverbindungen und Geräte-Neustarts, konnten die Probleme bisher nicht gelöst werden.\n\nDiese weitreichenden Störungen beeinträchtigen den täglichen Geschäftsbetrieb erheblich und erfordern dringend weitere Unterstützung bei der Ursachenanalyse und Fehlerbehebung.",Incident,high,"Vielen Dank für Ihre Mitteilung bezüglich der technischen Schwierigkeiten mit Druckern, Laptops und Netzwerkperipheriegeräten. Wir verstehen die Dringlichkeit der Situation und werden den Vorfall prioritär behandeln. Könnten Sie bitte zusätzliche Informationen bereitstellen? Besonders interessiert uns, ob kürzlich Änderungen an der Netzwerk- oder Strominfrastruktur vorgenommen wurden, ob Fehlermeldungen oder Kontrollleuchten an den betroffenen Geräten sichtbar sind. Es wäre auch hilfreich zu wissen, ob die Probleme an bestimmten Standorten, Etagen oder Abteilungen häufiger auftreten und ob die Störungen temporär oder dauerhaft bestehen.",body,type,priority,answer
Tobi-Bueck/customer-support-tickets,customer_support_tickets_tobi,"Dear Customer Support Team,\n\nI hope this message reaches you well. I am reaching out to request detailed information about the ESG analytics platform. As sustainability and corporate responsibility are becoming increasingly significant for our organization, we are actively exploring robust tools to help us effectively measure, analyze, and report on Environmental, Social, and Governance (ESG) factors.\n\nOur team is particularly keen to understand the platform's main features, including supported data sources and analytical functionalities.",Request,medium,"Thank you for your interest in our ESG analytics solution. We provide extensive data sources, sophisticated analytical tools, real-time reporting capabilities, and seamless integration with existing systems, all while ensuring strong data security and compliance with regulations. The platform offers customization options, an easy-to-use interface, and dedicated customer support. We also offer flexible pricing plans, subscription options, and trial periods. Case studies are available upon request. Please inform us of your preferred contact method at your convenience.",body,type,priority,answer
Tobi-Bueck/customer-support-tickets,customer_support_tickets_tobi,"Dear Support Team,\n\nI am reaching out to request help concerning a problem with my Smart Home Center after a recent firmware upgrade. Since installing the update, the hub has been unable to synchronize multiple devices, which significantly hampers the functionality of my smart home setup.\n\nThis issue started immediately after the update was completed. I have observed that several devices, such as smart lighting, thermostats, and security cameras, are unable to connect or stay synchronized with the hub due to connectivity problems.",Problem,high,"Thanks for your detailed message. To assist you further, please provide the model and firmware version of your Smart Home Center. If necessary, we can arrange a call to explore additional troubleshooting steps or to perform a firmware rollback.",body,type,priority,answer
Tobi-Bueck/customer-support-tickets,customer_support_tickets_tobi,"Dear Customer Support Team,\n\nI hope this message finds you well. I am reaching out to seek clarification regarding the billing and payment process associated with my account. I have noticed discrepancies in recent invoices and would like a detailed breakdown of the charges applied. Specifically, I am uncertain about the timing of payments, the accepted payment methods, and any potential fees that may be incurred.\n\nAdditionally, it would be helpful if you could provide information on whether automatic payments can be set up and if payment plans are available. Understanding these aspects is crucial for me.",Request,medium,"Thank you for contacting us regarding billing and payment concerns, <name>. I understand the importance of having precise and transparent billing details. To address the discrepancies mentioned, could you please specify which invoices have irregular charges? We can assist by reviewing your account and providing a detailed breakdown. The payment process generally involves online transactions via credit card or bank transfer, with due dates indicated on the invoice. Please note that late payments may result in late fees. Confirming timely payments helps avoid additional charges.",body,type,priority,answer
Tobi-Bueck/customer-support-tickets,customer_support_tickets_tobi,"Dear Customer Support Team,\n\nI am reaching out to request comprehensive information on the billing procedures for payments related to Corsair Dark Core RGB Pro SE Mouse and similar products. These devices are used by institutional clients in quantitative finance settings, so it is essential for us to understand the billing framework to ensure adherence to internal accounting and procurement policies.\n\nCould you please provide an overview of the billing process, including the available invoicing methods and payment terms?",Request,medium,"Thank you for your inquiry regarding billing procedures for Corsair Dark Core RGB Pro SE Mouse products purchased by institutional clients. We are pleased to provide an overview to support compliance with internal accounting and procurement policies.\n\nOur standard billing process for institutional orders involves issuing a detailed invoice once the order is confirmed. We offer several invoicing options, including electronic invoicing sent via email with a downloadable PDF.",body,type,priority,answer
Tobi-Bueck/customer-support-tickets,customer_support_tickets_tobi,"Dear Customer Support Team,\n\nI am facing frequent disconnections when trying to access cloud-based applications on my Chromebook. This problem hampers my ability to view real-time analytics dashboards that are essential for my workflow. The issue appears to have begun after recent operating system updates. I have already tried basic troubleshooting measures such as resetting network configurations, but the problem remains unresolved. Since maintaining a stable connection is crucial for my tasks, I would be grateful for your assistance in resolving this issue.",Problem,medium,"Thank you for reaching out, <name>. To assist you further, could you please specify your Chromebook's OS version, the network type (Wi-Fi or Ethernet), and whether other devices are affected? If possible, share the exact error messages you receive during disconnects to help us diagnose the problem better.",body,type,priority,answer
Tobi-Bueck/customer-support-tickets,customer_support_tickets_tobi,"Sehr geehrter Kundendienst,\n\nich bitte um Anpassungen an den IT-Einstellungen für mehrere Geräte, inklusive MacBook Air, Drucker und Smart Hub Switch. Ziel ist es, die Sicherheitsstandards zu verbessern und die Einhaltung der Vorschriften im Gesundheitswesen zu gewährleisten, insbesondere im Hinblick auf die Vorgaben der CISO-Leitung. Bitte unterstützen Sie mich bei den erforderlichen Schritten, um die Änderungen effizient umzusetzen. Eine schnelle Rückmeldung zu dieser Angelegenheit wäre sehr willkommen.\n\nMit freundlichen Grüßen,\n[Ihr Name]",Change,medium,"Vielen Dank für Ihre Anfrage zur Aktualisierung der IT-Konfigurationen für MacBook Air, Drucker und Smart Hub Switch. Ziel ist es, die Sicherheitsmaßnahmen zu verstärken und die Compliance mit den Richtlinien im Gesundheitswesen sowie den Vorgaben der CISO-Leitung zu sichern. Damit wir die Änderungen effizient und regelkonform durchführen können, bitten wir Sie, die genauen Sicherheitseinstellungen oder Konfigurationen anzugeben, die aktualisiert werden sollen. Möchten Sie beispielsweise die Geräteverschlüsselung aktivieren, Zugriffskontrollen anpassen, Sicherheitspatches installieren oder spezifische Netzwerkeinstellungen konfigurieren? Zudem benötigen wir weitere Details, um die Umsetzung optimal zu planen.",body,type,priority,answer
Tobi-Bueck/customer-support-tickets,customer_support_tickets_tobi,"Dear Customer Support Team,\n\nI am requesting an update to the organizational summary to accurately depict our current structural capabilities. In particular, please highlight the security operations overseen by the Chief Information Security Officer (CISO), emphasizing our dedication to maintaining exemplary security standards.\n\nFurthermore, kindly include details about the compliance frameworks we adhere to, ensuring they meet or surpass healthcare industry regulations. It is also crucial to stress our 24/7 monitoring abilities that guarantee ongoing oversight.",Change,low,"Thank you for your request to revise the organizational overview. To proceed, could you please provide the specific names and titles to be included, as well as details of the compliance frameworks currently in place? Additionally, share your preferred phrasing regarding our 24/7 monitoring capabilities and security posture. Once we receive this information, we will update the overview and confirm when the revision is complete. Please let us know if there are any supporting documents you want us to reference.",body,type,priority,answer
Tobi-Bueck/customer-support-tickets,customer_support_tickets_tobi,"Sehr geehrtes Support-Team,\n\nich bitte um ausführliche Anweisungen bezüglich der Abrechnungs- und Zahlungsprozesse, insbesondere für Gesundheitsdienstleister, EMR/PACS-Integrationen, Telemedizinplattformen sowie IoT-Gerätesicherheitsdienste. Unser Unternehmen strebt die Einhaltung der Standards HIPAA, GDPR und ISO 27001 an und möchte sicherstellen, dass unsere Abrechnungspraktiken vollständig mit den geltenden Vorschriften übereinstimmen.\n\nKönnten Sie bitte umfassende Informationen bereitstellen, wie die Abrechnung für integrierte Dienste erfolgen sollte? Besonders interessieren mich der Ablauf des Rechnungsstellungsprozesses, Zahlungsfristen, akzeptierte Zahlungsmethoden sowie die erforderlichen Dokumentationen zur Compliance.",Request,medium,"Vielen Dank, <name>, dass Sie sich an uns gewandt haben. Für die Abrechnung von EMR/PACS-Integrationen, Telemedizinplattformen und IoT-Gerätesicherheitsdiensten stellen wir monatlich detaillierte Leistungsübersichten aus. Rechnungen werden innerhalb von 30 Tagen per ACH-Überweisung, Kreditkarte oder Scheck beglichen. Diese enthalten auch Compliance-Erklärungen sowie die relevanten Dokumentationen. Um die Einhaltung von HIPAA, GDPR und ISO 27001 zu gewährleisten, bieten wir sichere Zahlungsportale mit entsprechenden Prüfpfaden an. Bitte teilen Sie uns die gewünschten Formatvorgaben für die Vorlagen und Richtliniendokumente mit, wir stellen diese umgehend bereit. Lassen Sie uns wissen, falls Sie weitere Informationen benötigen.",body,type,priority,answer
Tobi-Bueck/customer-support-tickets,customer_support_tickets_tobi,"Sehr geehrtes Kundenservice-Team,\n\nich hoffe, diese Nachricht erreicht Sie wohlbehalten. Ich möchte um eine Aktualisierung der Abläufe für Rückgaben und Umtausch innerhalb der Agile-Teams bitten. Es ist entscheidend, dass die Prozesse nahtlos in die bestehende Microservices-Architektur integriert werden, um einen reibungslosen und effizienten Betrieb sicherzustellen.\n\nDes Weiteren ist es unerlässlich, die strikte Mandantenisolation beizubehalten, um jegliche Datenlecks oder Interferenzen zwischen Mandanten zu verhindern. Dies trägt dazu bei, die Sicherheits- und Datenschutzstandards zu wahren, die unsere Kunden erwarten. Neben der Mandantenisolierung müssen wir auch gewährleisten, dass die Plattformverfügbarkeit konstant hoch bleibt und Ausfallzeiten minimiert werden.",Change,medium,"Vielen Dank für die ausführliche Anfrage zur Aktualisierung der Rückgabe- und Umtauschprozesse. Wir werden einen umfassenden Plan entwickeln, der die Integration der Microservices, Mandantenisolation sowie die Plattformverfügbarkeit und CI/CD-Kompatibilität berücksichtigt. Könnten Sie bitte angeben, welche Agile-Teams an den Microservices beteiligt sind? Zudem bitten wir um Bestätigung des bevorzugten Zeitrahmens für die Implementierung der Updates. Für eine detaillierte technische Abstimmung schlagen wir vor, einen Termin für ein Treffen oder einen Anruf zu vereinbaren. Wir setzen alles daran, einen reibungslosen und sicheren Übergang zu gewährleisten.",body,type,priority,answer
Tobi-Bueck/customer-support-tickets,customer_support_tickets_tobi,"Dear Customer Support Team,\n\nI am reaching out to request help with ongoing connection problems with my smart-home camera. Over the past few weeks, the device frequently disconnects from the network, disrupting its operation and preventing me from monitoring my home remotely. This issue has become increasingly annoying and diminishes the effectiveness of my security setup.\n\nThe problem appears in various ways: sometimes the camera shows as offline in the app, and at other times, the video feed cuts out intermittently. I have already tried basic troubleshooting steps, such as restarting the camera, rebooting the router, and updating the firmware, but the issue persists.\n\nPlease advise on additional measures I can take to resolve this problem.",Incident,high,"Thank you for reaching out regarding your smart-home camera's connectivity difficulties. We understand how vital a dependable connection is for home security. Since you've already rebooted the camera, restarted your router, and verified firmware updates, please consider the following suggestions: ensure the camera is within a strong Wi-Fi signal range and that there are minimal physical obstructions that could interfere with the signal. Additionally, if possible, try connecting the camera to a different Wi-Fi network to determine if the issue continues. Remember that your router supports both 2.4GHz and 5GHz bands; testing on each band might help identify the cause.",body,type,priority,answer
Tobi-Bueck/customer-support-tickets,customer_support_tickets_tobi,"Dear Customer Support Team,\n\nI am submitting a report regarding a synchronization problem within the Account Management Center. Recently, I observed that data across various sections of the hub are not updating properly, resulting in inconsistencies in account details. This issue has impacted my ability to manage my account efficiently and has caused significant inconvenience.\n\nSpecifically, there are delays or failures in synchronizing when I try to update my personal information or view recent transaction histories. Changes are not reflected immediately, and sometimes, the updates do not appear at all.",Incident,high,"Thank you for bringing this to our attention. We apologize for the inconvenience caused by the synchronization problem in the Account Management Center. To assist you further, please provide your account username or ID, and specify which personal details or transactions are experiencing syncing issues. This will help us to investigate the matter more effectively. If you prefer a call, let us know a convenient time. We appreciate your patience as we work to resolve this issue.",body,type,priority,answer
Tobi-Bueck/customer-support-tickets,customer_support_tickets_tobi,"Dear Customer Support,\n\nI am reaching out to report an issue I faced during the return and exchange procedure on your website. When I try to start the return, the system advances past the first step and sends a confirmation, which delays resolving the problem. Could you please help me finalize the return and exchange? Your prompt assistance would be highly valued.\n\nThank you for your attention to this matter.\n\nBest regards,\n[Your Name]",Incident,low,"Thank you for reaching out to us regarding the difficulties with the return and exchange process. To assist you further, please provide your order number and details of the item(s) you wish to return or exchange. This information will help us process your request as swiftly as possible.",body,type,priority,answer
Tobi-Bueck/customer-support-tickets,customer_support_tickets_tobi,"Dear Customer Support Team,\n\nI am submitting a report regarding a severe security breach identified within the EMR/PACS integration framework. The potential intrusion appears to stem from vulnerabilities possibly introduced during recent software updates. Despite launching an immediate 24/7 monitoring and an extensive penetration test to determine the root cause, our investigations have yet to pinpoint the exact origin of the issue.\n\nConsidering the sensitive nature of the data involved and the critical role of this integration in daily operations,",Problem,medium,"Thank you for swiftly reporting the urgent security breach impacting the EMR/PACS integration system. We acknowledge the criticality of this situation and have escalated the case to our security response team for immediate assessment. To facilitate a thorough security review, please provide the following details: error messages encountered, logs of suspicious activities, specific time periods of detected anomalies, details of recent software updates applied, and a list of affected servers and endpoints. Additionally, please",body,type,priority,answer
Tobi-Bueck/customer-support-tickets,customer_support_tickets_tobi,"Dear Customer Support Team,\n\nI am currently submitting a report regarding an incident impacting the operational availability of the product. Since yesterday, we have been experiencing sporadic interruptions that significantly hinder our operations. The product's performance has deteriorated, leading to occasional failures of essential features vital for our daily activities.\n\nOur business depends heavily on this product; the ongoing issues are causing considerable inconvenience and risk of decreased productivity. Could you please investigate this matter promptly and provide us with an update?",Incident,medium,"<name>,\n\nThank you for bringing this to our attention. We apologize for the disruptions affecting your operations. To investigate the issue more thoroughly, could you kindly share details such as your account number, the specific modules of the product that are impacted, and examples of errors or failures you have encountered? If possible, including relevant timestamps and screenshots would be very helpful. Meanwhile, we suggest trying to restart the affected application and clearing the cache as a temporary solution, as this often resolves intermittent performance problems. Once we receive the requested information, our team will prioritize the investigation.",body,type,priority,answer
Tobi-Bueck/customer-support-tickets,customer_support_tickets_tobi,"Sehr geehrter Kundendienst,\n\nich wende mich an Sie, da ich dringend Unterstützung bei einem Problem mit der Videokonferenzsoftware auf meinem Laptop benötige. Kürzlich wurde mein Betriebssystem aktualisiert, und seitdem stürzt die Software regelmäßig während Kundengesprächen ab. Dieses Problem beeinträchtigt meine Fähigkeit, laufende Projekte effizient zu bearbeiten.\n\nZur Fehlerbehebung habe ich die Anwendung bereits neu installiert und dafür gesorgt, dass alle Treiber auf dem neuesten Stand sind. Leider treten die Abstürze weiterhin unaufhörlich auf. Der zeitliche Zusammenhang mit dem OS-Update lässt vermuten, dass dieses die Ursache sein könnte.",Incident,high,"Vielen Dank für Ihre Nachricht und die Information, dass die Videokonferenzsoftware nach dem kürzlichen Betriebssystem-Update wiederholt abstürzt. Ich verstehe, wie störend das ist, insbesondere während wichtiger Kundengespräche. Ich schätze die bereits durchgeführten Maßnahmen wie Neuinstallation der Anwendung und Aktualisierung der Treiber.\n\nUm Ihnen gezielt weiterhelfen zu können, bitten wir Sie, uns den genauen Namen und die Version der verwendeten Videokonferenzsoftware sowie die aktuell installierte Betriebssystemversion Ihres Laptops mitzuteilen. Falls beim Absturz spezifische Fehlermeldungen oder Codes angezeigt werden, senden Sie uns bitte einen Screenshot dieser Meldungen zur Diagnose.",body,type,priority,answer
Tobi-Bueck/customer-support-tickets,customer_support_tickets_tobi,"Dear Customer Support Team,\n\nI am seeking guidance on how to incorporate Chromebook KVM switches into the secure network infrastructure of a financial organization. The primary objective is to enhance device management while ensuring complete adherence to regulatory compliance standards across risk-sensitive workflows. I want to confirm that the integration upholds the highest security standards, reduces potential security gaps, and facilitates smooth operation for the team. Could you please provide comprehensive instructions and best practices to accomplish this?",Request,low,"Thank you for reaching out regarding the integration of Chromebooks with KVM switches within a secure financial setting. Typically, Chromebooks are intended for direct use rather than remote desktop or KVM scenarios. However, KVM switches that support USB HID and HDMI might be compatible depending on the specific device. For security compliance, it is advisable to utilize managed Chrome Enterprise devices with enforced policies and to conduct thorough audits of KVM solutions to ensure they meet financial regulatory standards such as PCI DSS and FINRA.",body,type,priority,answer
Tobi-Bueck/customer-support-tickets,customer_support_tickets_tobi,"Dear Customer Support Team,\n\nI am formally requesting an update on the current technical infrastructure to better support the needs of our marketing agency. The goal is to incorporate the listed products to improve various facets such as data-driven marketing, creative development, connectivity, and performance metrics across different departments.\n\nBy unifying these tools, we anticipate better collaboration, more efficient workflows, and more comprehensive data insights. Upgrading this infrastructure is crucial to maintaining our competitive advantage.",Change,high,"Thank you for your request. Please proceed by specifying the products you wish to integrate. Once received, we will outline the next steps, including necessary evaluations, timelines, and cost estimates for the infrastructure enhancement.",body,type,priority,answer
Tobi-Bueck/customer-support-tickets,customer_support_tickets_tobi,"Dear Support Team,\n\nOur marketing department is facing recurring disconnections and sluggish internet performance on various devices. This issue began following recent hardware enhancements, and we suspect it could be related to a switch malfunction or misconfigured network parameters. We have already attempted to resolve the problem by restarting the affected devices, verifying cable connections, and updating the switch's firmware. Unfortunately, these efforts did not remedy the situation. We would be grateful for prompt assistance to diagnose and resolve this matter.",Problem,high,"Thank you for reaching out. To assist you further, please share the switch model, details of your current network setup, and any error messages encountered. If possible, let us know a suitable time for a remote troubleshooting session.",body,type,priority,answer
Tobi-Bueck/customer-support-tickets,customer_support_tickets_tobi,"Dear Customer Support Team,\n\nI am submitting a report regarding a series of critical hardware and software failures that have significantly disrupted our analytics investment operations. Over the past few days, we've encountered sporadic system outages that seem connected to potential power supply issues or overheating within our computing environment.\n\nInitially, we observed unusual system sluggishness and occasional application crashes during peak usage times. Following these symptoms, we performed initial troubleshooting steps, such as restarting the affected systems.",Incident,medium,"Thank you for providing detailed information about the issues impacting your analytics investment systems. To facilitate effective troubleshooting, could you please share system logs, error messages, and details about the specific hardware models affected? Additionally, kindly confirm any recent modifications to the power supply or cooling configurations. If possible, let us know when a team member would be available for a remote session to conduct advanced diagnostics. Rest assured,",body,type,priority,answer
Tobi-Bueck/customer-support-tickets,customer_support_tickets_tobi,"Dear Customer Support Team,\n\nI hope this message reaches you well. I am reaching out to inquire about the architecture of your SaaS platform as part of a potential purchase decision for our company. Gaining insights into the technical specifications and capabilities of the platform is essential for us to determine how well it meets our business needs and technical criteria.\n\nSpecifically, I would like to learn about the underlying infrastructure of your SaaS product, including aspects like scalability, security protocols, and integration options. Could you please provide comprehensive details about the platform?",Incident,high,"Thank you for your inquiry regarding the SaaS platform. We appreciate your interest and understand the importance of detailed information for your assessment. We will forward your request to our technical team to provide relevant documentation and arrange a session to address questions related to architecture, security, integrations, and support. Could you kindly share your preferred dates and times for a call or meeting? This will help us coordinate a discussion with our specialists at your convenience.",body,type,priority,answer
Tobi-Bueck/customer-support-tickets,customer_support_tickets_tobi,"Dear Customer Support,\n\nI am reaching out to report a billing inconsistency related to device services. The charges on the most recent statement do not align with the agreed-upon rates. I would appreciate your prompt help in reviewing and correcting this issue. Please inform me if additional details are required from my side.\n\nThank you for your assistance.",Incident,medium,"Dear Customer,\n\nThank you for contacting us regarding the billing discrepancy on your latest statement. We understand the importance of ensuring accurate charges and apologize for any inconvenience caused. To assist you further, please provide your account number and a copy of the latest statement, highlighting the specific charges you believe are incorrect. Having documentation of the agreed rates would also be helpful. With this information, we can review your billing history and identify the discrepancies promptly. If you prefer to discuss this over the phone, please let us know.",body,type,priority,answer
Tobi-Bueck/customer-support-tickets,customer_support_tickets_tobi,"Dear Customer Service, I am reaching out to report a problem related to the billing and payment processing of my account. Recently, there have been discrepancies in the billed amounts and delays in payment confirmation. This issue has caused inconvenience, and I would appreciate prompt assistance in resolving it. Please let me know if you require any additional information from my side to investigate the matter. Thank you for your support and understanding.",Problem,medium,"Thank you for contacting us regarding the discrepancies and delays in your billing and payment processing. We apologize for any inconvenience caused. To assist you promptly, please provide your account number along with details of the relevant transactions and amounts. This information will help us to investigate the issue swiftly and identify any discrepancies. If further verification is needed, we may request additional details. If you prefer to discuss this over the phone, please let us know.",body,type,priority,answer
Tobi-Bueck/customer-support-tickets,customer_support_tickets_tobi,"Dear Support Team,\n\nI am reaching out to report a concern regarding the automated rebalancing system on my account. Recently, I observed that the system's portfolio expectations are not aligning with the actual holdings, resulting in discrepancies between the target allocations and the current balances. This raises concerns about potential impacts on performance and risk management of investments. Could you please investigate this matter and provide guidance on how to resolve the issue? I would appreciate a prompt response to ensure the system operates correctly.\n\nThank you for your assistance.\n\nBest regards,\n[Your Name]",Incident,high,"Thank you for contacting us regarding the issue with the automated rebalancing engines, <name>. To assist you further, please confirm your account number and inform us if you've recently made any adjustments to your portfolio's target allocations. Additionally, share any error messages or notifications you've received from the system. This information will help us examine the discrepancies between the target and actual holdings. Once we have these details, we can review your account and provide instructions for a swift resolution. Please keep us informed.",body,type,priority,answer
Tobi-Bueck/customer-support-tickets,customer_support_tickets_tobi,"Dear Customer Support Team,\n\nI hope this message reaches you well. I am reaching out to inquire about the procedure for returning a recently purchased item from your store. Unfortunately, the product did not meet my expectations due to certain issues, and I would like to understand the steps involved in initiating a return.\n\nCould you please provide comprehensive details regarding your return policy, including any deadlines, the conditions the product must satisfy, and whether specific documentation or original packaging needs to be included? Additionally, I would appreciate any further information needed.",Request,medium,"Thank you for reaching out regarding a return. Kindly provide your order number and details of the product so we can assist you further. Returns are accepted within 30 days of purchase if the items are unused and in their original packaging. Please include the receipt and pack the item securely. The cost of shipping the return is the customer's responsibility. Once received, refunds or exchanges are processed within 5 to 7 business days. Feel free to contact us if you require any additional assistance.",body,type,priority,answer
Tobi-Bueck/customer-support-tickets,customer_support_tickets_tobi,"Dear Customer Support Team,\n\nI hope this message finds you well. We are currently working on integrating the Smart Video Doorbell and Intercom System with Google Nest Wi-Fi routers within our existing Data Engineering framework. Our goal is to enable secure, real-time analytics and automated monitoring to enhance operational efficiency and security.\n\nWe would appreciate a comprehensive guide on best practices for integration, including recommended APIs, security protocols, configuration settings, and ensuring a seamless data flow with proper protection. Additionally, information on managing data synchronization and addressing latency issues would be extremely helpful.\n\nOur infrastructure",Request,medium,"Thank you for reaching out regarding the integration of the Smart Video Doorbell and Intercom System with Google Nest Wi-Fi routers within your Data Engineering framework. Please provide details about the specific Data Engineering platform you are using, your preferred programming language, and whether you require local or cloud-based integration. Additionally, include any applicable regulatory requirements. Once we have this information, we can recommend suitable APIs, security protocols, configuration settings, and tools to address concerns related to real-time data flow, security, synchronization, and latency in your environment.",body,type,priority,answer
Tobi-Bueck/customer-support-tickets,customer_support_tickets_tobi,"Sehr geehrtes Kundendienstteam,\n\nich hoffe, diese Nachricht erreicht Sie wohlauf. Ich wende mich an Sie, um eine umfassende Übersicht über die Dienstleistungen im Bereich Marketing zu erhalten. Unser Unternehmen prüft derzeit Möglichkeiten zur Optimierung unserer Marketingkampagnen, und wir halten eine Zusammenarbeit mit einer professionellen Marketingagentur für äußerst vorteilhaft.\n\nBesonders interessieren uns die angebotenen Leistungen, wie digitales Marketing, Pflege von Social-Media-Kanälen, Content-Produktion, Suchmaschinenoptimierung sowie weitere spezialisierte Marketinglösungen. Zudem wäre es hilfreich, mehr über die Erfahrung Ihrer Agentur in der Zusammenarbeit mit Kunden zu erfahren.",Request,high,"Vielen Dank für Ihr Interesse an den Dienstleistungen unserer Marketingagentur. Wir bieten ein breites Spektrum an Lösungen, darunter digitales Marketing, Social-Media-Management, Content-Erstellung, SEO-Optimierung sowie individuell zugeschnittene Marketingstrategien, um Ihren Anforderungen gerecht zu werden. Unser Team verfügt über umfangreiche Erfahrung in der Zusammenarbeit mit Unternehmen verschiedener Branchen. Gerne teilen wir relevante Fallstudien und Erfolgsgeschichten. Der typische Ablauf umfasst die Phase der Bedarfsanalyse, die Entwicklung einer Strategie sowie die laufende Verwaltung der Kampagnen mit kontinuierlicher Unterstützung. Für eine präzise Kostenschätzung und einen Projektzeitplan benötigen wir weitere Details zu Ihren Anforderungen.",body,type,priority,answer
Tobi-Bueck/customer-support-tickets,customer_support_tickets_tobi,Would you be able to share more information about your promotional solutions?,Request,medium,"We appreciate your interest in our promotional solutions. Our offerings encompass a variety of options such as online advertising, social media strategy, search engine optimization, content development, and personalized assistance to expand your company's visibility and reach your intended audience efficiently. If you have particular objectives or areas of focus, kindly provide additional details so we can offer tailored suggestions to meet your requirements. If you prefer to discuss our services via phone, please let us know a convenient time for a call.",body,type,priority,answer
Tobi-Bueck/customer-support-tickets,customer_support_tickets_tobi,"Sehr geehrter Kundendienst, ich suche nach detaillierten Angaben zu verfügbaren Unternehmenshardware-Paketen und Softwarelizenzierungsmöglichkeiten. Zusätzlich möchte ich einen Beratungstermin vor dem Kauf vereinbaren, der speziell auf Finanzunternehmen ausgerichtet ist, mit Fokus auf datenbasierte Anlagestrategien und hohen Sicherheitsansprüchen. Bitte geben Sie Anweisungen, wie wir vorgehen sollen.",Request,medium,"Vielen Dank für Ihre Anfrage bezüglich unserer Unternehmenshardware-Pakete und Softwarelizenzierungsoptionen. Um passende Vorverkaufsberatung zu arrangieren, bitten wir Sie, den Firmennamen, Details zur aktuellen Infrastruktur und bevorzugte Telefonzeiten mitzuteilen. Sobald wir diese Informationen haben, werden unsere Spezialisten für Lösungen im Finanzsektor Sie kontaktieren.",body,type,priority,answer
Tobi-Bueck/customer-support-tickets,customer_support_tickets_tobi,"Sehr geehrtes Support-Team,\n\nich erfahre einen Fehler bei der Datenabgleichung, der unsere Kampagnen erheblich beeinträchtigt. Das Problem scheint mit einem kürzlichen Update im Analytics-System zusammenzuhängen und verursacht Konflikte in unserer Automatisierung für die Anzeigenschaltung. Wir haben bereits den Account Management Hub neu gestartet und die Automatisierung vorübergehend deaktiviert, doch das Problem besteht weiterhin. Es wirkt sich deutlich auf die Leistung unserer Kampagnen aus, weshalb wir dringend Unterstützung benötigen, um den Konflikt zu beheben und den normalen Betrieb wiederherzustellen. Bitte teilen Sie uns Hinweise auf weitere Maßnahmen oder verfügbare Patches mit.",Incident,high,"Vielen Dank, dass Sie uns auf das dringende Problem mit der Datenabgleichung aufmerksam gemacht haben, das die Kampagnen betrifft. Um effektiv helfen zu können, benötigen wir gegebenenfalls spezifische Fehlermeldungen sowie Versionsinformationen der Analytics- und Automatisierungsplattformen. Ein Telefonat ist bevorzugt; bitte schlagen Sie eine passende Zeit vor. Wir haben den Fall priorisiert und sind bereit, die Operationen so schnell wie möglich wiederherzustellen.",body,type,priority,answer
Tobi-Bueck/customer-support-tickets,customer_support_tickets_tobi,"Dear Customer Support Team,\n\nI am reaching out to urgently highlight a serious incident impacting our cloud-based SaaS system. Since this morning, we've faced substantial interruptions that have greatly hindered our daily activities. The issue seems directly linked to the platform's performance and accessibility, and we believe it warrants immediate investigation and resolution.\n\nThe issues encountered include sporadic outages, sluggish response times, and occasional error messages when trying to access key features.",Incident,high,"We appreciate your prompt notification regarding the critical issues affecting the cloud-based SaaS platform. Our technical team is prioritizing the investigation of this incident. We will keep you updated regularly as we work towards resolving the problem. To assist with diagnostics, please provide any specific error messages or details about the affected functionalities if possible. Thank you for your patience as we strive to restore services swiftly.",body,type,priority,answer
Tobi-Bueck/customer-support-tickets,customer_support_tickets_tobi,"Sehr geehrtes Support-Team,\n\nWir sind momentan von einer erheblichen technischen Störung betroffen, die die Auswertung der Kampagnenleistungskennzahlen erheblich beeinträchtigt. Wir vermuten, dass die Ursache in einer möglichen Beschädigung der Daten in den Data Lakes liegt. Erste Maßnahmen zur Fehlerbehebung wurden bereits eingeleitet, einschließlich Tests der APIs und erneuter Ausführung der Daten-Synchronisationsprozesse. Leider besteht das Problem weiterhin.\n\nDiese Störung ist kritisch, da sie die Genauigkeit und Zuverlässigkeit unserer Leistungsdaten beeinträchtigt und damit die Entscheidungen zur Kampagnenoptimierung beeinflusst. Wir bitten um umgehende Unterstützung bei der weiteren Untersuchung des zugrunde liegenden Problems.",Incident,high,"Vielen Dank, dass Sie die Details des Problems bereitgestellt haben. Zur Beschleunigung der Untersuchung könnten Sie bitte die aktuellen Fehlerprotokolle und den ungefähren Zeitpunkt des Beginns der Störung zusenden? Betreffen die Probleme bestimmte Kampagnendaten? Falls kürzlich Änderungen an den Kontodaten oder der Konfiguration vorgenommen wurden, lassen Sie uns dies bitte wissen. Ihre Mitarbeit wird helfen, das Problem so schnell wie möglich zu lösen. Wir warten auf Ihre Rückmeldung, um die nächsten Schritte einzuleiten.",body,type,priority,answer
Tobi-Bueck/customer-support-tickets,customer_support_tickets_tobi,"Dear Support Team,\n\nI hope this message reaches you in good health. I am reaching out to request in-depth details about the investment methods offered by your company. As I consider various options to optimize my portfolio, it is essential to understand the different strategies and approaches used to manage investments.\n\nCould you kindly share comprehensive information on these strategies, including risk analysis, asset distribution, and anticipated returns? Additionally, insights into strategies customized for different investor types would be highly valuable.\n\nThanks in advance.",Request,low,"Thank you for your inquiry. Please provide detailed information on your investment approaches, including risk evaluation and asset distribution. Could you also specify your investment objectives and risk tolerance? This will help us customize our guidance to your needs.",body,type,priority,answer
Tobi-Bueck/customer-support-tickets,customer_support_tickets_tobi,Currently facing several service disruptions that are impacting the functionality of medical devices and productivity applications. The underlying cause is still unclear but may involve a security compromise or integration issues. Our 24/7 Security Operations Center monitoring initially addressed the problem. Prompt support is needed to avoid further impact.,Incident,medium,"We appreciate your alert regarding the multiple service interruptions affecting medical devices and productivity tools. We recognize the urgency, especially considering a potential security breach or integration failure. To assist us in escalating this matter to our technical and security teams for immediate investigation, please provide detailed information about the affected products, specific error messages, and any recent changes to integrations. If you prefer a phone discussion, kindly inform us.",body,type,priority,answer
Tobi-Bueck/customer-support-tickets,customer_support_tickets_tobi,"Dear Customer Support Team,\n\nI am formally requesting the execution of extensive security compliance modifications across integrated healthcare systems. The infrastructure includes Electronic Medical Records (EMR), Picture Archiving and Communication Systems (PACS), telehealth services, IoT medical gadgets, and related supporting technologies. Securing sensitive patient information with utmost privacy is critical, necessitating that our systems meet the highest regulatory standards.\n\nSpecifically, I am seeking continuous compliance.",Change,low,"We appreciate your detailed inquiry concerning security compliance improvements for healthcare systems such as EMR, PACS, telehealth platforms, and IoT medical devices. To move forward, we advise initiating a comprehensive security compliance review of your current infrastructure to identify any gaps relative to standards like HIPAA, GDPR, and ISO 27001. Based on the review results, we will recommend a customized implementation strategy that includes encryption upgrades, access management, audit trail mechanisms, and risk mitigation measures.",body,type,priority,answer
Tobi-Bueck/customer-support-tickets,customer_support_tickets_tobi,"Sehr geehrtes Kundendienstteam,\n\nich hoffe, diese Nachricht erreicht Sie wohlbehalten. Ich schreibe, um Ihre Aufmerksamkeit auf eine Abrechnungsdifferenz zu lenken, die mir bei der letzten Rechnung auf meinem Kundenkonto aufgefallen ist. Die aufgelisteten Gebühren stimmen nicht mit den vereinbarten Raten gemäß unserem Vertrag überein. Besonders gibt es unerwartete Gebühren, die zuvor besprochene Rabatte betreffen, welche offenbar nicht angewendet wurden.\n\nKönnten Sie bitte die Rechnungsdetails überprüfen, um die Unstimmigkeiten zu klären? Es ist uns wichtig, das Problem schnell zu klären, um korrekte Finanzaufzeichnungen sicherzustellen.",Incident,medium,"Vielen Dank für Ihre Kontaktaufnahme. Bitte nennen Sie die Rechnungsnummer und die Kontodaten des Kunden, damit wir die Abrechnungsdifferenz zügig prüfen und beheben können.",body,type,priority,answer
Tobi-Bueck/customer-support-tickets,customer_support_tickets_tobi,"Dear Customer Support Team,\n\nI am submitting a report regarding a recent operational problem with our cloud-based SaaS platform that has impacted our services. Since the issue commenced, we have encountered sporadic outages and notable declines in performance, which hinder our ability to serve clients effectively. The problem began roughly two days ago and has persisted despite initial troubleshooting attempts.\n\nWe verified our network connections and confirmed that the issue is confined to our local environment. The platform's responsiveness has been unreliable, with prolonged loading times.",Problem,medium,"Thank you for providing details about the issues you're facing with the SaaS platform. We recognize the impact on your operations and are prioritizing your request. To assist further, could you please share any relevant error messages, timestamps of outages, and, if possible, examples of affected user accounts? Additionally, please send us recent logs. This information will enable our technical team to diagnose the problem more effectively. Once received, we will initiate an immediate investigation. We appreciate your cooperation.",body,type,priority,answer
Tobi-Bueck/customer-support-tickets,customer_support_tickets_tobi,"Dear Support Team,\n\nI trust this message reaches you in good health. I am reaching out to report a major problem with the software linked to peripheral devices, which is severely affecting our routine activities. The malfunction has led to significant operational interruptions, and we urgently require assistance to address this issue.\n\nIn recent days, we have faced ongoing difficulties with several peripheral gadgets, including printers, scanners, and external storage devices. These devices sometimes stop responding or disconnect unexpectedly.",Problem,high,Thank you for the information. Kindly provide your operating system version and the specific model numbers of the peripherals involved.,body,type,priority,answer
Tobi-Bueck/customer-support-tickets,customer_support_tickets_tobi,"Dear Customer Support Team,\n\nI am submitting a request for a crucial upgrade to the SaaS platform that would greatly improve its capabilities across various device types currently in use. In particular, I am interested in enhancements for smart kitchen gadgets, printers, USB hubs, macOS computers, AMD processors, network switches, workstations, MacBook Air laptops, and smartwatches. The objective is to achieve smooth integration and better performance of these devices within the SaaS environment.\n\nThis",Change,medium,"We appreciate your inquiry regarding expanded feature support for multiple device categories on our SaaS platform. To evaluate the feasibility and provide precise timelines, could you specify which features are needed and identify any compatibility concerns with the key device types? Providing these details will assist our technical team in prioritizing and determining the appropriate next steps. Thank you for your input, and we look forward to your response.",body,type,priority,answer
Tobi-Bueck/customer-support-tickets,customer_support_tickets_tobi,"Dear Support Team,\n\nI am reaching out to request detailed instructions on integrating automated cleaning robots with NAS systems within healthcare settings. Our organization is in the process of deploying these technologies across multiple healthcare facilities and wants to ensure that the implementation complies with applicable regulatory and security standards.\n\nIn particular, we are looking for comprehensive product integration guidelines to facilitate the seamless addition of these devices into our existing healthcare infrastructure. This should include suggested configurations, network specifications, and best security practices.",Request,medium,"Thank you for your inquiry. Kindly confirm the specific product model numbers so we can provide customized integration, security, and compliance documentation. Additionally, please inform us of a suitable time for a call with a healthcare compliance specialist if preferred.",body,type,priority,answer
Tobi-Bueck/customer-support-tickets,customer_support_tickets_tobi,"Dear Customer Support Team,\n\nI trust this message finds you well. I am reaching out to request comprehensive details regarding the integration of Apple iOS devices with automated rebalancing systems and ESG (Environmental, Social, and Governance) analytics platforms. Our organization is currently investigating advanced technological solutions to optimize investment processes, with a particular emphasis on smoothly integrating mobile technology to support institutional investment activities.\n\nCould you kindly share recommended configurations and best practices tailored to this integration?",Request,high,"Thank you for your inquiry. To provide precise recommendations for integrating Apple iOS devices with automated rebalancing engines and ESG analytics platforms, could you specify the platforms and tools you are presently utilizing? Please include details such as preferred configurations, compatible applications, compliance standards, security protocols, and integration approaches. If you wish to discuss further, please let us know your preferred time for a call.",body,type,priority,answer
Tobi-Bueck/customer-support-tickets,customer_support_tickets_tobi,"Dear Customer Support Team,\n\nI am submitting a report regarding several failures experienced across multiple devices' applications linked to my account. Over the recent days, I have observed that the apps on my smartphone and tablet are crashing unexpectedly, and my devices are failing to sync and connect properly to the service.\n\nThese issues have significantly hindered my ability to utilize the intended services, leading to considerable inconvenience and delays. I have attempted basic troubleshooting measures such as restarting the devices, reinstalling the applications, and verifying that the software is up-to-date.",Incident,high,"Thank you for reaching out to us, <name>. We sincerely apologize for the inconvenience caused. Could you please specify which devices and apps are affected, and share any error messages you have encountered? Additionally, please provide your account email ID. The outages you reported are currently being looked into, and this information will assist us in our investigation. If possible, email us relevant screenshots and logs. We are ready to assist in resolving this issue promptly.",body,type,priority,answer
Tobi-Bueck/customer-support-tickets,customer_support_tickets_tobi,"Dear Customer Support Team,\n\nI hope this message reaches you in good health. I am writing to request an update concerning the overview of security operations compliance related to account services. Considering the importance of maintaining robust security protocols in line with compliance standards, the latest information on this topic is essential for sustaining trust and service integrity.\n\nCould you kindly provide comprehensive documentation detailing the current status, recent modifications, and upcoming enhancements to the security operations compliance measures?",Change,low,"Thank you for your inquiry about security operations compliance. We are compiling the latest overview, including recent updates and future plans. Please confirm the specific account number or service you are inquiring about so we can supply relevant detailed information. Once received, we will promptly send the requested documentation, emphasizing new protocols and guidelines.",body,type,priority,answer
Tobi-Bueck/customer-support-tickets,customer_support_tickets_tobi,"Sehr geehrtes Support-Team,\n\nich möchte einen dringenden Vorfall melden, bei dem die Verbindung unserer Geräte mit der cloudbasierten SaaS-Plattform gestört ist. Kürzlich wurde festgestellt, dass die betroffenen Geräte nicht mehr ordnungsgemäß mit der Plattform kommunizieren, was die Betriebsprozesse beeinträchtigt. Das Problem scheint nach kürzlichen Updates der CI/CD-Pipeline aufgetreten zu sein.\n\nWir haben versucht, das Problem durch einen Neustart der Integrationsdienste zu beheben; jedoch besteht die Störung weiterhin und betrifft mehrere Microservices, die am Kommunikationsprozess beteiligt sind. Trotz unserer Bemühungen besteht weiterhin eine instabile Verbindung zwischen den Geräten und der SaaS-Plattform.",Incident,medium,"Vielen Dank, dass Sie den Vorfall gemeldet haben. Um uns bei der schnellen Unterstützung zu helfen, bitten wir Sie, Geräteprotokolle sowie detaillierte Informationen zu den betroffenen Microservices und den genauen Zeitpunkt anzugeben, wann die Probleme im Zuge der CI/CD-Updates begannen. Diese Informationen sind wesentlich für die Untersuchung und Behebung des Integrationsproblems. Wir schätzen Ihre Zusammenarbeit sehr.",body,type,priority,answer
Tobi-Bueck/customer-support-tickets,customer_support_tickets_tobi,"Dear Customer Support Team,\n\nI am submitting a report regarding several connectivity problems experienced lately with various devices connected to the system. The affected devices include a USB flash drive, a RAID controller, and a Surface Pro tablet. These devices either fail to connect properly or do not synchronize as expected.\n\nThe issues started shortly after installing the latest operating system update on the computer. Additionally, there were some network configuration changes made around that time, which might be related to the connectivity problems.",Incident,medium,"Thank you for reaching out with details about the connectivity problems involving the USB flash drive, RAID controller, and Surface Pro tablet following the recent OS update and network modifications. To assist you further, could you please provide the version of the operating system currently installed, as well as any error messages encountered when attempting to connect the devices? Additionally, please specify whether the affected devices are visible in the Device Manager and if network settings appear to function correctly on another computer.",body,type,priority,answer
Tobi-Bueck/customer-support-tickets,customer_support_tickets_tobi,"Dear Customer Support Team,\n\nI hope this message finds you well. I am reaching out to request a comprehensive guide on the return procedure for a recent purchase. I want to ensure I follow all necessary steps correctly to facilitate a smooth and efficient return process.\n\nCould you please provide details regarding the eligibility criteria for returns? Specifically, I would like to know the time frame within which the product must be returned, the conditions the product needs to meet, the acceptance criteria for returns, and whether the original packaging and receipt are required.\n\nAdditionally, I seek clarification regarding",Request,high,"Thank you for contacting us regarding the return process. Most items should be returned within 30 days in their original condition, including packaging and receipt. To initiate a return, please use our online return portal and complete the return form. Returns should be shipped to the address provided in the portal, and eligible items include prepaid shipping labels; otherwise, the customer is responsible for shipping costs. Refunds are typically processed within 5-7 business days after receiving the item and will be credited to the original payment method. Please",body,type,priority,answer
Tobi-Bueck/customer-support-tickets,customer_support_tickets_tobi,"Dear Support Team,\n\nI am submitting a report regarding a serious issue affecting our operational workflow. We are currently facing a failure with our network switch, which is disrupting several essential business processes. This problem has led to considerable downtime and has greatly impacted our productivity.\n\nWe suspect the cause might be a hardware failure or connectivity problem within our network setup. To resolve this, we have already performed multiple troubleshooting steps such as replacing cables and testing devices.",Incident,high,"Thank you for your report. Kindly share the device models, any error messages received, and your preferred time for a callback.",body,type,priority,answer
Tobi-Bueck/customer-support-tickets,customer_support_tickets_tobi,"Dear Customer Support Team,\n\nI am submitting a report concerning a serious problem impacting several desktop applications within the facility. There have been extensive system failures that have significantly interrupted Electronic Medical Records (EMR) telehealth operations. This issue has greatly hindered our capacity to deliver prompt and efficient patient care.\n\nFrom our observations, these outages started shortly after recent modifications to the network configuration. While we cannot confirm with certainty, we suspect that the recent changes may be related.",Incident,medium,"Thank you for reporting the critical disruptions affecting EMR telehealth services. To assist you further, could you please provide details about the recent network updates, any error messages encountered, and the operating systems involved? If possible, we can arrange a call to address this matter urgently. Kindly let us know a suitable time and whether you can provide remote access for a direct investigation.",body,type,priority,answer
Tobi-Bueck/customer-support-tickets,customer_support_tickets_tobi,"Dear Customer Support,\n\nI am currently facing difficulties with the connectivity of the product I recently acquired. Despite adhering to the installation guidelines, the device does not establish a proper connection, which hampers its overall performance. I have attempted to resolve the issue by restarting the device and verifying the network configurations. Could you please help with troubleshooting and offer guidance to fix this problem? Your prompt assistance would be highly valued as this issue is disrupting my workflow.\n\nThank you for your help.\n\nBest regards,\n[Your Name]",Problem,medium,Thank you for reaching out. Could you please specify the product model and any error messages encountered during setup? This information will assist us in providing precise troubleshooting steps.,body,type,priority,answer
Tobi-Bueck/customer-support-tickets,customer_support_tickets_tobi,"Sehr geehrtes Support-Team,\n\nich wende mich an Sie, um Unterstützung bei einem anhaltenden Problem mit der Zustellung von E-Mails in Outlook 2021 zu bitten. Es wird vermutet, dass die Ursache in Konflikten bei der Integration von EMR- (Elektronische Patientenakten) und PACS- (Bildarchivierungs- und Kommunikationssysteme) Umgebungen liegt, die besonders sicher sind. Erste Untersuchungen deuten darauf hin, dass bestehende Sicherheitsrichtlinien für SMTP-Verbindungen den erfolgreichen Versand von E-Mails behindern könnten.\n\nZur Problemlösung wurden mehrere Schritte unternommen, darunter die Neukonfiguration der Server und Anpassungen der Sicherheitsrichtlinien, um den normalen E-Mail-Fluss wiederherzustellen.",Incident,medium,"Vielen Dank, <name>. Damit wir Ihnen weiterhelfen können, bitten wir um die Bereitstellung spezifischer Fehlermeldungen, insbesondere Bounce-Back-Codes, die bei fehlgeschlagenen E-Mails auftreten. Nutzen Sie spezielle Sicherheitssoftware oder Firewalls in Ihren EMR- oder PACS-Systemen? Da Outlook 2021 bekannte Konflikte mit strengen SMTP-Beschränkungen aufweist, empfehlen wir, die Whitelist für Mailserver zu überprüfen und die Port- sowie Verschlüsselungseinstellungen zu kontrollieren. Bitte teilen Sie uns Ihre SMTP-Konfigurationsdetails mit, damit wir eine gezielte Lösung finden können.",body,type,priority,answer
Tobi-Bueck/customer-support-tickets,customer_support_tickets_tobi,"Dear Support Team,\n\nI am reaching out to highlight a concern with the Account Management Portal. There appears to be a misalignment problem that is disrupting the display and usability of the interface. The dashboard elements are not properly aligned, which complicates navigation and efficient account management.\n\nThis issue persists and continues to affect the platform's functionality. I have tried refreshing the page and clearing the browser cache, but the problem remains. Could you please look into this misalignment and provide guidance or a solution?",Problem,medium,"We appreciate you bringing the misalignment issue in the Account Management Portal to our attention. To assist you further, could you specify the browser and device you are using? If possible, sharing a screenshot of the problem would be very helpful. With this information, we can investigate and resolve the issue promptly.",body,type,priority,answer
Tobi-Bueck/customer-support-tickets,customer_support_tickets_tobi,"Dear Customer Support Team,\n\nI am writing to notify you of a critical issue impacting the functionality of our cloud-based SaaS platform. We are experiencing sporadic failures across multiple microservices that are essential for the platform's operations. These failures appear to be linked to potential problems within the Kubernetes orchestration environment.\n\nFor context, our platform depends heavily on a microservices architecture deployed within a Kubernetes cluster. Over recent days, we've observed certain pods shutting down unexpectedly, leading to service interruptions.",Incident,high,"Thank you for reaching out regarding the microservice outages affecting our SaaS platform. We recognize the urgency and significance of this problem. To assist us further, could you please share recent logs from the failing pods, Kubernetes event records during the failure periods, and details about current cluster resource usage such as CPU and memory, as well as node health status? This information will help us pinpoint possible resource limitations or scheduling issues. Additionally, please inform us of any other relevant details.",body,type,priority,answer
Tobi-Bueck/customer-support-tickets,customer_support_tickets_tobi,"Sehr geehrter Kundenservice,\n\nich habe Schwierigkeiten mit dem Workflow für die zentrale Kontoverwaltung. Es scheint, dass erwartete Funktionen nicht wie vorgesehen arbeiten, und es gibt Verzögerungen, die zu Verwirrung bei der Verwaltung mehrerer Konten führen. Könnten Sie bitte das Problem prüfen und Anweisungen zur Behebung bereitstellen? Eine schnelle Unterstützung wäre sehr willkommen.\n\nVielen Dank für Ihre Hilfe.\n\nMit freundlichen Grüßen,\n[Ihr Name]",Problem,medium,"Vielen Dank, dass Sie uns bezüglich Ihres Problems mit dem Workflow für die zentrale Kontoverwaltung kontaktiert haben. Damit wir Ihnen effektiv helfen können, könnten Sie bitte mitteilen, welche Funktionen nicht wie erwartet funktionieren und ob Sie Fehlermeldungen erhalten haben? Solche Informationen ermöglichen es uns, eine gezielte Lösung zeitnah zu finden.",body,type,priority,answer
Tobi-Bueck/customer-support-tickets,customer_support_tickets_tobi,"Sehr geehrtes Support-Team,\n\nich möchte Ihre Aufmerksamkeit auf ein Problem lenken, das ich bei der Abwicklung von Zahlungen auf meinem Konto festgestellt habe. Trotz mehrerer Versuche wurde die letzte Zahlung erfolgreich abgeschlossen, was jedoch zu unerwarteten Dienstunterbrechungen geführt hat. Ich habe die Zahlungsinformationen mehrfach geprüft und sie scheinen korrekt zu sein.\n\nKönnten Sie bitte so schnell wie möglich eine Lösung für dieses Problem finden? Ich benötige den Service täglich und würde eine schnelle Lösung sehr schätzen, um weitere Unannehmlichkeiten zu vermeiden. Falls Sie zusätzliche Dokumente oder Informationen benötigen, lassen Sie es mich bitte wissen.",Incident,high,"Vielen Dank, dass Sie uns bezüglich des Problems mit der Zahlungsabwicklung Ihrer Rechnung kontaktiert haben. Wir entschuldigen uns für die Unannehmlichkeiten, die dadurch entstanden sind, und verstehen, wie wichtig ein ununterbrochener Dienstzugang ist. Um Ihnen besser helfen zu können, bitten wir Sie, Ihre registrierte Kontonummer sowie die E-Mail-Adresse anzugeben. Dies wird uns dabei unterstützen, das Zahlungsproblem effizienter zu untersuchen. Falls Sie spezifische Fehlermeldungen oder Referenznummern im Zusammenhang mit den Zahlungsversuchen haben, teilen Sie diese bitte mit. Überprüfen Sie außerdem, ob die verwendete Zahlungsmethode gültig ist.",body,type,priority,answer
Tobi-Bueck/customer-support-tickets,customer_support_tickets_tobi,"Dear Customer Support Team,\n\nI hope this message reaches you in good health. I am reaching out to request detailed information about the centralized Account Administration platform, specifically regarding how the Strategy, Creative Studio, and Analytics divisions coordinate their workflows. Understanding these processes is essential for us as we plan our PC hardware campaign, aiming to optimize digital content deployment.\n\nCould you please provide an overview of the systems and tools employed to facilitate communication and collaboration among these departments? Additionally, any insights into their task management practices would be appreciated.",Request,medium,"Thank you for your inquiry about the centralized Account Administration platform. The platform incorporates project management tools such as Asana and communication channels like Slack to enhance coordination among the Strategy, Creative Studio, and Analytics teams. Tasks are prioritized according to campaign objectives and deadlines, with teams working together within shared timelines to maintain alignment. Regular interdepartmental meetings are conducted to share progress updates and gather immediate feedback. During campaign planning, templated workflows are utilized to monitor tasks and review analytics concepts.",body,type,priority,answer
Tobi-Bueck/customer-support-tickets,customer_support_tickets_tobi,"Dear Support Team,\n\nI hope this message finds you well. I am reaching out to request comprehensive information regarding my recent billing statements and payment records. I wish to review the charges applied to my account over the past months and verify that payments have been processed accurately.\n\nCould you please provide a breakdown of the billing details, including any fees, tax adjustments, or other modifications that may have been applied? Additionally, I would appreciate it if you could send copies of invoices or receipts related to my account transactions.\n\nIf there are any discrepancies or issues with the billing,",Request,high,"Thank you for your request. To provide the billing and payment details, please confirm your account number and the email address associated with your account. Once verified, we will send a detailed statement, invoices, and information regarding payment methods for upcoming billing cycles.",body,type,priority,answer
Tobi-Bueck/customer-support-tickets,customer_support_tickets_tobi,"Dear Customer Support,\n\nI am seeking comprehensive details about your product options. Would you be able to supply the relevant information about the services you offer? Your assistance would be greatly appreciated.\n\nThanks in advance.",Request,medium,Thank you for your inquiry about our product range. Could you please specify which particular service or product you are interested in? This will enable us to furnish you with the most pertinent and detailed information to assist you. We look forward to your reply.,body,type,priority,answer
Tobi-Bueck/customer-support-tickets,customer_support_tickets_tobi,"Sehr geehrter Kundendienst,\n\nich wende mich bezüglich eines Problems mit unserer aktuellen Cloud-native SaaS-Plattform an Sie. Es sind unerwartete Schwierigkeiten aufgetreten, die unsere Abläufe erheblich stören. Könnten Sie diese Angelegenheit bitte umgehend prüfen und mir eine Aktualisierung zum Status zukommen lassen? Ihre schnelle Unterstützung bei der Lösung dieses Vorfalls wäre sehr willkommen.\n\nVielen Dank für Ihre Unterstützung.\n\nMit freundlichen Grüßen,\n[Ihr Name]",Incident,medium,"Vielen Dank, dass Sie uns bezüglich des Problems mit Ihrer cloud-native SaaS-Plattform kontaktiert haben. Damit wir Ihnen rasch weiterhelfen können, bitten wir Sie, uns weitere Details zum Problem mitzuteilen, zum Beispiel etwaige Fehlermeldungen, die betroffenen Funktionen und den Zeitpunkt des Beginns des Problems. Sobald wir diese Informationen erhalten, werden wir weitere Untersuchungen einleiten und Sie über die Fortschritte auf dem Laufenden halten.",body,type,priority,answer
Tobi-Bueck/customer-support-tickets,customer_support_tickets_tobi,"Dear Customer Support Team,\n\nI hope this message reaches you in good health. I am reaching out to seek clarification concerning a recent issue we experienced. Regrettably, the information provided so far is quite unclear, and I would appreciate your help in gaining a clearer understanding of the situation.\n\nCould you please share details about the nature of the incident, including key timelines and actions taken up to this point? Additionally, I would like to know about any ongoing effects and the steps needed on our part to resolve the problem efficiently.\n\nThank you for your assistance in providing these details.",Incident,low,Kindly specify the incident details.,body,type,priority,answer
Tobi-Bueck/customer-support-tickets,customer_support_tickets_tobi,"Dear Customer Support Team,\n\nI hope this message finds you well. I am reaching out to request assistance regarding recent pre-sales questions related to an incident. I am eager to understand your product offerings and the specific features that would meet my needs. However, I have encountered challenges in receiving prompt and clear responses to my initial inquiries, which has delayed my decision-making process.\n\nCould you please provide comprehensive details about product specifications, pricing options, and any current promotions that may be applicable?",Incident,low,"Thank you for bringing your concerns to our attention. We apologize for the delays in providing the information about our products. We are happy to assist you and ensure you receive the necessary details. To offer accurate recommendations, could you please share which product lines you are interested in and any specific features or requirements you have? We will promptly send you relevant product specifications, pricing details, and information about ongoing promotions. Additionally, we can arrange for a pre-sales representative to contact you.",body,type,priority,answer
Tobi-Bueck/customer-support-tickets,customer_support_tickets_tobi,"Sehr geehrtes Kundendienstteam,\n\nich möchte auf ein Problem bei der Abrechnung und der Zahlungsabwicklung aufmerksam machen, das mir kürzlich aufgefallen ist. Obwohl ich mehrfach versucht habe, die letzte Rechnung zu begleichen, scheint die Transaktion erfolgreich durchzuführen, doch mein Konto zeigt weiterhin einen offenen Saldo. Ich habe die Zahlungsdaten überprüft und es ist ausreichend Guthaben vorhanden, daher bin ich unsicher, warum das Problem weiterhin besteht.\n\nKönnten Sie bitte die Angelegenheit prüfen und klären, warum die Zahlung verarbeitet wird? Außerdem",Incident,low,"Vielen Dank, dass Sie sich wegen des Problems bei der Abrechnung und Zahlungsabwicklung an <name> wenden. Um Ihnen weiterhelfen zu können, bitten wir Sie, die letzten vier Ziffern der Rechnungsnummer sowie die verwendete Zahlungsmethode anzugeben. Falls möglich, teilen Sie uns bitte auch etwaige Fehlermeldungen mit, die bei der Transaktion angezeigt wurden. Sobald wir diese Informationen haben, werden wir das Problem prüfen und konkrete Anweisungen zur Lösung geben. Wenn Sie das Anliegen lieber telefonisch besprechen möchten, lassen Sie uns bitte eine passende Rückrufzeit wissen.",body,type,priority,answer
Tobi-Bueck/customer-support-tickets,customer_support_tickets_tobi,Facing system interruptions due to an incident involving various devices. The problem seems linked to a security conflict caused by misconfigurations and SOC oversight in device integrations. The security team examined logs and identified malicious activity. Please advise on the subsequent actions.,Incident,low,"We appreciate you reporting the issue impacting multiple devices. Given that the security team detected malicious behavior, the disruptions may stem from configuration policy conflicts and SOC oversight in device integrations. To assist further, could you specify the types of devices affected, any recent modifications to SOC device settings, and the exact error messages or symptoms observed? This information will help us accurately diagnose the problem and recommend the appropriate next steps.",body,type,priority,answer
Tobi-Bueck/customer-support-tickets,customer_support_tickets_tobi,"Sehr geehrtes Support-Team,\n\nich hoffe, diese Nachricht erreicht Sie wohlbehalten. Ich wende mich an Sie, um ausführliche Informationen bezüglich der Integration Ihrer Produktlösung in bestehende Systeme zu erhalten. Derzeit prüfen wir verschiedene Ansätze, um die Betriebseffizienz zu steigern, weshalb ein fundiertes Verständnis des Integrationsprozesses essenziell ist. Besonders interessieren uns die Kompatibilitätsanforderungen, unterstützte Plattformen sowie die erforderlichen APIs und mögliche technische Einschränkungen.\n\nZudem wären Dokumentationen zu Fallstudien sowie bewährte Methoden für die Integration sehr hilfreich. Falls solche vorhanden sind, bitten wir Sie, diese ebenfalls zu teilen. Vielen Dank im Voraus für Ihre Unterstützung.",Request,medium,"Vielen Dank für Ihre Kontaktaufnahme und Ihr Interesse an der Integration Ihrer Systeme mit unserem Produkt. Um Ihnen genaue Informationen bereitstellen zu können, bitten wir Sie, uns die Plattformen Ihrer aktuellen Systeme mitzuteilen, in die integriert werden soll. Sobald wir diese Details haben, können wir die Kompatibilität bestätigen, unterstützte Plattformen aufzeigen und die notwendigen APIs sowie technische Aspekte erläutern. Zwischenzeitlich stellen wir gern Integrationsleitfäden, relevante Fallstudien und bewährte Praktiken zur Verfügung. Bitte teilen Sie uns die Systeminformationen mit, damit wir einen Termin für ein Gespräch vereinbaren können, um Ihre Anforderungen zu besprechen.",body,type,priority,answer
Tobi-Bueck/customer-support-tickets,customer_support_tickets_tobi,"Dear Support Team, Excel becomes unresponsive during analytics processes, probably due to elevated memory consumption caused by large datasets and intricate machine learning Python integrations. Restarting Excel or rebooting the computer temporarily resolves the problem. Kindly help us address this performance issue swiftly.",Incident,high,"Thank you for reaching out regarding the Excel performance slowdown. To assist you better, could you please provide details such as your Excel version, operating system, typical dataset sizes? Are you using any third-party add-ins besides Python integrations? Meanwhile, try disabling any unnecessary add-ins and ensure there is ample free disk space and RAM available. Sharing these details will help us suggest specific troubleshooting steps. We await your response.",body,type,priority,answer
Tobi-Bueck/customer-support-tickets,customer_support_tickets_tobi,"Dear Customer Support Team,\n\nWe are currently experiencing outages in several marketing platforms, such as campaign analytics, ad placement, and reporting systems. The disruptions seem to be related to a failure in centralized data synchronization. We have already rebooted our internal servers and cleared the data cache in an attempt to fix the problem, but the issues remain unresolved. This situation is severely affecting our marketing activities, and we need urgent help to restore full operation. Kindly provide troubleshooting procedures or solutions.\n\nThank you.",Incident,high,"We appreciate your notification of the outages. To assist you better, could you please send us screenshots of any error messages and specify which users are impacted? We will escalate the matter and provide an update as soon as possible. Also, let us know if a call is necessary and suggest a convenient time for it.",body,type,priority,answer
Tobi-Bueck/customer-support-tickets,customer_support_tickets_tobi,"Dear Support Team,\n\nI am reaching out to seek urgent help regarding a problem with my KVM switch. Recently, I have been experiencing ongoing connection problems that significantly disrupt my workflow. The KVM switch fails to detect several connected peripherals, leading to interruptions and making it difficult to switch between systems smoothly.\n\nThe issue started several days ago, with the keyboard and mouse connected to the KVM switch becoming sporadically unresponsive. Moreover, the monitor consistently exhibits the same problem.",Problem,medium,"Thank you for reporting the connectivity problem with your KVM switch. To assist you more effectively, please provide the model number and, if possible, the serial number of your KVM device. Additionally, inform us if any error messages appear when devices disconnect. Meanwhile, verify whether the issue persists when using USB hubs or adapters with the KVM switch, and test if the problem is specific to certain connected devices. If you have already done so, try connecting your devices directly without the KVM switch to see if the issue remains.",body,type,priority,answer
Tobi-Bueck/customer-support-tickets,customer_support_tickets_tobi,"Sehr geehrter Kundenservice,\n\nich möchte einen Fehler in der Abrechnung melden, der die Zahlungsabwicklung kürzlich ausgestellter Rechnungen im Zusammenhang mit mehreren Smart-Produkten betrifft. Die auf den Rechnungen angegebenen Beträge scheinen inkorrekt zu sein, was zu Zahlungsproblemen geführt hat. Ich vermute, dass das Problem auf Integrations- oder Automatisierungsfehler innerhalb der Plattform oder des Abrechnungssystems der smarten Geräte zurückzuführen ist. Unser Team hat bereits die Kontoinformationen überprüft und versucht, die Zahlungen durch eine Aktualisierung der Zahlungsmethode erneut zu senden; die Fehler bestehen jedoch weiterhin. Ich benötige dringend Unterstützung bei der Behebung dieses Problems.",Problem,high,"Vielen Dank für Ihre Meldung des Abrechnungsproblems. Um die Untersuchung zu vertiefen, bitten wir Sie, die kürzlich betroffenen Rechnungsnummern sowie Ihre Kontonummer anzugeben. Wir werden die Angelegenheit prioritär behandeln, um weitere Störungen zu vermeiden, und Sie über den Fortschritt auf dem Laufenden halten.",body,type,priority,answer
Tobi-Bueck/customer-support-tickets,customer_support_tickets_tobi,"Dear Customer Support Team,\n\nI hope this message reaches you well. I am reaching out to inquire about the architecture of the SaaS platform as part of a potential purchase decision for our company. Gaining insight into the technical specifications and features of the platform is essential for us to determine how well it meets our business needs and technical criteria.\n\nSpecifically, I would like to understand the core infrastructure of the SaaS solution, including its scalability, security protocols, and integration options. Could you please provide comprehensive details about the platform?",Incident,high,"Thank you for your inquiry regarding the SaaS platform. We appreciate your interest and recognize the importance of understanding these details for your evaluation. We will forward your request to our technical team, who will provide documentation and set up a session to address questions related to architecture, security, integrations, and support. Please share your preferred dates and times for a call or meeting so we can arrange a convenient discussion with our specialists.",body,type,priority,answer
Tobi-Bueck/customer-support-tickets,customer_support_tickets_tobi,"Dear Customer Support Team,\n\nI am reaching out to highlight a billing inconsistency found in recent payment records. The billed amount matches the services rendered. After a thorough review of the invoices and cross-checking with service logs, the issue remains unresolved.\n\nIt seems there might be a misclassification involving compliance security services, which could be the cause of the discrepancy. Despite careful examination of documentation and service logs, the invoiced amounts still do not align with the services provided.",Problem,medium,"Thank you for bringing this billing discrepancy to our attention. We will investigate further. Could you please provide the specific invoice number and the relevant service dates related to the issue? With this information, we will review the billing entries for compliance security services and provide a detailed explanation along with a corrected invoice as soon as possible.",body,type,priority,answer
Tobi-Bueck/customer-support-tickets,customer_support_tickets_tobi,"Dear Customer Support Team,\n\nI hope this message reaches you well. I am writing to request assistance with a problem I am facing with the scheduling feature of my robot vacuum. Despite multiple attempts to set cleaning times through the mobile application, the vacuum does not start cleaning at the designated hours. This has caused inconvenience as I depend heavily on automated cleaning to maintain my home.\n\nI have ensured that the device firmware and the app are updated to the latest versions and have also tried resetting the device.",Problem,low,"Thank you for contacting us regarding the scheduling problem with your robot vacuum. Since you have already updated the firmware and app, and performed resets and reinstalls, we suggest verifying that your vacuum is connected to a stable Wi-Fi network, and that the time zone settings in the app match your location. Please also check for any conflicting schedules that might be overlapping. If the issue continues, could you please provide the model number of your vacuum and the app version? This information will help us investigate further.",body,type,priority,answer
Tobi-Bueck/customer-support-tickets,customer_support_tickets_tobi,"Dear Customer Support Team,\n\nI hope this message reaches you well. I am reaching out regarding a billing discrepancy I observed on a recent invoice from your SaaS platform. The charges appear inconsistent with my subscription plan and billing cycle. Specifically, I was billed for additional features that I did not activate or use. Could you kindly review my account details to clarify this issue? I would be grateful for a swift resolution to avoid any confusion or incorrect charges. Thank you for your attention.",Incident,medium,"Thank you for reaching out about the billing discrepancy on your recent invoice. We understand the importance of accurate billing and appreciate you bringing this to our attention. To assist you promptly, could you please provide your account number and the email address associated with your subscription? With this information, we can review your account details and investigate the charges related to any additional features used. If you have a copy of the invoice in question, please include the billing period as well, which will help us resolve the matter efficiently.",body,type,priority,answer
Tobi-Bueck/customer-support-tickets,customer_support_tickets_tobi,"Dear Customer Support Team,\n\nI hope this message reaches you well. I am reaching out to request comprehensive details about product specifications, integration procedures, and suitable device recommendations for networking equipment. Our team is focused on enhancing data analysis, trading strategies, and reporting within a quantitative finance setting, making precise hardware compatibility information essential for achieving our objectives efficiently.\n\nSpecifically, I am eager to understand the technical features, performance indicators, and compatibility considerations of recommended networking hardware.",Request,low,"Thank you for your inquiry. To provide precise integration guidelines, could you please share details about your current network configuration, preferred vendors, and main data analytics or trading platforms? With this information, we can offer customized suggestions and relevant documentation.",body,type,priority,answer
Tobi-Bueck/customer-support-tickets,customer_support_tickets_tobi,"Sehr geehrtes Support-Team,\n\nich hoffe, diese Nachricht erreicht Sie wohlbehalten. Ich möchte ein Problem melden, das ich im Zusammenhang mit dem Account Management Hub festgestellt habe. Es scheint, dass der Synchronisationsvorgang nicht ordnungsgemäß funktioniert, da die letzten Änderungen und Aktualisierungen auf der Plattform nicht angezeigt werden.\n\nDas Fehlen der Synchronisation verursacht erhebliche Schwierigkeiten, da ich den Hub nutze, um Kontoeinstellungen zu verwalten und Aktivitäten zu überwachen. Ich habe bereits grundlegende Fehlerbehebungen durchgeführt, wie das Aus- und Einloggen sowie das Leeren des Browser-Caches und die Verwendung verschiedener Geräte, doch das Problem besteht weiterhin.\n\nKönnten Sie bitte die Angelegenheit prüfen?",Incident,high,"Vielen Dank, dass Sie sich wegen des Synchronisationsproblems im Account Management Hub an uns gewandt haben, <name>. Derzeit sind Wartungsarbeiten und Plattform-Ausfälle bekannt. Um die Untersuchung zu unterstützen, könnten Sie bitte bestätigen, wann die letzten Änderungen oder Aktualisierungen ungefähr vorgenommen wurden? Teilen Sie uns außerdem mit, welchen Browser und welches Betriebssystem Sie verwenden. Diese Informationen helfen uns, das Problem schneller zu identifizieren und zu beheben. Falls die Angelegenheit dringend ist, können Sie uns auch telefonisch kontaktieren; bitte nennen Sie uns dazu eine passende Rufnummer.",body,type,priority,answer
Tobi-Bueck/customer-support-tickets,customer_support_tickets_tobi,"Dear Support Team,\n\nWe are currently facing a severe problem that is disrupting several applications within the trading analytics department. The systems responsible for real-time data analysis have stopped functioning, likely due to a failure in hardware and software integration. Our initial attempts to restart and troubleshoot have not resolved the issue. We need immediate help to identify and fix the problem to reduce the impact.\n\nThank you for your prompt attention.",Incident,high,"We appreciate you reaching out regarding the urgent problem impacting the trading analytics platforms. To assist you swiftly, please provide specific details about the affected products, any recent changes made to the systems, and any error messages encountered. If possible, a remote support session would expedite troubleshooting; let us know your preferred time. We are ready to prioritize this issue and coordinate the necessary support to restore operations as quickly as possible.",body,type,priority,answer
Tobi-Bueck/customer-support-tickets,customer_support_tickets_tobi,"Mehrere Geräte zeigen Verbindungsprobleme mit dem Marketing-System, was den Ablauf stört. Das Problem trat kürzlich nach einem Betriebssystem-Update auf. Trotz Neustarts und Neuinstallation der Treiber bleibt das Problem bestehen. Wir bitten um Unterstützung bei der schnellen Diagnose und Behebung der Integrationsfehler.",Problem,high,"Vielen Dank für Ihre Kontaktaufnahme. Um Ihnen besser helfen zu können, bitten wir um Angaben zu den Gerätetypen und -modellen, bei denen die Verbindungsprobleme auftreten, die Version des Betriebssystems nach dem Update sowie etwaige spezifische Fehlermeldungen. Diese Informationen ermöglichen eine effizientere Problemdiagnose. Teilen Sie uns bitte auch einen geeigneten Zeitpunkt für einen Anruf mit, damit wir das Problem zeitnah lösen können.",body,type,priority,answer
Tobi-Bueck/customer-support-tickets,customer_support_tickets_tobi,"Dear Customer Support,\n\nI am facing ongoing challenges with software integration on my Microsoft Surface Pro 8 while using Office 365 for collaborative marketing initiatives. The errors appear to be related to version discrepancies across different platforms. I have already attempted to update device drivers and re-sync my accounts, but the issues persist. Could you kindly assist in diagnosing and resolving this compatibility problem? Your prompt support would be highly valued.\n\nBest regards,\n[Your Name]",Problem,high,"Thank you for reaching out regarding your software integration challenges with the Microsoft Surface Pro 8 and Office 365. To assist you further, please specify the exact error messages you are encountering and confirm the current versions of Windows and Office 365 installed on your device. Additionally, inform us if you are using any third-party plugins for cross-platform synchronization. This information will help us diagnose the issue accurately. Once we receive these details, we can provide precise troubleshooting guidance.",body,type,priority,answer
Tobi-Bueck/customer-support-tickets,customer_support_tickets_tobi,"Sehr geehrtes Kundenserviceteam,\n\nich wende mich an Sie bezüglich einer Differenz in der Abrechnung meiner kürzlich erhaltenen Mehrprodukt-Rechnung. Die Rechnung weist mehrere unerwartete Gebühren auf, die im Zusammenhang mit verschiedenen Geräten stehen und möglicherweise auf eine falsche Zuordnung der Bündelungsdienste zurückzuführen sind. Nach eingehender Prüfung habe ich bestätigt, dass die berechneten Preise mit den vereinbarten Servicepaketen übereinstimmen.\n\nDerzeit läuft eine Überprüfung, und ich warte auf eine Rückmeldung seitens des Anbieters zur weiteren Klärung. Ich freue mich auf eine baldige Aktualisierung des Prüfungsstatus, da die Differenzen zu Verwirrung führen.\n\nBitte informieren Sie mich, falls zusätzliche Informationen benötigt werden.",Incident,low,"<name>, vielen Dank, dass Sie uns bezüglich der Differenz in der Abrechnung Ihrer kürzlich erhaltenen Mehrprodukt-Rechnung kontaktiert haben. Wir verstehen, wie wichtig eine korrekte Abrechnung ist, und entschuldigen uns für etwaige Verwirrung, die durch diese Situation entstanden sein könnte. Derzeit arbeitet unser Anbieter an einer Klärung bezüglich der unerwarteten Gebühren und möglicher Fehlzuordnungen bei den Bündelungsdiensten. Sobald wir eine Rückmeldung vom Anbieter erhalten, werden wir Sie umgehend informieren. Bis dahin könnten Sie uns eine kurze Liste der betreffenden Rechnungsnummern und der entsprechenden Gebühren zukommen lassen, um unsere Überprüfung zu beschleunigen.",body,type,priority,answer
Tobi-Bueck/customer-support-tickets,customer_support_tickets_tobi,"Sehr geehrtes Kundendienstteam,\n\nich hoffe, diese Nachricht erreicht Sie wohlbehalten. Ich bitte um ausführliche Informationen zu bewährten Methoden für die Integration externer Hardwareprodukte, insbesondere Netgear-Router und Razer-Tastaturen, in eine agile, cloud-basierte SaaS-Plattform. Ziel ist es, die beste Leistung, eine nahtlose Kompatibilität und eine reibungslose Nutzererfahrung zu gewährleisten sowie die Geräte in die Betriebsumgebung zu integrieren.\n\nAngesichts der Vielzahl der verwendeten Geräte ist es wichtig, die empfohlenen Konfigurationsansätze für die jeweiligen Marken zu verstehen. Gibt es beispielsweise bevorzugte Netzwerkeinstellungen oder Firmware-Versionen für Netgear-Router?",Request,medium,"Vielen Dank für Ihre Anfrage. Für eine optimale Integration empfehlen wir, die aktuellste Firmware auf den Netgear-Routern sowie aktualisierte Treiber für die Razer-Tastaturen zu verwenden. Bitte teilen Sie uns die Einsatzszenarien Ihrer SaaS-Plattform mit, damit wir spezifische Konfigurationen und Ressourcen bereitstellen können, die auf Ihre agile Umgebung zugeschnitten sind.",body,type,priority,answer
Tobi-Bueck/customer-support-tickets,customer_support_tickets_tobi,"Dear Customer Support Team,\n\nWe are presently encountering a major outage impacting our cloud-based software service. Several clients have reported access problems, which seem to have resulted from a recent deployment involving new Kubernetes resource allocations across various microservices. We have already performed immediate rollback and restarted the affected pods; however, these actions did not fully resolve the issue. We urgently need assistance to diagnose and mitigate the disruption quickly to restore normal service for our users.",Incident,medium,"Thank you for notifying us about the issue affecting the cloud software service. We recognize the urgency and are giving it top priority. To assist further, could you please share recent error logs, details of the affected service endpoints, and information about the deployment changes? This will help us diagnose the problem more effectively. Our support team is standing by and will keep you updated as we investigate and work toward a resolution.",body,type,priority,answer
Tobi-Bueck/customer-support-tickets,customer_support_tickets_tobi,"Dear Customer Support Team,\n\nI am submitting a report regarding an urgent security breach currently impacting several devices within our infrastructure. The affected equipment includes projectors, screens, data storage units, and cloud services. We suspect that this incident may involve a data leak or cyber assault, which could jeopardize the organization's confidential information during ongoing operations.\n\nOur preliminary investigation has identified irregular activities and anomalies across these devices. Despite this, we are still assessing the full extent of the issue.",Incident,high,"Thank you for reporting this urgent security breach and providing an overview of the affected devices and initial actions taken. We recognize the critical nature of this situation and are prioritizing your case. To support our immediate investigation, please share additional details such as specific logs from the impacted projectors, screens, storage units, and cloud platforms, including timestamps of suspicious activities, error messages, or unusual patterns observed. If possible, also include a summary of containment measures already implemented.",body,type,priority,answer
Tobi-Bueck/customer-support-tickets,customer_support_tickets_tobi,"Sehr geehrtes Support-Team,\n\nich hoffe, diese Nachricht erreicht Sie wohlbehalten. Ich möchte eine umfassende Übersicht über Ihr Service-Portfolio anfordern. Als potenzieller Kunde ist es für uns wichtig, die Bandbreite der angebotenen Dienstleistungen zu verstehen, inklusive etwaiger spezialisierter Lösungen.\n\nKönnten Sie bitte eine Zusammenfassung der wichtigsten Services liefern, inklusive Beschreibungen, zentraler Merkmale und der Branchen, die Sie bedienen? Zusätzlich wären Informationen zu kürzlichen Aktualisierungen oder neuen Ergänzungen im Portfolio hilfreich. Falls möglich, fügen Sie bitte Fallstudien oder Beispiele bei, um die Effektivität Ihrer Dienstleistungen zu veranschaulichen.",Request,medium,"Vielen Dank für Ihr Interesse an unseren Services. Wir bieten ein breites Spektrum an Leistungen, darunter Softwareentwicklung, Cloud-Services, IT-Beratung sowie Managed Support-Services. Unsere Angebote richten sich an Branchen wie Finanzen, Gesundheitswesen, Einzelhandel und Fertigung, wobei wir maßgeschneiderte Lösungen bereitstellen. Zu den wichtigsten Eigenschaften zählen flexible Implementierung, umfassende Sicherheitsmaßnahmen und 24/7-Support. Kürzlich haben wir KI-basierte Analysen und Automatisierungstools eingeführt, um die Effizienz Ihres Geschäfts zu fördern. Fallstudien und Beispiele, die die Wirksamkeit unserer Lösungen belegen, sind auf Anfrage erhältlich. Bitte teilen Sie uns Ihre bevorzugte Branche oder Spezialisierung mit.",body,type,priority,answer
Tobi-Bueck/customer-support-tickets,customer_support_tickets_tobi,"Dear Support Team,\n\nI am seeking comprehensive details regarding the invoicing and payment workflows for agency services across various departments within our organization. Specifically, I wish to understand how these processes are managed, including any automation integrations designed to streamline billing and payments. Additionally, I am interested in how products such as Smartsheet, MacBook Pro, and Smart Home devices are incorporated into the billing system. Clarification on whether these products have separate billing mechanisms or are integrated into a unified payment system would be very helpful.\n\nFurthermore, I would appreciate any recommended best practices and guidelines related to these procedures.",Request,medium,"Thank you for your inquiry, <name>. Billing for services and products like Smartsheet, MacBook Pro, and Smart Home devices are typically processed separately, depending on your account setup. Could you please provide your current billing account details and supply product serial or order numbers? This will help us offer precise information and recommended workflows.",body,type,priority,answer
Tobi-Bueck/customer-support-tickets,customer_support_tickets_tobi,"Sehr geehrtes Support-Team,\n\nich hoffe, diese Nachricht findet Sie wohl. Ich möchte mich erkundigen, ob Ihr Unternehmen Marketingdienstleistungen anbietet. Könnten Sie bitte detaillierte Informationen zu den angebotenen Services, Preismodellen und verfügbaren Paketen bereitstellen? Außerdem würde ich mich freuen, wenn Sie erfolgreiche Kampagnenbeispiele oder Fallstudien teilen könnten, um Ihre Expertise zu unterstreichen.\n\nEin besseres Verständnis der Details hilft uns enorm dabei, die Dienstleistungen auf unsere Geschäftsziele abzustimmen. Bitte fügen Sie auch Informationen zum Onboarding-Prozess und den damit verbundenen Zeitrahmen bei.\n\nVielen Dank im Voraus.",Request,medium,"Vielen Dank für Ihr Interesse an unseren Marketinglösungen. Wir bieten ein breites Spektrum an Dienstleistungen, darunter digitales Marketing, Social-Media-Management, E-Mail-Kampagnen, Suchmaschinenoptimierung (SEO) und Content-Erstellung. Unsere Preise sind flexibel und sowohl für einzelne Services als auch für Paketangebote verfügbar, die auf unterschiedliche geschäftliche Anforderungen zugeschnitten sind. Für ein detailliertes Angebot bitten wir Sie, Ihre spezifischen Ziele und bevorzugten Dienstleistungen mitzuteilen. Gerne stellen wir Ihnen auch Fallstudien und Beispiele erfolgreicher Kampagnen zur Verfügung. Das Onboarding umfasst eine erste Beratung, bei der die Ziele ermittelt werden, gefolgt von einer maßgeschneiderten Strategieentwicklung.",body,type,priority,answer
Tobi-Bueck/customer-support-tickets,customer_support_tickets_tobi,"Dear Customer Support,\n\nI'm encountering difficulties accessing QuickBooks Online on my macOS and iOS devices. It appears to be related to synchronization errors that started after recent OS updates. Despite rebooting my devices and clearing my browser cache, the problem remains, preventing me from entering my account.\n\nThis issue significantly disrupts my workflow, as I depend heavily on QuickBooks for financial management. I would be grateful for your help in diagnosing and resolving this matter.",Incident,medium,"Thank you for reaching out, <name>. To assist you better, could you please specify any error messages you see when attempting to log in? Additionally, kindly provide your QuickBooks Online account email address (masked if preferred).",body,type,priority,answer
Tobi-Bueck/customer-support-tickets,customer_support_tickets_tobi,"Dear Customer Support Team,\n\nI am reaching out to highlight an issue related to billing and payment processing for my account. Recently, I observed inconsistencies in charges on my latest invoice that do not match the services utilized. Furthermore, I have been unable to complete payments as error messages keep appearing during the checkout process.\n\nThis matter is quite troubling as it affects my ability to access services without interruption. I kindly ask for a comprehensive review of my account's billing history and an immediate resolution to this issue.",Incident,high,"Thank you for contacting us regarding billing discrepancies and payment problems, <name>. To assist you further, please provide your account number and the email address associated with your account. If possible, include a copy of the latest invoice and screenshots of the error messages encountered during payment. We will review your account promptly and work towards a solution.",body,type,priority,answer
Tobi-Bueck/customer-support-tickets,customer_support_tickets_tobi,"Dear Customer Support Team,\n\nI am reaching out to request an important update to the SaaS platform that would significantly enhance its support features across multiple device categories currently in use. Specifically, we are seeking improvements for smart kitchen appliances, printers, USB hubs, macOS systems, AMD processors, network switches, workstations, MacBook Air devices, and smartwatches. The objective is to ensure seamless integration and better performance of these devices within the SaaS environment.\n\nImplementing these changes will help us maximize our hardware's potential, improve compatibility, stability, and expand functional versatility.",Change,medium,"Thank you for your inquiry regarding the expanded support capabilities for various devices on our SaaS platform. To assess feasibility and establish accurate timelines, could you please specify which device categories pose the most critical compatibility issues? Providing these details will assist our technical team in prioritizing and effectively evaluating the next steps. We look forward to your detailed feedback and appreciate your response.",body,type,priority,answer
Tobi-Bueck/customer-support-tickets,customer_support_tickets_tobi,"Dear Support Team,\n\nOur office is currently facing several hardware equipment failures that disrupt our daily activities. The problems involve repeated device crashes and connectivity issues. We would be grateful for swift assistance in diagnosing and fixing these problems to reduce downtime. Kindly let us know what further details are needed from our side.\n\nThank you for your support.\n\nBest regards,\n[Your Name]",Problem,medium,"We appreciate you reaching out regarding hardware issues impacting your office operations. To help us identify and resolve the problems efficiently, could you please provide detailed information about the affected devices? For instance, specify the types and models of devices experiencing failures, any error messages or warning signals observed, and when the issues first began. Also, inform us if recent changes were made to your network, hardware setup, or software updates.",body,type,priority,answer
Tobi-Bueck/customer-support-tickets,customer_support_tickets_tobi,"Dear Support Team,\n\nWe are facing numerous equipment malfunctions that are significantly disrupting our operational flow. Potential reasons might include power fluctuations, network connectivity problems, or issues with automated marketing campaigns. We have examined the connections, restarted the devices, updated the drivers, and changed ports, but the issue continues. Kindly advise us on troubleshooting procedures and potential remedies.\n\nThank you.",Incident,high,"Thank you for providing details about the steps already undertaken. To assist you further, please specify the types and models of the affected devices, any error messages encountered, and if the malfunctions happen during particular times or specific tasks. This information will enable us to offer precise troubleshooting guidance. As this is urgent, please inform us of a convenient time for a call to resolve the matter swiftly.",body,type,priority,answer
Tobi-Bueck/customer-support-tickets,customer_support_tickets_tobi,"Sehr geehrtes Support-Team,\n\nich möchte ein Problem melden, das ich bei der Nutzung des zentralisierten Kontoverwaltungssystems festgestellt habe. Kürzlich sind mir Inkonsistenzen und Schwierigkeiten bei der Aktualisierung meiner Kontoinformationen auf der zentralen Plattform aufgefallen. Diese Probleme beeinträchtigen meine Fähigkeit, mein Konto effizient zu verwalten, was für meine laufenden Geschäftsprozesse kritisch ist.\n\nInsbesondere verzögert die Systemaktualisierung meine Änderungen, und ich habe Schwierigkeiten beim sporadischen Einloggen sowie Fehler beim Versuch, bestimmte Profildaten zu aktualisieren. Diese Schwierigkeiten verursachen erhebliche Unannehmlichkeiten und stören meinen Arbeitsablauf.\n\nIch",Problem,high,"Vielen Dank, dass Sie uns wegen der Probleme mit dem zentralisierten Kontoverwaltungssystem kontaktiert haben. Wir entschuldigen uns für die Unannehmlichkeiten, die Sie dadurch erfahren haben. Derzeit sind bekannte Systemausfälle im Zusammenhang mit laufenden Wartungsarbeiten, die die Plattform beeinträchtigen. Um eine genauere Untersuchung zu ermöglichen, könnten Sie bitte Details zu Ihrem Browser, Gerät sowie den ungefähren Zeitpunkt, an dem die Probleme auftraten, bereitstellen? Falls vorhanden, fügen Sie bitte auch etwaige Fehlermeldungen bei, die Sie erhalten haben. Wir schätzen Ihre Geduld sehr und freuen uns darauf, das Problem schnellstmöglich zu beheben.",body,type,priority,answer
Tobi-Bueck/customer-support-tickets,customer_support_tickets_tobi,"Dear Support Team,\n\nI am reporting a recurring problem with synchronizing notes in Evernote across multiple devices. The issue started immediately after I updated to the latest version of the Evernote Android application. Since then, notes are not syncing correctly on my Android smartphones, which is causing considerable inconvenience.\n\nI have attempted various troubleshooting methods, including restarting my devices and reinstalling the Evernote app on my Android phone. Unfortunately, these steps did not resolve the synchronization problems. I suspect the issue might be related to the app or my device setup.",Incident,high,"Thank you for reaching out, <name>. We understand how crucial smooth synchronization is. Since you've already tried restarting and reinstalling the Evernote app, could you please confirm that you are running the latest version of Evernote on your devices? Additionally, please provide the specific Android OS version and the exact version of the Evernote app installed on your phone. If possible, try logging back into your Evernote account on your devices. If the problem continues, kindly send us any error messages you encounter.",body,type,priority,answer
Tobi-Bueck/customer-support-tickets,customer_support_tickets_tobi,"Dear Customer Support Team,\n\nI am writing to report a critical problem involving sporadic outages experienced across several products hosted on our cloud-based SaaS platform. The issue seems to be impacting system availability and performance, significantly disrupting our operations.\n\nThe root cause appears to be related to possible failures in Kubernetes orchestration errors within the CI/CD pipeline. During initial troubleshooting, we thoroughly reviewed service logs and identified irregularities that provide conclusive evidence for pinpointing the underlying problem.",Incident,medium,"Thank you for providing detailed information about the intermittent outages. To assist you further, could you please share specific timestamps of the incidents, relevant Kubernetes event logs, and error messages observed during the downtime? Additionally, please confirm if any recent infrastructure or network modifications have been made. This information will help us identify the root cause and recommend suitable solutions. We appreciate your cooperation and prompt attention to this matter.",body,type,priority,answer
Tobi-Bueck/customer-support-tickets,customer_support_tickets_tobi,"Dear Customer Support Team,\n\nI am submitting a report regarding a critical security breach identified within the healthcare infrastructure. Unusual network activities have been observed, seemingly associated with compromised login credentials. The incident impacts the integration of Electronic Medical Records (EMR), the Picture Archiving and Communication System (PACS), as well as several IoT devices connected to the network.\n\nOur Incident Response Team has already begun monitoring and implementing containment measures to reduce potential damage. However,",Incident,high,"Thank you for reporting this incident. We recommend promptly resetting the compromised credentials, activating multi-factor authentication, and reviewing access logs for anomalies. Kindly supply details of the affected systems along with recent log files to assist our team in a thorough investigation and to help maintain ongoing compliance and data security.",body,type,priority,answer
Tobi-Bueck/customer-support-tickets,customer_support_tickets_tobi,"Dear Customer Support Team,\n\nI am reaching out to request comprehensive details on integrating Python-driven machine learning models with Microsoft Excel, particularly for enabling real-time analytics and automating portfolio rebalancing. My main objective is to improve institutional investment approaches and offer sophisticated data analysis and decision-making tools for high-net-worth clients.\n\nI would appreciate insights into best practices, recommended libraries, and existing connectors or APIs that ensure smooth integration between Python models and Excel, as this would be extremely beneficial.",Request,high,"Thank you for your inquiry about connecting Python machine learning models with Microsoft Excel for real-time analytics and automated portfolio rebalancing. We suggest utilizing libraries such as openpyxl, xlwings, PyXLL, and DataNitro for direct Python-Excel interaction and advanced automation. Additionally, Microsoft Office Scripts and Power Query can be used for data management and scheduled updates. To guarantee real-time performance, consider implementing asynchronous data connections through cloud services.",body,type,priority,answer
Tobi-Bueck/customer-support-tickets,customer_support_tickets_tobi,"Dear Customer Support,\n\nWe are currently facing connectivity performance problems across several devices in different departments. The affected equipment includes dash cameras, iMac computers, audio interfaces, and networking hardware. These issues started after recent updates to our network infrastructure.\n\nWe have already tried rebooting the impacted devices and the network switch, but the problems remain. The disruptions are hindering our daily activities, and we urgently need help to identify and fix the underlying cause.\n\nCould you please",Incident,high,"Thank you for providing details about the connectivity problems following recent network hardware updates. To assist further, could you confirm the specific models and firmware versions of the upgraded devices, as well as any error messages encountered? Additionally, please specify whether the issues affect wired, wireless, or both types of connections. If onsite support is needed urgently, kindly share a suitable time for a technician to visit. We are dedicated to resolving this swiftly.",body,type,priority,answer
Tobi-Bueck/customer-support-tickets,customer_support_tickets_tobi,"Sehr geehrtes Support-Team,\n\nich möchte Ihre Aufmerksamkeit auf ein erhebliches Problem mit der Ausfall der Cloud-Plattform lenken, das momentan viele Nutzer betrifft, einschließlich meiner Person. Die Störung beeinträchtigt den Zugriff auf wichtige Dienste und verursacht erhebliche betriebliche Verzögerungen sowie Unannehmlichkeiten.\n\nDer Ausfall scheint weitreichend zu sein, da Nutzer Schwierigkeiten beim Anmelden, Zugriff auf gespeicherte Daten und Nutzung cloudbasierter Anwendungen haben. Aufgrund der kritischen Bedeutung der Cloud-Dienste für unsere täglichen Abläufe ist dies äußerst problematisch.",Incident,medium,"Vielen Dank, dass Sie uns über den aktuellen Ausfall der Cloud-Plattform informiert haben. Wir sind uns des Problems bewusst, das den Zugriff auf Dienste beeinträchtigt, inklusive Anmeldefehler und Unterbrechungen beim Zugriff auf Daten und Anwendungen. Unser technisches Team untersucht derzeit aktiv die Ursache und arbeitet an einer schnellen Behebung des Problems. Nach aktuellen Schätzungen wird die vollständige Wiederherstellung so bald wie möglich erfolgen. Wir werden Sie über bedeutende Entwicklungen auf dem Laufenden halten. Es wird empfohlen, regelmäßig die Sitzungen zu aktualisieren, falls der Zugriff während unserer Untersuchung wiederhergestellt wird. Wir entschuldigen uns aufrichtig für die Unannehmlichkeiten.",body,type,priority,answer
Tobi-Bueck/customer-support-tickets,customer_support_tickets_tobi,"Sehr geehrtes Support-Team,\n\nich hoffe, diese Nachricht erreicht Sie wohlbehalten. Ich schreibe, um formell eine Aktualisierung der Sicherheitsrichtlinien und Compliance-Maßnahmen anzufordern, die für Telemedizin-EMR/PACS-Systeme verwendete integrierte Geräte betreffen. Zu den Geräten zählen Mikrofone, Laptops sowie Internet-of-Things-(IoT)-Geräte und Speichereinheiten.\n\nAufgrund der sensiblen Natur der Patientendaten, die diese Plattformen verarbeiten, ist es unerlässlich, dass der Sicherheitsrahmen den neuesten regulatorischen Vorgaben entspricht, insbesondere den Standards HIPAA, GDPR sowie ISO 27001. Die Einhaltung dieser Vorschriften gewährleistet den Schutz der Vertraulichkeit.",Change,low,"Vielen Dank für Ihre Anfrage bezüglich der Sicherheitsrichtlinien und Compliance-Maßnahmen für Telemedizin-EMR/PACS-Systeme. Wir verstehen die Bedeutung einer soliden Sicherheitsstrategie, insbesondere im Hinblick auf HIPAA, GDPR und ISO 27001. Um voranzukommen, werden wir zunächst eine umfassende Überprüfung des aktuellen Sicherheitsstatus der Mikrofone, Laptops sowie IoT- und Speichereinheiten durchführen. Dabei bewerten wir Verschlüsselungsmethoden, Zugriffskontrollen und Datenaufbewahrungsrichtlinien anhand von Prüfungen. Zusätzlich werden wir die Compliance-Standards in den Schulungspraktiken unseres Personals evaluieren.\n\nZur Unterstützung der Überprüfung bitten wir Sie, eine detaillierte Inventarliste der derzeitigen Geräte und Systeme bereitzustellen.",body,type,priority,answer
Tobi-Bueck/customer-support-tickets,customer_support_tickets_tobi,"Dear Support Team,\n\nI am submitting a report about my Intel Optane Memory H10 unit, which has recently begun to malfunction. This device was crucial for enhancing system speed and faster data retrieval, but it has now become unresponsive and is causing frequent system delays and data access issues. This problem is severely affecting my workflow.\n\nThe Optane Memory H10 functioned flawlessly upon installation; however, over the past few weeks, I have observed a decline in performance. The operating system now occasionally fails to recognize the device correctly.",Problem,high,"Thank you for reaching out regarding your Intel Optane Memory H10 problem. We understand how vital this hardware is for your productivity. We appreciate the troubleshooting measures you've already undertaken, including driver updates, BIOS adjustments, and reseating the device.\n\nGiven your description of ongoing data access errors and intermittent device detection, and considering you've already performed initial troubleshooting steps, this could suggest a potential hardware fault. To assist you further, we will need additional information.",body,type,priority,answer
Tobi-Bueck/customer-support-tickets,customer_support_tickets_tobi,"Dear Support Team,\n\nI am writing to report a critical problem affecting several connected medical devices on our network. These devices are experiencing severe connectivity issues, which are disrupting our daily functions. I suspect that recent updates to security policies or modifications in the network setup may be the cause.\n\nIn an attempt to resolve the issue, I have restarted the affected devices and verified the network configurations, but the problem remains unresolved and unchanged.",Incident,medium,"Thank you for reaching out regarding the connectivity problems with your healthcare devices. To assist you more effectively, could you please provide details such as the specific device models and systems impacted, any error messages encountered, and when the issue first started? Additionally, inform us of any recent changes made to the network security policies. If an urgent response is needed via phone, kindly share a suitable time and contact number for us to get in touch. We will prioritize your request for assistance.",body,type,priority,answer
Tobi-Bueck/customer-support-tickets,customer_support_tickets_tobi,"Sehr geehrtes Kundenserviceteam,\n\nich kontaktiere Sie, um die Implementierung umfassender Sicherheits- und Compliance-Updates für mehrere Produkte unserer Gesundheits-Technology-Suite zu beantragen. Es ist entscheidend, dass wir gewährleisten, dass sämtliche Lösungen, einschließlich EMR-Integrationen, Telemedizinplattformen und vernetzte medizinische Geräte, vollständig den neuesten regulatorischen Vorgaben wie HIPAA, GDPR und ISO 27001 entsprechen.\n\nAngesichts der sensiblen Natur der Patientendaten und der zunehmenden behördlichen Überwachung ist es notwendig, diese Updates zu priorisieren, den Schutz der Privatsphäre der Patienten sicherzustellen sowie die Datenintegrität zu bewahren, um potenzielle Risiken zu minimieren.",Change,low,"Vielen Dank für Ihre Anfrage bezüglich der Sicherheits- und Compliance-Updates unserer Gesundheits-Technology-Suite. Um den Vorgang voranzutreiben, könnten Sie bitte die spezifischen Produktversionen bestätigen? Dies würde uns helfen, mögliche Compliance-Lücken im Vergleich zu HIPAA, GDPR und ISO 27001 zu bewerten. Sobald wir diese Informationen haben, werden wir die aktuellen Protokolle prüfen und einen geschätzten Zeitplan für die Bewertung und Implementierung der Updates erstellen. Bitte teilen Sie uns auch Ihre bevorzugten Termine oder Zeiten für ein Gespräch mit, falls Sie weitere Details besprechen möchten. Wir freuen uns auf Ihre Rückmeldung.",body,type,priority,answer
Tobi-Bueck/customer-support-tickets,customer_support_tickets_tobi,"Dear Customer Support,\n\nI am reaching out to report a slowdown issue with the cloud-native SaaS platform. Over the past few days, the application has been functioning markedly slower than usual, hindering the completion of essential tasks effectively. I have examined the local network equipment, which seems to be operating normally, indicating that the problem might originate from the platform itself.\n\nCould you please look into this matter as a priority and provide updates on the probable cause and estimated time for resolution? The decline in performance is affecting productivity, so a prompt response would be appreciated.",Problem,high,"Thank you for reaching out regarding the performance difficulties with the cloud-native SaaS platform. We recognize the importance of smooth operations and apologize for any inconvenience caused. To assist you promptly, could you share specific details about the modules or features experiencing lag, approximate times when the issues happen, and any error messages received? Our technical team will start the investigation immediately and keep you updated on the findings and expected resolution timelines. If you prefer, we can also discuss this over a call.",body,type,priority,answer
Tobi-Bueck/customer-support-tickets,customer_support_tickets_tobi,"Dear Customer Support,\n\nI am submitting a report concerning a significant service disruption currently impacting several connected devices within our infrastructure. The root cause seems to be a failure in Kubernetes orchestration within our microservices setup. Although we have attempted to restart the affected pods initially, the issue remains unresolved. Multiple teams are engaged in troubleshooting, but a definitive solution has not yet been found.\n\nThis outage critically hampers customer experience and operational continuity. We are actively monitoring the system.",Incident,high,"Thank you for reaching out regarding the severe service disruption impacting your infrastructure. We recognize the urgency of this matter and are treating your case as a priority. Based on your description, the problem appears to stem from a Kubernetes orchestration failure, despite initial efforts such as restarting pods and verifying configurations.\n\nTo diagnose the issue more effectively, could you please share recent logs from the Kubernetes control plane components, including kube-apiserver, kube-controller-manager, and kube-scheduler? Additionally, any unusual error messages or system alerts would be helpful.",body,type,priority,answer
Tobi-Bueck/customer-support-tickets,customer_support_tickets_tobi,"Dear Customer Support,\n\nI hope this message reaches you well. I am reaching out to request comprehensive details about the configuration of agile teams within the organization. Gaining insight into the specific roles, duties, and processes of these teams is essential for enhancing collaboration and project management efficiency. Could you kindly supply documentation that provides an overview of how the teams are structured, including the particular methodologies and tools they utilize? Additionally, I would appreciate if you could share the best practices and guidelines followed by these teams.",Request,high,"Thank you for your inquiry regarding the structure of agile teams. To provide an accurate overview, could you please specify which department or particular teams you are interested in? Once I have that information, I can share relevant organizational charts, workflows, methodologies, and the practice guidelines employed by those teams. Please let me know if you also require details about the tools used.",body,type,priority,answer
Tobi-Bueck/customer-support-tickets,customer_support_tickets_tobi,"Dear Support Team,\n\nI am reaching out to report an issue related to the Account Management Hub. It appears that there is a misalignment incident affecting overall functionality and user experience. Dashboard components are not properly aligned, making navigation of key account features more difficult. The misalignment is consistent across multiple devices and browsers, indicating a system-wide problem rather than a localized glitch.\n\nAs a result, tasks that normally require minimal effort are becoming laborious and time-consuming. This potentially hampers productivity and increases the likelihood of errors during account management activities. I would appreciate it if the technical team could look into this matter.",Incident,medium,"Thank you for reporting the misalignment issue in the Account Management Hub. To assist our technical team in diagnosing the problem more effectively, could you please provide screenshots of the affected dashboard sections? We appreciate your patience and will inform you promptly once we have additional information or a solution timeline.",body,type,priority,answer
Tobi-Bueck/customer-support-tickets,customer_support_tickets_tobi,"Sehr geehrtes Kundendienstteam,\n\nich wende mich an Sie, um Unterstützung bei einem anhaltenden Problem mit der E-Mail-Synchronisierung in Outlook auf mehreren Geräten zu bitten. Trotz zahlreicher eigener Versuche, das Problem zu beheben, besteht es weiterhin und beeinträchtigt meine Arbeitsabläufe erheblich.\n\nDas Problem trat vor etwa zwei Wochen auf. Ich habe beobachtet, dass E-Mails in meinem Outlook-Konto auf dem Laptop und Smartphone empfangen werden, jedoch nur auf einem Gerät sichtbar sind. Es kommt vor, dass Änderungen, wie das Markieren von E-Mails, auf einem Gerät vorgenommen werden, aber nicht auf das andere übertragen werden.",Problem,medium,"Vielen Dank, dass Sie sich wegen des Outlook-Synchronisationsproblems an uns gewandt haben. Damit wir Ihnen bestmöglich helfen können, teilen Sie uns bitte mit, ob Sie ein Outlook Exchange-, Office 365-, IMAP- oder POP-Konto verwenden. Zudem benötigen wir die Version von Outlook sowie die Betriebssysteme Ihrer Geräte (Laptop und Smartphone). Falls möglich, geben Sie bitte auch an, ob Sie Fehlermeldungen sehen. Mit diesen Informationen können wir gezielte Lösungsschritte vorschlagen, um die vollständige Synchronisation wiederherzustellen. Wir schätzen Ihre Geduld und freuen uns auf Ihre Rückmeldung.",body,type,priority,answer
Tobi-Bueck/customer-support-tickets,customer_support_tickets_tobi,"Dear Support Team,\n\nI hope this message finds you well. I am reaching out to report a series of technical issues affecting multiple devices, likely related to network configuration problems. The affected equipment includes Keyboard 4, a 4K Monitor, and the UniFi Dream Machine.\n\nOver the past few days, these devices have exhibited various malfunctions. For instance, Keyboard 4 occasionally registers keystrokes, the 4K Monitor experiences intermittent signal loss and flickering, and the UniFi Dream Machine shows some issues.",Incident,medium,"Thank you for providing detailed information regarding the issues with Keyboard 4, the 4K Monitor, and the UniFi Dream Machine. To assist you further, could you please confirm whether the devices are connected to a surge protector or power source? Additionally, are there any error messages or indicator lights on the UniFi Dream Machine indicating network disconnections? Please share these details so we can better diagnose the problem.",body,type,priority,answer
Tobi-Bueck/customer-support-tickets,customer_support_tickets_tobi,"Dear Customer Support,\n\nI am facing an issue where my printer releases excessive ink droplets onto the Logitech StreamCam. This problem began after recent firmware updates. I believe it may be due to a conflict with system drivers. I have already attempted reinstalling the drivers and resetting the StreamCam device, but the issue remains.\n\nCould you please help troubleshoot this problem? It is significantly disrupting my workflow, and I would appreciate guidance on resolving it, particularly regarding compatibility concerns.",Incident,medium,"Thank you for reaching out. To assist you further, could you please specify the printer model and the operating system version? Also, inform us if the issue occurs when the StreamCam is disconnected. This will help us identify whether a driver conflict or compatibility issue is affecting your devices.",body,type,priority,answer
Tobi-Bueck/customer-support-tickets,customer_support_tickets_tobi,"Dear Support Team,\n\nI am reaching out to report a slowdown experienced on our cloud-native SaaS platform. Over the past few days, the application has been operating noticeably more slowly than usual, which hampers our ability to complete essential tasks efficiently. I have checked our local network hardware, which appears to be functioning normally, indicating that the issue might be on the platform's side.\n\nCould you please look into this matter promptly and provide updates on the cause and the estimated time for resolution? The reduced performance is affecting our productivity, so a timely response would be appreciated.",Problem,high,"Thank you for contacting us about the performance concerns with your cloud-native SaaS platform. We understand the importance of critical operations and apologize for the inconvenience caused. To help us assist you more effectively, could you please share details about the specific modules or features that are slow, approximate times when the issues occur, and any error messages you have seen? Our technical team will begin investigating immediately and will keep you informed about their findings and the expected resolution timeline. If you prefer, we can also discuss this matter over a call.",body,type,priority,answer
Tobi-Bueck/customer-support-tickets,customer_support_tickets_tobi,"Support Team,\n\nWe are currently experiencing a major outage on the cloud platform that is disrupting our SaaS solutions. This interruption is affecting our business functions, and we urgently need assistance to resolve the problem. Kindly provide us with an update on the status and an estimated timeline for recovery.\n\nWe appreciate your prompt attention to this urgent matter.\n\nBest regards,\n[Your Name]",Incident,high,"<name>,\n\nThank you for reaching out regarding the ongoing outage impacting SaaS services. We sincerely apologize for the inconvenience caused to your business operations. Our technical team is actively investigating the issue as a top priority and is working diligently to restore services as soon as possible. At present, the root cause has been identified, and efforts are underway to resolve it. We anticipate providing an update with an estimated time for full recovery within the next hour. We will keep you informed of any progress or changes as soon as new information becomes available.",body,type,priority,answer
Tobi-Bueck/customer-support-tickets,customer_support_tickets_tobi,"Sehr geehrtes Kundendienstteam,\n\nich hoffe, diese Nachricht erreicht Sie wohlbehalten. Ich schreibe, um detaillierte Informationen bezüglich der Kompatibilität Ihrer Produkte mit verschiedenen Geräten und Systemen anzufordern. Bevor ich einen Kauf tätige, möchte ich sicherstellen, dass das Produkt reibungslos mit meiner bestehenden Ausstattung funktioniert.\n\nKönnten Sie bitte umfassende Kompatibilitätsdaten bereitstellen, einschließlich unterstützter Betriebssysteme, Hardwareanforderungen und notwendiger Softwaretreiber? Zudem wäre es hilfreich zu erfahren, ob bekannte Einschränkungen oder Probleme bei der Integration des Produkts auf gängigen Plattformen und Geräten bestehen.\n\nVielen Dank im Voraus.",Request,low,"Vielen Dank, dass Sie sich bezüglich der Produktkompatibilität an uns gewandt haben. Um genaue Informationen bereitstellen zu können, bitten wir Sie, das spezifische Produktmodell anzugeben, an dem Sie interessiert sind. Sobald wir die Details haben, senden wir Ihnen eine Liste der unterstützten Betriebssysteme, Hardwareanforderungen, erforderlicher Treiber sowie etwaige bekannte Integrationsbeschränkungen. Wir verweisen zudem auf offizielle Dokumentationen und Support-Ressourcen. Falls mehrere Versionen verfügbar sind, klären wir, welche die breiteste Kompatibilität bieten. Bitte antworten Sie mit dem Produktnamen und der Modellnummer sowie den gewünschten Informationen.",body,type,priority,answer
Tobi-Bueck/customer-support-tickets,customer_support_tickets_tobi,"Dear Customer Support Team,\n\nI am writing to report a persistent problem impacting multiple units within the network. These devices are experiencing sporadic failures that interfere with normal functioning. The symptoms indicate that the cause might be linked to network instability or power fluctuations, which could negatively influence connected systems.\n\nTo attempt resolution, I have already performed initial troubleshooting procedures such as rebooting the devices and inspecting cable connections. Regrettably, these actions did not resolve the issue.",Incident,low,"Thank you for reporting the intermittent malfunctions. To assist further, could you please provide details about the affected device models, your network setup, available error logs, and whether the issues happen at specific times? Once received, we will investigate and advise on the next steps.",body,type,priority,answer
Tobi-Bueck/customer-support-tickets,customer_support_tickets_tobi,"Sehr geehrtes Support-Team,\n\nich wende mich an Sie, um sofortige Unterstützung bei einem Abrechnungsproblem zu erbitten, das mehrere kürzlich automatisierte Verlängerungen von Produktabonnements betrifft. Es scheint, dass die Zahlungen korrekt verarbeitet wurden, allerdings vermute ich, dass Fehlkonfigurationen in den verbundenen Zapier-Workflows, die Zahlungsinformationen automatisch verwalten, die Ursache sein könnten.\n\nTrotz automatischer Verlängerungsversuche wurden die Gebühren erfolgreich auf meinem Konto verbucht. Manuelle Zahlungsversuche führten ebenfalls zu Systemwidersprüchen, die die Verarbeitung beeinträchtigen. Ich benötige Hilfe, um dieses Problem zu beheben, da ich keinen Zugriff auf die betroffenen Abonnements mehr habe.",Incident,high,"Vielen Dank, dass Sie uns wegen dieses dringenden Abrechnungsproblems kontaktiert haben, <name>. Wir verstehen, dass die Situation störend ist, und entschuldigen uns für die Unannehmlichkeiten. Wir werden die Angelegenheit umgehend prüfen. Könnten Sie bitte Ihre E-Mail-Adresse, Kontonummer sowie die Namen der betroffenen Produktabonnements mitteilen? Das hilft uns, Ihr Konto schnell zu finden und die letzten Zahlungsversuche zu überprüfen. Bezüglich der Zapier-Workflows: Haben Sie kürzlich Änderungen an der Integration vorgenommen, die möglicherweise mit den Fehlermeldungen bei der Übertragung der Zahlungsdaten zusammenhängen?",body,type,priority,answer
Tobi-Bueck/customer-support-tickets,customer_support_tickets_tobi,"Dear Customer Support Team,\n\nI am seeking help regarding problems with my device's touchscreen monitor. Recently, the touchscreen's responsiveness has become erratic, making it difficult to navigate apps smoothly. Additionally, the display sometimes flickers or shows distorted colors, which significantly impacts the user experience.\n\nI have already tried basic troubleshooting methods such as restarting the device and adjusting display settings, but the issues continue. I am concerned that the problems might be hardware-related.",Problem,medium,"Thank you for reaching out about your touchscreen display issues. Since you've already attempted basic troubleshooting, the inconsistent responsiveness and flickering could suggest a hardware problem. To assist you further, please provide the device's make and model, along with the operating system version. This information will help us recommend the best course of action. If the issue persists after additional troubleshooting, we can arrange for a repair diagnosis. If you prefer to discuss over the phone, please let us know.",body,type,priority,answer
Tobi-Bueck/customer-support-tickets,customer_support_tickets_tobi,"Dear Customer Support Team,\n\nI am submitting a report regarding an ongoing issue caused by the Agile team that is currently disrupting the availability and performance of the SaaS platform. Since the problem began, we've observed considerable disturbances that affect operations and user experience. We urgently need assistance to identify the underlying cause and implement a solution as swiftly as possible. Please update us on the incident's status and provide estimated timelines for resolution. Additionally, kindly suggest temporary measures to reduce the impact in the meantime.",Incident,low,"Thank you for bringing this to our attention. We recognize the urgency of the incident affecting the SaaS platform's performance and apologize for the inconvenience caused. Our technical team is actively investigating the root cause involving the Agile team and is working to restore normal service as quickly as possible. At present, we cannot specify an exact timeline for resolution but will keep you informed with regular updates on our progress. Meanwhile, if you notice any specific error messages or patterns related to the performance issues, please share those details with us.",body,type,priority,answer
Tobi-Bueck/customer-support-tickets,customer_support_tickets_tobi,"Dear Customer Support Team,\n\nI'm facing a major issue with several devices connected to the network. They suddenly stopped responding to remote commands, and the local network connection has become unreliable. I initially thought it was a temporary glitch and rebooted the devices, but the issues continue.\n\nBased on my observations, the problem could be related to a failure in the network switch or firmware conflicts affecting the devices connected to the switch. I checked all physical connections, and they seem secure, so loose cables are unlikely the cause.",Incident,high,"Thank you for providing detailed information. To assist you further, could you please specify the model of the network switch involved? Additionally, if possible, kindly send us error logs or diagnostics from the network devices and switch. This information will help us determine the underlying cause and suggest the most suitable solution. Let us know if you need guidance on collecting this data.",body,type,priority,answer
Tobi-Bueck/customer-support-tickets,customer_support_tickets_tobi,"Dear Customer Support Team,\n\nWe are currently facing a major outage of platform services within the live environment. This problem is disrupting operations and causing delays. We urgently seek your prompt help to identify the underlying cause and restore full service as soon as possible. Kindly keep us informed with regular updates on the progress toward resolution. Your swift response to this matter is greatly appreciated.\n\nThank you for your support.\n\nBest regards,\n[Your Name]",Incident,high,"Thank you for informing us about the disruption in the live environment. We recognize the urgency and are prioritizing this issue. To assist effectively, could you please share specific details such as error messages, symptoms observed, affected services or modules, and approximately when the problem started? Once we have this information, we will investigate immediately and keep you updated on our progress. We appreciate your patience as we work to resolve this as quickly as possible.",body,type,priority,answer
Tobi-Bueck/customer-support-tickets,customer_support_tickets_tobi,"Dear Customer Support Team,\n\nI am reaching out to highlight a critical issue currently impacting various sections of our organization. We are experiencing extensive device connectivity disruptions that are significantly hampering our daily functions. This problem is not confined to a single location; multiple departments have reported similar issues, indicating a possible systemic problem rather than isolated faults.\n\nThe connectivity challenges are causing major disturbances, including communication delays, workflow interruptions, and difficulties in accessing vital resources.",Problem,high,"Thank you for reaching out regarding the widespread connectivity disruptions affecting several departments. To assist you effectively, please provide details of specific error messages users are receiving, the types of devices involved, and whether wired or wireless connections are impacted. If possible, share your network topology and any recent modifications to your environment. With this information, we can escalate the case and recommend immediate steps to mitigate the issue.",body,type,priority,answer
Tobi-Bueck/customer-support-tickets,customer_support_tickets_tobi,"Dear Customer Support Team,\n\nI hope this message reaches you well. I am writing to bring to your attention an issue I encountered with my recent request for a return and exchange. I understand that the process can sometimes be complicated, but I am experiencing delays that have caused significant inconvenience.\n\nFor context, I returned an item purchased from your store two weeks ago. According to your policy, refunds and exchanges are typically completed within 7 to 10 business days.",Incident,low,"Thank you for reaching out, <name>. We apologize for the delays and the lack of updates regarding your return and exchange. To assist you quickly, could you please provide your order number and details of the item? Once received, we will promptly check the status of your return and inform you of the next steps.",body,type,priority,answer
Tobi-Bueck/customer-support-tickets,customer_support_tickets_tobi,"Dear Customer Support Team,\n\nI hope this message reaches you well. I am urgently seeking assistance due to ongoing Wi-Fi connectivity problems with my mesh network system. Despite carefully following the installation guidelines, my connection often drops, and the signal strength varies significantly between different nodes.\n\nThese disruptions are severely affecting my ability to work from home and perform daily online tasks. I have attempted to restart the mesh device multiple times.",Problem,high,"Thank you for contacting us regarding your Wi-Fi mesh network troubles. To better assist you, please provide the specific model of your mesh system, a brief floor plan of your residence, and details of any recent environmental changes such as new electronic devices or thick walls. Additionally, inform us if you notice connection drops at particular times or in specific areas. If possible, please share any diagnostic logs you have collected. This information will help us diagnose the issue more effectively.",body,type,priority,answer
Tobi-Bueck/customer-support-tickets,customer_support_tickets_tobi,"Dear Customer Support Team,\n\nI hope this message reaches you well. I am writing to urgently request help with ongoing Wi-Fi connectivity problems with my mesh network setup. Despite carefully following the installation guidelines, I experience frequent disconnections, and the signal strength varies greatly between nodes.\n\nThese disruptions are significantly affecting my ability to work remotely and perform daily online tasks. I have attempted multiple restarts of the mesh system, but the issues persist.",Problem,high,"Thank you for reaching out regarding your Wi-Fi mesh network concerns. To assist you more effectively, could you please provide the specific model of your mesh system, a brief floor plan of your home, and details of any recent changes to your environment such as new electronic devices or thick walls? Also, inform us if you notice disconnections at particular times or in specific locations. If possible, please share any diagnostic logs you have. This information will be very helpful.",body,type,priority,answer
Tobi-Bueck/customer-support-tickets,customer_support_tickets_tobi,"Dear Customer Support Team,\n\nI am writing to report a recurring problem I have been experiencing with Google Keep recently. My notes are no longer syncing seamlessly across my devices, which causes considerable difficulty in managing my important tasks and information.\n\nThis issue began a few days ago; I noticed that updates made on one device are not appearing on others. I use multiple devices including a smartphone, tablet, and laptop, but none show the latest changes to my notes. This disruption is quite inconvenient.",Incident,medium,"Thank you for reaching out regarding the Google Keep sync problem. We understand how crucial it is for notes to stay synchronized across your devices. Since you've already attempted to restart your devices, reinstall the application, and verify Wi-Fi permissions, the next steps involve ensuring you're logged into your Google account on all devices and that your device operating systems are up to date. Please also check for any pending updates for Google Services and the Google Keep app in your app store. If the synchronization issue persists after these steps, please let us know so we can assist further.",body,type,priority,answer
Tobi-Bueck/customer-support-tickets,customer_support_tickets_tobi,"Dear Customer Support,\n\nI am seeking comprehensive documentation on the architecture of the SaaS platform. I am particularly keen on understanding how microservices are integrated, the CI/CD workflows, and how Agile teams coordinate development, testing, and DevOps activities, especially in relation to tenant segregation. This information is vital for our team to better synchronize our processes and facilitate effective collaboration.\n\nCould you kindly provide the relevant documentation or direct me to suitable resources?\n\nThank you for your assistance.\n\nBest regards,\n[Your Name]",Request,medium,"Thank you for your inquiry about the SaaS platform documentation. We appreciate your interest in understanding the architecture, microservices integration, CI/CD pipelines, and the coordination among Agile teams, especially concerning tenant segregation. To assist you effectively, could you please specify whether you require high-level overview documents or detailed technical guides? If you prefer, we can direct you to the appropriate online resources or provide relevant documentation directly. Please let us know your specific questions or preferences.",body,type,priority,answer
Tobi-Bueck/customer-support-tickets,customer_support_tickets_tobi,"Dear Customer Support Team,\n\nI am experiencing significant difficulties with several connected devices on my network. These devices suddenly stop responding to remote commands, and the local network connection has become unstable. Initially, I suspected a temporary glitch and restarted the devices; however, the issues persist.\n\nBased on my observations, the network switch failures might be related to firmware conflicts affecting the devices connected through the switch. I have checked the physical connections, which appear secure, ruling out loose cables. Nonetheless, the inconsistent network connectivity suggests an underlying problem.",Incident,high,"Thank you for providing detailed information. To assist you further, could you please specify the model of the network switches involved with the affected devices? Additionally, if possible, send the error logs or network diagnostics from the switches. This information will help us identify the root cause and recommend an appropriate solution. Please let us know if you need guidance on gathering these data.",body,type,priority,answer
Tobi-Bueck/customer-support-tickets,customer_support_tickets_tobi,"Dear Customer Support,\n\nI'm facing difficulties when trying to access my Windows 10 Pro device. Each login attempt results in the system either hanging or displaying an error message that blocks access. I've rebooted several times and checked that my keyboard functions correctly, but the issue continues. This problem is significantly affecting my work since I can't open files or use applications. Could you please help me resolve this login issue as soon as possible? Here are some troubleshooting steps I've taken.",Incident,medium,"Thank you for reaching out regarding your login trouble with your Windows 10 Pro device. To assist you better, could you specify the exact error message you see during login? Additionally, do you log in using a local account or a Microsoft account? If possible, try booting your computer in Safe Mode by repeatedly pressing F8 during startup. Please let us know if this allows you to log in. If not, kindly provide us with recent error details or screenshots to further diagnose the issue.",body,type,priority,answer
Tobi-Bueck/customer-support-tickets,customer_support_tickets_tobi,"Dear Customer Support Team,\n\nI hope this message reaches you well. I am reaching out to request clarification about the recent fees listed on my billing statement. After examining my latest invoice, I found some entries that I do not fully understand and would greatly appreciate detailed explanations of these items.\n\nIn particular, there appear to be unexpected charges and payment adjustments that do not match previous communications or agreements. I want to confirm that my account has been billed accurately and fairly for the services provided.",Request,medium,"Thank you for reaching out regarding your recent billing charges. To assist you further, kindly provide your account number and the invoice number from the latest statement. This will allow us to review the charges and address any questions you may have about payment methods and billing policies.",body,type,priority,answer
Tobi-Bueck/customer-support-tickets,customer_support_tickets_tobi,"Customer Support Team,\n\nWhile performing standard surveillance in the Security Operations Center (SOC), atypical network behavior was observed within the EMR/PACS integrated platforms. This irregularity could suggest a possible breach attempt, requiring prompt examination. As part of the initial assessment, an alert review was carried out, and internal investigative steps have begun to determine the underlying cause and the extent of the activity.\n\nWe kindly ask for your help in analyzing the situation, confirming system stability, and implementing necessary measures.",Incident,medium,"We appreciate the notification about atypical network activity in the EMR/PACS systems. Kindly share recent system logs, incident times, and details of affected users or devices to facilitate the investigation. Please treat this issue as a priority and work closely with our team to maintain data security.",body,type,priority,answer
Tobi-Bueck/customer-support-tickets,customer_support_tickets_tobi,"Dear Customer Support Team,\n\nI am writing to urgently seek immediate help due to ongoing service interruptions that are severely affecting essential healthcare infrastructure. These disruptions are impacting multiple crucial systems, such as medical device integration, telemedicine services, and compliance monitoring tools. The outages are creating serious difficulties in maintaining secure operations and providing vital patient care.\n\nThe services reliant on medical devices are essential for patient monitoring and treatment.",Change,high,"Thank you for reaching out to us and bringing the urgent service disruption affecting healthcare operations to our attention. We sincerely apologize for the inconvenience and fully recognize the critical importance of the impacted systems. Our technical team has been notified and is actively investigating the root cause as a top priority. To assist us further, could you please share specific error messages, screenshots, or details about the affected devices? This information will help us expedite the resolution process. We will keep you informed of our progress until full resolution is achieved.",body,type,priority,answer
Tobi-Bueck/customer-support-tickets,customer_support_tickets_tobi,"Dear Customer Support,\n\nI am reaching out to request help with problems faced by our large-scale data analysis platform. Recently, the system has been experiencing frequent delays and occasional failures in data processing tasks, which significantly disrupts our analytics operations. Despite efforts to optimize queries and modify resource distribution, the issues continue.\n\nCould you please assist us in pinpointing the underlying cause of these performance problems? Moreover, any recommended configuration adjustments or best practices that could improve system stability would be appreciated.",Problem,low,"Thank you for reaching out regarding the performance challenges of your big data analytics platform. To assist in diagnosing the root causes of the slowdowns and failures, could you please share additional details? Specifically, we need recent system logs covering the periods of slowdown and failure, any specific error messages you've encountered, as well as information about your system environment, including cluster size, software version, and current resource allocations. This information will enable us to conduct a more targeted investigation and provide appropriate solutions.",body,type,priority,answer
Tobi-Bueck/customer-support-tickets,customer_support_tickets_tobi,"Sehr geehrtes Support-Team,\n\nich möchte formell die Umsetzung umfassender Sicherheits- und Compliance-Änderungen für integrierte Gesundheitssysteme beantragen. Dazu zählen die Infrastrukturkomponenten Elektronische Patientenakten (EPA), Bildarchivierungs- und Kommunikationssysteme (PACS), Telemedizin-Plattformen sowie IoT-Medizinprodukte und verwandte unterstützende Technologien. Der Schutz sensibler Patientendaten hat oberste Priorität, weshalb die Systeme an die höchsten regulatorischen Standards angepasst werden müssen.\n\nBesonders streben wir eine kontinuierliche Einhaltung der Rahmenwerke HIPAA, GDPR sowie ISO 27001 an. Dies umfasst verbesserte Verschlüsselungsverfahren, Zugriffskontrollen und weitere Sicherheitsmaßnahmen.",Change,low,"Vielen Dank für die ausführliche Anfrage bezüglich der Sicherheits- und Compliance-Optimierungen für Gesundheitssysteme, inklusive EPA, PACS, Telemedizin-Plattformen und IoT-Medizinprodukte. Um voranzukommen, empfehlen wir, eine umfassende Sicherheits- und Compliance-Bewertung durchzuführen, um die bestehende Infrastruktur auf potenzielle Lücken im Hinblick auf die Standards HIPAA, GDPR und ISO 27001 zu prüfen. Anhand der Ergebnisse dieser Bewertung können wir einen maßgeschneiderten Implementierungsplan vorschlagen, der Verbesserungen bei der Verschlüsselung, Zugriffskontrollen, Protokollierung und Audits sowie eine Strategie für das Risikomanagement und die kontinuierliche Überwachung umfasst. Bitte teilen Sie uns die wichtigsten Ansprechpartner mit.",body,type,priority,answer
Tobi-Bueck/customer-support-tickets,customer_support_tickets_tobi,"Dear Support Team,\n\nI am reaching out to highlight a critical problem we've encountered with the Cloud SaaS platform. Over the past few days, we've faced sporadic service interruptions and significant drops in performance, which are severely disrupting our daily activities. Due to the gravity of this issue, we need an immediate and comprehensive investigation to determine the root cause and implement a fix as soon as possible.\n\nOur internal monitoring tools have flagged unusual latency periods and occasional timeouts when accessing essential functions.",Problem,high,"Thanks for reporting these issues, <name>. We are prioritizing an urgent investigation into the Cloud SaaS platform and will update you shortly. Please share specific error messages, the exact times when incidents occurred, and affected user email addresses to help us expedite the resolution process.",body,type,priority,answer
Tobi-Bueck/customer-support-tickets,customer_support_tickets_tobi,"Dear Customer Support Team,\n\nI am submitting a report regarding a significant problem affecting several key devices and essential software within our network. Multiple systems have simultaneously lost their connection, prompting us to suspect a central network failure. We have already tried basic troubleshooting methods, such as restarting hardware and resetting network settings, but the issue persists.\n\nThis problem is critically disrupting our operations, and we urgently need assistance to identify the underlying cause and restore normal function.",Incident,high,"We appreciate you notifying us about this urgent network disruption affecting your operations. To assist you better, please provide details about the type of network hardware in use, any recent configuration modifications, error messages encountered, and whether specific locations or areas are impacted. Also, confirm if core network devices like routers, switches, or firewalls are displaying warning lights or errors. If possible, immediate verbal support is preferred; let us know how we can assist further.",body,type,priority,answer
Tobi-Bueck/customer-support-tickets,customer_support_tickets_tobi,"Dear Customer Support Team,\n\nI hope this message reaches you well. I am writing to report a significant issue observed across multiple cross-functional Agile teams using the SaaS platform. Over the past few days, I have noticed sporadic outages that are disrupting the platform, greatly hindering our ability to deliver continuous service to users.\n\nThe primary cause seems connected to the Kubernetes orchestration within our infrastructure. Specifically, the platform's microservices, which are managed through Kubernetes, are experiencing unexpected downtime.",Incident,medium,"Thank you for reaching out and providing a detailed account of the ongoing platform disruptions experienced by your teams. We understand the importance of maintaining uninterrupted access to our SaaS platform and take this matter very seriously. To assist our Kubernetes specialists in the investigation, could you please share the following details: specific time periods when outages occurred, any error messages or patterns observed, relevant logs during the downtime, and information about recent deployment changes or updates made to the Kubernetes clusters? This information will be very helpful in our efforts to resolve the issue.",body,type,priority,answer
Tobi-Bueck/customer-support-tickets,customer_support_tickets_tobi,"Dear Customer Support,\n\nI am reaching out to request a detailed statement of billing payments for my recent acquisitions of hardware and software, including peripheral devices and computers. These items are intended for healthcare procurement, and I require a full invoice breakdown to ensure proper accounting and compliance with internal procedures. Moreover, please include the payment instructions and any applicable terms and conditions associated with these purchases. Your prompt assistance would be highly valued to facilitate swift processing.\n\nThank you.",Request,high,"Thank you for reaching out regarding billing and payment details. Please provide a detailed invoice for your recent hardware, software, and peripheral purchases, including the order number and associated account information. Once received, we will send a comprehensive invoice with itemized costs and payment instructions. Kindly also specify any relevant terms and conditions related to these transactions. Please respond with the necessary order and account details to help us expedite your healthcare procurement process.",body,type,priority,answer
Tobi-Bueck/customer-support-tickets,customer_support_tickets_tobi,"Dear Customer Support Team,\n\nI hope this message reaches you well. I am formally requesting modifications related to access, configuration, and integration of network security devices used by the company. These changes are essential to support deployment operations involving advanced analytics, real-time modeling, and rule-based investment workflows specifically designed for financial activities.\n\nOur existing infrastructure offers fundamental security measures, but as financial analytics capabilities have advanced, there is a need to strengthen our network security.",Change,high,"Thank you for your detailed request concerning upgraded network security access, configuration modifications, and integration features. To proceed, please provide specific information about the devices and platforms involved, including the names of the systems and the roles of team members requiring additional permissions. Kindly also share any relevant internal approval documentation supporting this request. This information will help us review the requirements, assess potential risks, and verify compliance steps to ensure all changes adhere to security standards.",body,type,priority,answer
Tobi-Bueck/customer-support-tickets,customer_support_tickets_tobi,"Dear Support Team, we are currently facing an issue with our cloud-native SaaS environment. Kindly look into this matter and resolve it as soon as possible. We appreciate your prompt response.",Problem,high,"Thank you for reaching out regarding the cloud-native SaaS platform incident. To assist you swiftly, could you please share additional details about the problem you're encountering, including any error messages, the features affected, and when the issue first started? This information will help us diagnose and address the issue more effectively. Since the outage is affecting multiple users and disrupting business activities, please specify the urgency level so we can prioritize accordingly. If you prefer to discuss over the phone, let us know.",body,type,priority,answer
Tobi-Bueck/customer-support-tickets,customer_support_tickets_tobi,"Sehr geehrtes Support-Team,\n\nich möchte Ihre Aufmerksamkeit auf ein kritisches Problem lenken, das derzeit mehrere Abteilungen innerhalb unserer Organisation betrifft. Es treten weitverbreitete Verbindungsstörungen bei Geräten auf, die den täglichen Betrieb erheblich beeinträchtigen. Das Problem ist nicht auf einen einzelnen Bereich beschränkt; vielmehr wurden mehrere Abteilungen darüber informiert, was auf ein systemweites Problem oder lokale Fehler hindeutet.\n\nDiese Verbindungsprobleme führen zu erheblichen Störungen, darunter Kommunikationsverzögerungen, Arbeitsunterbrechungen und Schwierigkeiten beim Zugriff auf wichtige Netzwerkressourcen.",Problem,high,"Vielen Dank für die Meldung der weitreichenden Verbindungsprobleme, die mehrere Abteilungen betreffen. Um eine effektive Unterstützung zu gewährleisten, bitten wir Sie, spezifische Details zu den auftretenden Fehlermeldungen bereitzustellen, die Nutzer erhalten, sowie Informationen zu den betroffenen Geräten und den verwendeten Verbindungsarten (kabelgebunden oder drahtlos). Falls möglich, teilen Sie bitte auch eine Übersicht der kürzlich durchgeführten Änderungen an der Netzwerkinfrastruktur mit. Sobald wir diese Informationen vorliegen haben, werden wir den Fall weiter eskalieren und Ratschläge zu Sofortmaßnahmen geben, um die Auswirkungen zu minimieren.",body,type,priority,answer
Tobi-Bueck/customer-support-tickets,customer_support_tickets_tobi,"Dear Customer Support Team,\n\nI hope this message finds you well. I am reaching out to request detailed information about the process involved in exchanging a recently purchased item. I would like to understand the individual steps, any necessary documentation, and the estimated timeframe for completing the exchange. Additionally, it would be helpful to know if there are specific conditions or restrictions within the exchange policy that apply.\n\nCould you please clarify whether there are shipping costs associated with returning the original packaging? I want to ensure I follow the correct procedures to avoid any delays.\n\nThank you very much for your assistance.",Request,medium,"Thank you for contacting us regarding the product exchange. To proceed, please provide your order number and the reason for the exchange. Typically, items must be returned in their original packaging along with any accessories. An original receipt may be required. Shipping costs depend on the reason for the exchange; we will confirm this once we have the details. The exchange process generally takes 7-10 business days. Please share your order number so we can offer more specific instructions.",body,type,priority,answer
Tobi-Bueck/customer-support-tickets,customer_support_tickets_tobi,"Sehr geehrter Kundendienst,\n\nich habe Schwierigkeiten, mehrere intelligente Geräte auf verschiedenen Softwareplattformen und Abteilungen hinweg ordnungsgemäß zu synchronisieren. Das Problem scheint auf Integrationsprobleme zwischen den verschiedenen Anwendungen und IoT-Produkten zurückzuführen zu sein, die ich verwende. Trotz der üblichen Troubleshooting-Schritte, wie Neustart der Geräte und Aktualisierung der Firmware auf die neueste Softwareversion, besteht das Problem weiterhin. Ich bitte um Unterstützung bei der Diagnose und Behebung der Synchronisationsprobleme. Eine reibungslose Datenintegration über die Plattformen hinweg ist äußerst wichtig. Könnten Sie mir bitte Anweisungen geben, wie wir das Problem lösen können?",Problem,high,"Vielen Dank, dass Sie sich wegen der Synchronisationsprobleme Ihrer Smart-Geräte und Softwareplattformen an uns wenden. Um das Problem zu analysieren, teilen Sie uns bitte mit, welche Geräte, Apps und Plattformen betroffen sind, und beschreiben Sie die genauen Integrationsprobleme. Bitte geben Sie auch an, ob kürzlich Änderungen an Ihrem Netzwerk oder den Systemeinstellungen vorgenommen wurden. Diese Informationen helfen uns, gezielte Maßnahmen zur Fehlerbehebung vorzuschlagen oder das Problem an unsere technischen Experten weiterzuleiten. Eine schnelle Rückmeldung ermöglicht es uns, das Problem so rasch wie möglich zu beheben.",body,type,priority,answer
Tobi-Bueck/customer-support-tickets,customer_support_tickets_tobi,"Customer Support,\n\nI am writing to report various problems with my devices related to connectivity and hardware issues. Recently, I have experienced challenges in connecting multiple devices at once, which has severely affected my productivity. Moreover, some hardware parts seem to malfunction sporadically, leading to unexpected shutdowns and reduced performance.\n\nI have already attempted troubleshooting by restarting the devices, checking for software updates, and verifying network connections, but the problems continue. These issues remain unresolved.",Problem,low,"Thank you for reaching out to us. To assist you effectively, please provide details about your device models, operating systems, and any error messages. If you prefer a remote session, let us know your availability for a call.",body,type,priority,answer
Tobi-Bueck/customer-support-tickets,customer_support_tickets_tobi,"Sehr geehrter Kundenservice,\n\nich kontaktiere Sie wegen eines Problems mit meinem Ethernet-Adapter, der in letzter Zeit nur sporadisch funktioniert. Trotz mehrfacher Versuche, das Problem zu beheben, ist es bisher nicht gelungen, eine stabile Verbindung aufzubauen. Der Adapter stellt eine Verbindung zum Netzwerk her, doch es kommt häufig zu Verbindungsabbrüchen, wodurch kein Internetzugang möglich ist, was auf ein Kabelverbindungsproblem hindeutet.\n\nIch habe den Computer neu gestartet, die Kabelverbindungen geprüft und sogar ein anderes Ethernet-Kabel verwendet, um einen Hardwarefehler auszuschließen. Das Problem besteht jedoch weiterhin. Im Geräte-Manager ist der Ethernet-Adapter aktiv, und es scheint, als würde er eine IP-Adresse erhalten.",Incident,medium,"Vielen Dank, dass Sie uns wegen des Ethernet-Adapters kontaktiert haben. Sie haben bereits verschiedene Kabel getestet und bestätigt, dass der Adapter aktiviert ist. Bitte führen Sie die Windows-Netzwerk-Fehlerbehebung durch (sofern Sie Windows verwenden) und aktualisieren Sie die Treiber des Ethernet-Adapters. Überprüfen Sie außerdem, ob die Verbindung zum Router hergestellt werden kann, um mögliche Probleme auf Routerseite auszuschließen. Falls der Adapter weiterhin eine IP-Adresse erhält, teilen Sie uns bitte Ihre Betriebssystemversion, das Modell des Adapters und weitere relevante Details mit, damit wir Ihnen weiterhelfen können. Für eine Fernwartung stehen wir ebenfalls zur Verfügung.",body,type,priority,answer
Tobi-Bueck/customer-support-tickets,customer_support_tickets_tobi,"Sehr geehrtes Support-Team,\n\nich hoffe, diese Nachricht erreicht Sie wohl. Ich bin derzeit an einem Projekt beteiligt, das die Integration von Python-basierten Machine-Learning-Modellen in bestehende Big-Data-Seen umfasst, um automatisierte Rebalancing-Engines zu implementieren. Das Ziel ist es, Echtzeit-Analysemöglichkeiten zu schaffen, um Anlagestrategien zu verbessern und die Entscheidungsfindung durch optimierte Leistung zu unterstützen.\n\nAufgrund der Komplexität der Integration suche ich Rat zu bewährten Praktiken, empfohlenen Werkzeugen und Frameworks sowie Plattformen, die eine nahtlose Kommunikation zwischen Python-ML-Modellen und umfangreichen Datenspeicherungssystemen gewährleisten. Besonders möchte ich verstehen, wie Python-Workflows effizient gestaltet werden können.",Request,high,"Vielen Dank für Ihre Anfrage. Könnten Sie bitte mitteilen, ob Sie eine Big-Data-Rebalancing-Engine verwenden? Dies hilft uns, spezifische Werkzeuge, Integrationsframeworks und Beispielressourcen für Ihre Umgebung bereitzustellen.",body,type,priority,answer
Tobi-Bueck/customer-support-tickets,customer_support_tickets_tobi,"Dear Support Team,\n\nI am submitting a report regarding a significant disruption in the Wi-Fi service that is currently impacting several employees in the office. This outage has resulted in the loss of wireless access on multiple devices, greatly hindering our ability to manage accounts and oversee ongoing campaigns efficiently.\n\nThe problem started unexpectedly, with no prior notice through scheduled maintenance alerts. I suspect the issue might be due to a faulty network adapter or ongoing maintenance work.",Incident,high,"Thank you for reporting the internet connectivity issue, <name>. At this time, there are known outages related to maintenance activities in the area. Could you please specify if the problem affects the 2.4GHz or 5GHz networks, and whether wired connections are also impacted? This will help us identify the root cause. Additionally, please provide your office address and preferred contact number for further assistance if needed.",body,type,priority,answer
Tobi-Bueck/customer-support-tickets,customer_support_tickets_tobi,"Dear Customer Support Team,\n\nI am seeking comprehensive details regarding the methods for integrating the Microsoft Office 2021 SaaS platform within an Agile team framework. I am particularly interested in understanding how to maintain strong security measures to ensure tenant separation. Additionally, insights on effectively integrating CI/CD deployment pipelines in this context would be highly valuable. My objective is to enhance collaboration and streamline processes without risking the security of tenant data.",Request,low,"Thank you for your inquiry, <name>. We recommend implementing OAuth 2.0 for secure authentication, applying role-based access control (RBAC) to maintain tenant separation, and utilizing containerized deployments within your CI/CD pipelines. Please specify your particular use case, integration points, and endpoints so we can provide customized documentation with detailed step-by-step instructions suitable for your Agile team.",body,type,priority,answer
Tobi-Bueck/customer-support-tickets,customer_support_tickets_tobi,"Das Ubuntu 20.04 LTS-System erfährt mehrere Unterbrechungen bei Hardwarekomponenten, was den Betrieb von EMR/PACS und Telemedizin beeinträchtigt. Vermutete Ursachen sind Sicherheitsvorfälle, Netzwerkprobleme oder Hardwaredefekte. Das SOC- und DevSecOps-Team hat erste Diagnoseversuche unternommen, jedoch ohne Erfolg. Dringende Unterstützung ist erforderlich, um das Problem zu lösen.",Incident,medium,"Vielen Dank, dass Sie uns wegen der dringenden Hardware-Service-Unterbrechungen kontaktiert haben, die das Ubuntu 20.04 LTS-System betreffen und kritische Funktionen beeinflussen. Wir verstehen, wie sich dies auf EMR/PACS- und Telemedizin-Dienste auswirkt. Um schnell helfen zu können, bitten wir Sie, uns weitere Informationen zu den betroffenen Hardwarekomponenten sowie etwaigen Fehler- oder Systemprotokollen und den beobachteten Unterbrechungen zu senden. Bitte teilen Sie uns außerdem mit, ob kürzlich Änderungen am System oder Netzwerk vorgenommen wurden. Für eine sofortige Fehlerbehebung stehen wir auch telefonisch zur Verfügung.",body,type,priority,answer
Tobi-Bueck/customer-support-tickets,customer_support_tickets_tobi,"Dear Customer Support Team,\n\nI am reaching out to request further details about the Account Management Center, especially its integration features with enterprise devices and Microsoft software. Our organization aims to optimize marketing workflows and enhance project management across departments. I am interested in understanding how the platform's integration capabilities can boost collaboration and efficiency. Specific information on supported Microsoft applications, device compatibility, and automation functionalities would be particularly valuable. Additionally, any insights into these aspects would be appreciated.",Request,medium,"Thank you for your inquiry about the Account Management Center. The platform integrates smoothly with Microsoft applications such as Outlook, Teams, and SharePoint, and supports a broad spectrum of business devices including Windows and Mac systems. It provides automation features like onboarding, permission management, and reporting to facilitate cross-department collaboration. The system ensures strong security through role-based access controls, multi-factor authentication, and data encryption. Should you require detailed technical specifications, please let us know.",body,type,priority,answer
Tobi-Bueck/customer-support-tickets,customer_support_tickets_tobi,Could you please provide more details about the marketing services offered?,Request,medium,"Thank you for your inquiry about our marketing services. We offer a range of solutions including digital marketing, social media management, SEO optimization, and content creation, all designed to effectively reach your target audience and promote your business. If you have specific objectives or areas of interest, please let us know so we can provide tailored recommendations. If you prefer to discuss the services over the phone, kindly specify a convenient time for a call.",body,type,priority,answer
Tobi-Bueck/customer-support-tickets,customer_support_tickets_tobi,"Dear Customer Support Team,\n\nI am reaching out to request comprehensive documentation concerning the compliance standards for the Smart-Security Camera IoT devices, particularly focusing on key security and privacy protocols. I am especially interested in understanding how these devices meet the requirements of HIPAA, GDPR, and ISO 27001. This information is vital for evaluating their compatibility with healthcare systems and ensuring secure remote monitoring capabilities.\n\nCould you please provide detailed information on the measures and protocols your products employ to meet these standards? This should include relevant documentation or certifications.",Request,low,"Thank you for your inquiry regarding the certification documentation for the Smart-Security Camera IoT devices. I can confirm that our products comply with GDPR and ISO 27001 standards and incorporate advanced data protection features, such as end-to-end encryption and secure access controls. Currently, the devices are HIPAA compliant, with strict risk management, incident response, and auditing procedures in place. If you require official documentation or copies of certifications and technical specifications, please specify the exact documents you need so we can assist accordingly.",body,type,priority,answer
Tobi-Bueck/customer-support-tickets,customer_support_tickets_tobi,"Dear Customer Support Team,\n\nI am reaching out to report a critical incident that has affected several smart devices in health office environments. Recently, there was a system-wide outage that impacted multiple app-controlled devices, disrupting normal operations and raising concerns about data integrity and security.\n\nInitial investigations suggest that the issue may be linked to errors from recent software updates or potential unauthorized access to the system. We have already taken preliminary troubleshooting steps, including",Incident,high,"Thank you for contacting us regarding the critical incident affecting your smart devices. We understand the urgency and importance of restoring normal operations in health office settings. To assist you effectively, we need additional information to determine the cause.\n\nCould you please provide the following details: specific models and firmware versions of the affected devices, an approximate count of impacted units, and a brief timeline of when the issues began? Additionally, please include any recent updates or changes made prior to the incident.",body,type,priority,answer
Tobi-Bueck/customer-support-tickets,customer_support_tickets_tobi,"Dear Customer Support Team,\n\nI hope this message finds you well. I am reaching out to request help with ongoing connection problems I am facing while setting up the Microsoft Word VPN router. Over the past few days, I have experienced major obstacles that have prevented me from working efficiently, leading to significant inconvenience.\n\nSpecifically, when trying to save documents directly to a network location through Microsoft Word connected via VPN, the application either becomes unresponsive or displays error messages related to the network.",Incident,high,"Thank you for reaching out regarding the connection problems you're experiencing with the Microsoft Word VPN router setup. We understand how disruptive this can be and appreciate the steps you've already taken to troubleshoot the issue.\n\nBased on your description, it appears that the problem may be connected to network drives accessed through VPN mapping. Occasionally, Microsoft Word has difficulty communicating with network locations via UNC paths, especially if authentication with the VPN tunnel isn't functioning properly. To assist you further, could you please provide additional details?",body,type,priority,answer
Tobi-Bueck/customer-support-tickets,customer_support_tickets_tobi,"Dear Customer Support Team,\n\nI urgently seek immediate help due to ongoing service interruptions that are severely affecting vital healthcare infrastructure. These disruptions are impacting multiple essential systems, including medical device integration, telehealth platforms, and compliance monitoring tools. The outages are creating substantial difficulties in maintaining secure operations and delivering crucial patient care.\n\nThe dependent medical devices are essential for patient monitoring and treatment.",Change,high,"Thank you for reaching out to us and bringing the urgent service outage impacting healthcare functions to our attention. We sincerely apologize for the disruption and fully understand the critical importance of the affected systems. Our technical team has been notified and is actively investigating the underlying cause as a top priority. To assist us further, please provide specific error messages, screenshots, and details of the affected devices. This information will help us expedite the resolution. We will keep you updated on our progress.",body,type,priority,answer
Tobi-Bueck/customer-support-tickets,customer_support_tickets_tobi,"Dear Customer Support Team,\n\nI am reaching out to report a critical problem with the Centralized Account Management System. Over the past several hours, the system has been entirely unreachable, greatly hindering our ability to administer user accounts, execute vital administrative functions, and ensure smooth operations across our services.\n\nThis outage is causing major workflow interruptions, preventing us from updating account information, resetting passwords, and synchronizing user data across platforms.",Incident,high,"We appreciate you bringing this matter to our notice. We recognize the urgency of the Centralized Account Management System outage and its effect on your operations. Our technical team is actively working to diagnose and resolve the issue promptly. While we do not have a confirmed timeline for full restoration yet, addressing this as a top priority remains our focus, and we will provide updates as soon as more information is available. Meanwhile, could you please specify which users or accounts are affected? Any recent error logs or messages you can share will aid our investigation. Thank you.",body,type,priority,answer
Tobi-Bueck/customer-support-tickets,customer_support_tickets_tobi,"Dear Support Team,\n\nI am reaching out to request help with ongoing problems related to the connection of my RAID controller device. Over the past several weeks, I have observed sporadic failures in device recognition and frequent disconnections, which significantly impair system performance and compromise data integrity.\n\nThe RAID controller occasionally loses communication with the connected drives, leading to degraded RAID configurations and occasional system crashes. I have already performed basic troubleshooting, such as inspecting cables.",Incident,medium,"We appreciate you contacting us regarding your RAID controller concerns. To assist you more effectively, please provide the model number of your RAID controller, its current firmware version, and details about your operating system. If possible, also share relevant system logs. This information will enable us to recommend precise diagnostic tools, suitable drivers, and known solutions for your setup.",body,type,priority,answer
Tobi-Bueck/customer-support-tickets,customer_support_tickets_tobi,"Dear Customer Support Team,\n\nI wish to report a critical service outage affecting medical systems, particularly EMR/PACS integrations and telemedicine platforms. The unexpected disruption has caused significant interruptions in the use of vital healthcare applications, impacting patient care and operational efficiency.\n\nInitial information indicates that the cause of the disruption is related to network infrastructure issues. We understand that the SOC Incident Response Team has already begun monitoring and diagnostic procedures to quickly identify and resolve the problem.\n\nWe appreciate your prompt updates on the incident status and the estimated time for resolution.",Incident,medium,"Thank you for bringing the critical service outage to our attention. We recognize the urgency due to the impact on EMR/PACS integrations and telemedicine platforms. The SOC Incident Response Team is currently investigating the cause, which appears to be linked to network infrastructure disturbances. Diagnostics are underway with the goal of restoring services as swiftly as possible. While an exact estimated time for resolution is not available yet, efforts to resolve the issue are ongoing. In the meantime, we recommend minimizing all non-essential network activities to ensure user access remains stable.",body,type,priority,answer
Tobi-Bueck/customer-support-tickets,customer_support_tickets_tobi,"Dear Customer Support Team,\n\nI hope this message reaches you well. I am writing to report persistent issues with the Wi-Fi connection at our office. Over the past few days, the internet has been unreliable, with frequent disconnections and slow speeds, which has greatly affected our daily activities.\n\nOur office depends heavily on a stable internet connection for communication, accessing cloud services, and virtual meetings. Regrettably, these ongoing connectivity problems are causing delays and reducing productivity.",Problem,medium,"Thank you for reaching out regarding the ongoing Wi-Fi connectivity problems at your office. We understand how vital a stable internet connection is for your daily operations and apologize for the inconvenience caused. To assist you further, could you please provide the office address, the number of devices affected, and specify if the issue occurs at particular times of the day? Additionally, sharing recent network router logs would aid our team in diagnostics. With this information, we can recommend targeted troubleshooting steps or further support.",body,type,priority,answer
Tobi-Bueck/customer-support-tickets,customer_support_tickets_tobi,"Sehr geehrter Kundendienst,\n\nich wende mich an Sie, um ein Problem hinsichtlich der Erreichbarkeit unserer cloud-basierten SaaS-Plattform zu melden. Es treten wiederholt Ausfälle auf, die den Zugriff auf Prozesse erheblich stören. Diese Störungen beeinträchtigen die Produktivität. Könnten Sie bitte den aktuellen Stand des Vorfalls sowie die voraussichtliche Dauer der Behebung mitteilen? Außerdem wäre eine Anleitung zur Minimierung der Auswirkungen während der Problemlösung sehr hilfreich. Eine zeitnahe Kommunikation wäre äußerst wertvoll, da unsere tägliche Arbeit stark von der Plattform abhängt.\n\nVielen Dank im Voraus für Ihre schnelle Unterstützung.",Problem,medium,"Vielen Dank, dass Sie uns bezüglich der wiederkehrenden Ausfälle unserer cloud-basierten SaaS-Plattform kontaktiert haben. Unser technisches Team wurde informiert und arbeitet aktiv an der Untersuchung der Ursachen, um den vollständigen Service so schnell wie möglich wiederherzustellen. Derzeit können wir eine ungefähre Lösungzeit angeben; Updates werden umgehend bereitgestellt, sobald sie verfügbar sind. In der Zwischenzeit empfehlen wir, Ihre Arbeit regelmäßig zu speichern und bei Bedarf die Verbindung neu herzustellen. Wir entschuldigen uns für die Unannehmlichkeiten und danken für Ihre Geduld. Bitte lassen Sie uns wissen, falls Sie weitere Fragen haben.",body,type,priority,answer
Tobi-Bueck/customer-support-tickets,customer_support_tickets_tobi,"Dear Customer Support Team,\n\nI hope this message reaches you well. I am reaching out to request detailed information about your service offerings. As a potential client, it is crucial to understand the scope of services provided, including any specialized solutions that may be available.\n\nCould you please share an overview of your main services, along with descriptions of each, their key features, and the industries they serve? Additionally, information on recent updates or new additions to your portfolio would be highly valuable.\n\nThank you in advance for your assistance.",Request,medium,"Thank you for your interest in our services. We offer a comprehensive portfolio that includes software development, cloud solutions, consulting, and managed support services. Our offerings are customized for industries such as finance, healthcare, retail, and manufacturing. Core features include scalable deployment options, comprehensive security measures, and round-the-clock support. Recently, we launched AI-powered analytics and automation tools to boost business productivity. We can also share case studies and examples that demonstrate the effectiveness of our solutions upon request.",body,type,priority,answer
Tobi-Bueck/customer-support-tickets,customer_support_tickets_tobi,"Dear Customer Support,\n\nI am reporting an issue with the real-time analytics platform. It seems to be experiencing interruptions that impact the precision of data and the promptness of updates. Could you please look into this and give an estimated timeframe for resolution? Your prompt help in resolving this matter would be greatly valued.\n\nThanks.",Incident,medium,"Thank you for reaching out regarding the problem with the real-time analytics platform. We recognize how vital accurate and timely data management is. To assist you effectively, could you specify which dashboards, data sources, or metrics are affected? Also, when did you first notice the issue, and are there any error messages or codes displayed? Providing these details will help us initiate an efficient investigation. We will keep you informed about the progress and an estimated resolution time soon.",body,type,priority,answer
Tobi-Bueck/customer-support-tickets,customer_support_tickets_tobi,"Dear Customer Support Team,\n\nI hope this message reaches you well. I am writing to request in-depth documentation related to your product services. As an existing user aiming to maximize the capabilities offered, having access to clear and comprehensive documentation is crucial.\n\nIn particular, I am interested in obtaining user guides, technical details, setup instructions, troubleshooting procedures, and any relevant materials that can help me understand and utilize the products effectively. This information will greatly assist in ensuring proper usage.\n\nThank you for providing the requested comprehensive product service documentation. To assist you in sending the appropriate materials, could you please specify which products or services you are referring to, including any version numbers or service plans? Additionally, please include user manuals, technical specifications, installation guides, troubleshooting steps, links to FAQs, video tutorials, and knowledge base articles. Kindly inform us if you would like to receive updates on future documentation revisions.",Request,high,"Thank you for your request for comprehensive product support documentation. To provide you with the relevant materials, could you specify the products or services in question, including version numbers or service plans if applicable? Please share details such as user manuals, technical specifications, installation instructions, troubleshooting guides, links to FAQs, video tutorials, and knowledge base articles. Let us know if you wish to receive updates regarding future revisions of the documentation.",body,type,priority,answer
Tobi-Bueck/customer-support-tickets,customer_support_tickets_tobi,"Dear Support Team,\n\nI am facing difficulties with my QNAP NAS device. Over the past few days, I haven't been able to establish a connection with the NAS, which prevents me from accessing my stored data. The device seems to be powered on normally, but the network connection is unstable and unresponsive. I have attempted rebooting the device and checking the cables, but the issue remains. This problem affects my ability to work efficiently, and I would appreciate immediate help in diagnosing and fixing the connectivity and data access issues. Please advise on the next steps.",Problem,high,"Thank you for reaching out regarding your QNAP NAS connectivity problem. To assist you better, please provide the model number of your NAS, specify the operating system of the computer you are using to connect, and indicate whether you are accessing the device via a wired or wireless network. Additionally, inform us if any error messages appear when attempting to connect and whether the network indicator lights on the NAS are blinking as expected. If possible, try connecting the NAS through a different method or port to see if that resolves the issue.",body,type,priority,answer
Tobi-Bueck/customer-support-tickets,customer_support_tickets_tobi,"Sehr geehrter Kundenservice,\n\nich bin mit unerwarteten Abschaltungen meines Surface Pro konfrontiert und vermute, dass Überhitzung durch längere Nutzung die Ursache sein könnte. Das Gerät wurde bereits neu gestartet und die Firmware wurde aktualisiert, doch das Problem besteht weiterhin. Ich habe zusätzliche Hardware-Tests durchgeführt, leider ohne Erfolg. Könnten Sie bitte bei der Ursachenfeststellung helfen und mögliche Lösungsansätze vorschlagen?\n\nVielen Dank für Ihre Unterstützung.",Problem,medium,"Vielen Dank, dass Sie sich wegen der plötzlichen Abschaltungen Ihres Surface Pro an uns gewandt haben. Sie haben bereits die Firmware aktualisiert und Diagnosen durchgeführt. Bitte teilen Sie uns die Seriennummer Ihres Geräts sowie die verwendete Windows-Version mit. Außerdem: Wird das Gerät während der Abschaltungen ungewöhnlich heiß? Diese Informationen helfen uns, Ihnen effektiver zu helfen.",body,type,priority,answer
Tobi-Bueck/customer-support-tickets,customer_support_tickets_tobi,"Dear Customer Support,\n\nI am submitting a report concerning a technical failure impacting the Cloud SaaS platform. The service is currently inaccessible, causing significant operational disruptions. Could you please provide an update on the cause of the outage, an estimated time for resolution, and any information on measures to lessen the impact duration? We depend heavily on the platform and hope for a prompt resolution.\n\nThank you for your immediate attention to this issue.\n\nBest regards,\n[Your Name]",Problem,high,"[Your Name],\n\nThank you for informing us about the outage affecting the Cloud SaaS platform. We understand the importance of these critical services and sincerely apologize for the inconvenience caused.\n\nOur technical team is actively investigating the root cause of the outage and working to restore the service as swiftly as possible. Although we do not yet have an estimated time for resolution, we will keep you updated as soon as more information becomes available.\n\nTo help reduce the impact during this period, we recommend saving any unsynchronized work locally.",body,type,priority,answer
Tobi-Bueck/customer-support-tickets,customer_support_tickets_tobi,"Dear Customer Support Team,\n\nI am interested in exploring possible enhancements to the deployment procedures for platform microservices. Improving this process could greatly decrease system downtime and boost deployment speed. Could you kindly suggest best practices, tools, and recommended strategies to make deployments more efficient? Furthermore, I would appreciate detailed information on any upcoming updates related to deployment protocols.\n\nThank you for your support.\n\nBest regards,\n[Your Name]",Change,high,"Thank you for reaching out regarding improvements in microservices deployment. We suggest considering tools such as Docker, Kubernetes, and CI/CD solutions like Jenkins or GitHub Actions for more efficient deployments. Employing strategies like rolling updates or blue-green deployment can help reduce downtime. Our team is currently reviewing the procedures and will notify users about upcoming updates. If you have specific challenges or objectives, please share more details so we can provide targeted assistance.",body,type,priority,answer
Tobi-Bueck/customer-support-tickets,customer_support_tickets_tobi,"Sehr geehrtes Kundendienstteam,\n\nich hoffe, diese Nachricht erreicht Sie wohlbehalten. Ich schreibe, um detaillierte Informationen über die Produkte und Dienstleistungen zu erfragen, die Ihr Unternehmen anbietet. Kürzlich wurde ich auf Ihre Marke aufmerksam und bin daran interessiert, mehr darüber zu erfahren, um zu beurteilen, ob Ihre Angebote meinen Bedürfnissen entsprechen könnten.\n\nKönnten Sie bitte eine umfassende Übersicht über das verfügbare Produktsortiment bereitstellen? Insbesondere möchte ich mehr über die wichtigsten Eigenschaften, Spezifikationen und eventuelle Varianten innerhalb der Produktkategorie erfahren. Zudem wären Informationen zu",Request,high,"Vielen Dank für Ihr Interesse an unseren Produkten und Dienstleistungen. Wir bieten eine Vielzahl an Lösungen an, die auf unterschiedliche Bedürfnisse zugeschnitten sind, inklusive Softwarepaketen, Hardware-Optionen und integrierten Serviceplänen. Unsere Produktkategorien umfassen mehrere Modelle mit unterschiedlichen Spezifikationen und Kernmerkmalen. Bitte geben Sie die konkrete Produktkategorie und den Produkttyp an, die Sie interessieren, damit wir Ihnen detaillierte Informationen zu Spezifikationen, verfügbaren Varianten und aktuellen Preisen sowie Sonderaktionen mitteilen können.\n\nBezüglich der Dienstleistungen bieten wir verschiedene Support-Pakete, Garantien und Wartungspläne mit unterschiedlichen Laufzeiten und Abdeckungsgraden an.",body,type,priority,answer
Tobi-Bueck/customer-support-tickets,customer_support_tickets_tobi,"Dear Customer Support Team,\n\nI hope this message reaches you well. I am writing to request an in-depth overview of the marketing services provided by your organization. Currently, we are assessing potential partners to strengthen our marketing initiatives, and it is crucial for us to understand the full range of services offered, including digital marketing strategies, content development, social media management, SEO, and advertising campaigns.\n\nCould you please share detailed information about the types of marketing packages available, along with pricing options?",Request,medium,"Thank you for your interest in our marketing solutions. We offer an extensive array of services, such as digital marketing strategies, content creation, social media oversight, SEO, and multi-channel advertising campaigns. Our packages are adaptable and can be tailored to align with your specific business objectives and budget. Pricing varies based on the selected services and the level of customization. We are happy to provide a quote after understanding your detailed requirements. Our team comprises experienced marketing professionals with a proven track record of delivering successful campaigns.",body,type,priority,answer
Tobi-Bueck/customer-support-tickets,customer_support_tickets_tobi,"Dear Customer Support,\n\nI am eager to learn about the functionalities provided by the investment analytics platform. Could you please share comprehensive details regarding its primary capabilities, data integrations, and distinctive features that set it apart from other market options? Understanding these aspects will help determine how well the platform aligns with my investment analysis requirements. Thank you for your assistance; I look forward to your detailed response.\n\nBest regards,\n[Your Name]",Request,high,"Thank you for your interest in the investment analytics platform. It provides sophisticated portfolio evaluation, live market updates, customizable reports, and risk analysis tools. The platform supports data integration from leading financial data providers, including both historical and current data for equities, fixed income, and alternative investments. Notable features include AI-driven insights, scenario simulation, and tools for multi-asset allocation designed to identify trends and enhance performance. The user-friendly dashboard offers an intuitive experience.",body,type,priority,answer
Tobi-Bueck/customer-support-tickets,customer_support_tickets_tobi,"Sehr geehrtes Support-Team,\n\nich möchte einen kritischen Zwischenfall melden, der gegenwärtig mehrere Geräte und Plattformen in unserer Infrastruktur betrifft. Wir erleben umfangreiche technische Störungen, die Webcams, Netzwerkswitches, Monitore sowie Smart-Geräte und cloudbasierte Softwareanwendungen beeinträchtigen. Erste Untersuchungen deuten darauf hin, dass die Ursache möglicherweise mit einem kürzlich durchgeführten Software-Update im Zusammenhang steht, was zu einem Netzwerkausfall geführt hat.\n\nTrotz unserer Versuche, die betroffenen Geräte neu zu starten und umfassende Diagnosen durchzuführen, besteht das Problem weiterhin. Die Störung beeinträchtigt unseren täglichen Geschäftsbetrieb erheblich.",Incident,high,"Vielen Dank für die Meldung des dringenden Problems, das mehrere Geräte und Plattformen betrifft. Um Ihnen bestmöglich zu helfen, bitten wir um Details zu kürzlichen Software-Updates sowie etwaigen Fehlermeldungen und der Netzwerkkonfiguration. Diese Informationen werden umgehend an unser Technikteam weitergeleitet. Falls Sie telefonischen Kontakt bevorzugen, teilen Sie uns bitte eine passende Zeit und Ihre Telefonnummer mit, damit wir Sie erreichen können.",body,type,priority,answer
Tobi-Bueck/customer-support-tickets,customer_support_tickets_tobi,"Dear Customer Support,\n\nI am requesting immediate help to resolve hardware and software service disruptions impacting key components such as the motherboard, CPU cooling system, network equipment, and peripherals. These problems are interfering with essential applications, which are crucial for maintaining seamless analytics functions and overall business operations. A swift resolution is vital to avoid operational setbacks.\n\nAppreciate your quick attention to this urgent matter.\n\nBest regards,\n[Your Name]",Change,medium,"<name>,\n\nThank you for reaching out regarding the hardware and software service interruptions. We understand the urgency and the impact on your critical business functions. To assist you promptly, could you please supply more information, including specific error messages, the models of the affected devices, and any recent modifications to your system environment? If any devices are showing warning signs or failing to power up, kindly inform us. Additionally, please confirm if recent system backups are available for your network.",body,type,priority,answer
Tobi-Bueck/customer-support-tickets,customer_support_tickets_tobi,"Sehr geehrtes Kundendienstteam,\n\nich möchte einen kritischen Sicherheitszwischenfall melden, der in unserer IT-Infrastruktur im Gesundheitswesen entdeckt wurde. Es wurden ungewöhnliche Aktivitäten im Netzwerk festgestellt, die offenbar mit kompromittierten Zugangsdaten in Zusammenhang stehen. Der Vorfall betrifft die Integration unserer Elektronischen Patientenakten (EMR), das Picture Archiving Communication System (PACS) sowie mehrere IoT-Geräte, die mit dem Netzwerk verbunden sind.\n\nUnser Incident-Response-Team hat bereits Überwachungs- und Eindämmungsmaßnahmen eingeleitet, um den möglichen Schaden zu begrenzen. Aufgrund der Sensibilität der betroffenen Systeme empfehlen wir, umgehend die kompromittierten Zugangsdaten zurückzusetzen, die Multi-Faktor-Authentifizierung zu aktivieren und die Zugriffprotokolle auf weitere Unregelmäßigkeiten zu prüfen. Bitte stellen Sie die aktuellen Logdateien der betroffenen Systeme bereit, um eine gründliche Untersuchung zu ermöglichen und die Einhaltung von Vorschriften sowie den Schutz der Daten weiterhin sicherstellen zu können.",Incident,high,"Vielen Dank, dass Sie den Vorfall gemeldet haben. Wir empfehlen, die kompromittierten Zugangsdaten sofort zu widerrufen, die Multi-Faktor-Authentifizierung zu aktivieren und die Zugriffshistorie auf Unregelmäßigkeiten zu überprüfen. Bitte stellen Sie die aktuellen Logdateien der betroffenen Systeme bereit, damit unser Team eine detaillierte Untersuchung durchführen und die Einhaltung aller Sicherheitsrichtlinien sowie den Schutz der Daten weiterhin gewährleisten kann.",body,type,priority,answer
Tobi-Bueck/customer-support-tickets,customer_support_tickets_tobi,"Dear Customer Support,\n\nI am encountering concurrent failures across various office gadgets including the Soundbar, Ring Light, Surface Pro, Smart Doorbell, HDMI Cable, ThinkPad, USB Drive, Desktop Computer, Air Purifier, and VR Headset. These issues are significantly hampering our workflow. I suspect that recent power surges or a network outage might be the cause. Despite restarting all devices and inspecting the cables thoroughly, the problems remain unresolved and unaltered.",Incident,medium,"Thank you for reaching out to us with details about the device issues. Given that several items are affected and considering the possibility of a power surge or network disruption, there might be underlying electrical infrastructure concerns. Please verify if any devices display physical damage or error signals. We recommend inspecting the power sources, ensuring surge protectors are in place, and confirming that network equipment such as routers and switches are operational. If you're onsite, please perform diagnostics on the network and power supply systems.",body,type,priority,answer
Tobi-Bueck/customer-support-tickets,customer_support_tickets_tobi,"Dear Customer Support Team,\n\nI hope this message finds you well. I am seeking comprehensive details about the architecture of your SaaS platform, particularly focusing on how Agile teams collaborate, ensuring the platform maintains high standards in security, scalability, and availability, while also facilitating efficient resource allocation.\n\nIt is especially crucial to understand how teams operate within microservices and Kubernetes environments. An overview of the architectural design would be greatly appreciated, especially regarding how Agile teams coordinate efforts and manage the complexities associated with distributed systems.",Request,high,"Thank you for your inquiry about our SaaS platform's architecture. We are happy to discuss details related to security, scalability, availability, and resource management in a technical session. Please let us know your preferred time and any specific topics you would like us to focus on.",body,type,priority,answer
Tobi-Bueck/customer-support-tickets,customer_support_tickets_tobi,"Dear Support Team,\n\nI have recently been notified about attempts of unauthorized access to my IoT gadgets. This has raised significant worries about the security of my household network. I would be grateful for prompt help in examining this issue to ensure my devices are fully secured. Kindly advise on additional security protocols I should implement and keep me informed about any developments regarding this concern. Thank you for your swift attention to this urgent security matter.\n\nSincerely,\n[Your Name]",Problem,low,"We appreciate you reaching out about the alert concerning potential unauthorized access to your IoT devices. Please verify the specific device models and details of the alert you received so we can conduct a thorough investigation. In the meantime, it is advisable to change your device passwords, update their firmware, and enable two-factor authentication if available. Let us know if you require detailed, step-by-step guidance on these security enhancements.",body,type,priority,answer
Tobi-Bueck/customer-support-tickets,customer_support_tickets_tobi,"Sehr geehrtes Support-Team,\n\nich hoffe, diese Nachricht erreicht Sie wohlbehalten. Ich schreibe, um um Unterstützung bei einem anhaltenden Problem im Zusammenhang mit der Geräteintegration in das Elektronische Patientenakten-System (EMR) sowie das Picture Archiving and Communication System (PACS) zu bitten. Unser Team kämpft mit erheblichen Schwierigkeiten bei der Synchronisation von Daten verschiedener medizinischer Geräte auf den EMR/PACS-Plattformen, was die Arbeitsabläufe bei der Dokumentation der Patientenversorgung beeinträchtigt.\n\nKonkret geht es darum, dass Patientendaten sowie Bildgebungs- und Diagnostikinformationen von den Geräten in einer konsistenten Weise in die EMR/PACS-Systeme übertragen werden. Die Inkonsistenzen führen zu Verzögerungen und gelegentlich zu fehlenden Informationen, was Bedenken hinsichtlich der Datenintegrität und Zuverlässigkeit aufwirft.",Problem,low,"Vielen Dank für Ihre Anfrage bezüglich der Geräteintegrationsprobleme mit den EMR- und PACS-Systemen. Um Ihnen bestmöglich helfen zu können, bitten wir Sie, uns Details zu den spezifischen Gerätemodellen und Herstellern, den aktuell eingesetzten EMR- und PACS-Softwareversionen sowie etwaigen kürzlichen Updates Ihrer Systeme und Geräte zukommen zu lassen. Diese Informationen ermöglichen es uns, mögliche Kompatibilitäts- oder Konfigurationsprobleme zu identifizieren. Bitte teilen Sie uns zudem etwaige Fehlermeldungen, Protokolle oder Hinweise auf fehlgeschlagene Übertragungen mit. Sobald wir diese Details haben, werden wir Ihnen Anweisungen zur Konfiguration, Kompatibilitätsanforderungen sowie weitere Unterstützung bereitstellen.",body,type,priority,answer
Tobi-Bueck/customer-support-tickets,customer_support_tickets_tobi,"Dear Customer Support Team,\n\nI trust this message reaches you well. I am writing to request detailed information about the available documentation, support tools, and best practices for connecting the SaaS platform with external devices and third-party services listed within the product environment.\n\nAs our organization aims to improve operational efficiency through platform integration, it is essential for us to fully understand the possibilities and limitations involved. We are particularly interested in official manuals, API documentation, SDKs, and developer resources.",Request,medium,"Thank you for your inquiry. We provide a developer portal that includes complete API documentation, SDKs, and integration guides. Our official resources support various connectors, middleware solutions, security protocols, and best practices. To gain access, please share your account details and specify the types of integrations you are interested in. We also offer training sessions, webinars, and a user forum to assist with integration support. Kindly specify the particular devices or services you aim to connect, so we can send you the relevant information.",body,type,priority,answer
Tobi-Bueck/customer-support-tickets,customer_support_tickets_tobi,"Dear Customer Support Team,\n\nI hope this message reaches you well. I am writing to urgently address a concern regarding the instability affecting our cloud SaaS microservices, which our organization depends on extensively. Over the past few days, we've faced frequent disruptions and unpredictable behavior in the microservices, greatly impacting our operations and user experience.\n\nThe issues include sporadic service outages, sluggish response times, and unexpected errors during routine transactions. These disruptions have negatively affected application performance.",Problem,medium,"Thank you for bringing this to our attention. We understand the importance of having stable microservices operations and apologize for the disruptions you're experiencing. To assist you promptly, could you please specify which services are affected, provide recent timestamps of outages, and share any specific error messages encountered? Our engineering team will immediately review system logs and monitor platform performance. In the meantime, restarting the impacted microservices might offer temporary relief. We will keep you updated with our progress and an estimated resolution time as soon as possible.",body,type,priority,answer
Tobi-Bueck/customer-support-tickets,customer_support_tickets_tobi,"Dear Customer Support,\n\nI hope this message finds you well. I am reaching out to request comprehensive details about the Agile team framework employed within your organization. Gaining insight into the team composition, roles, and responsibilities would be greatly beneficial for aligning our processes more closely with Agile principles. Could you kindly share relevant documentation or insights regarding how teams are structured and operate on a daily basis?\n\nThank you in advance for your assistance. I look forward to your prompt reply.\n\nBest regards",Request,medium,"Thank you for your inquiry regarding the Agile team framework. Typically, an Agile team within the organization comprises 6 to 9 members, including a Product Owner, Scrum Master, and cross-disciplinary team members such as developers, testers, and designers. The Product Owner is responsible for prioritizing and maintaining the product backlog, while the Scrum Master facilitates Agile ceremonies and helps resolve obstacles. Team members work together to deliver incremental work during sprints and participate in regular events like sprint planning.",body,type,priority,answer
Tobi-Bueck/customer-support-tickets,customer_support_tickets_tobi,"Dear Customer Support Team,\n\nI am reaching out to request revisions to the current support procedures to better accommodate the deployment of new hardware devices. It is crucial that interdisciplinary Agile teams implement the necessary integrations to guarantee the platform's availability, security, and scalability. This will help ensure smooth operations across the specified devices and improve overall system performance. Your prompt attention to this matter would be highly appreciated.\n\nThank you for your support.",Change,medium,"Thank you for contacting us regarding the revision of support procedures to incorporate new hardware products. We recognize the importance of ensuring seamless integration to maintain platform uptime, security, and scalability, particularly as cross-functional Agile teams continue to innovate.\n\nTo proceed effectively, we suggest reviewing and updating the current support documentation to include the requirements for onboarding new hardware. This should cover compatibility checks, defining key integration points, and updating monitoring protocols.",body,type,priority,answer
Tobi-Bueck/customer-support-tickets,customer_support_tickets_tobi,"Dear Customer Support Team,\n\nI trust this message reaches you well. I am writing to urgently address an issue with the instability affecting our cloud SaaS microservices that our organization depends on significantly. Over the past few days, we've faced frequent disruptions and unpredictable behavior in our microservices, which have greatly hampered our operations and user experience.\n\nThe problems include sporadic service outages, delayed response times, and unexpected errors during routine transactions. These disruptions have negatively impacted our application's performance.",Problem,medium,"Thank you for bringing this to our attention. We recognize the importance of maintaining stable microservices operations and sincerely apologize for the disruptions you're experiencing. To assist you quickly, could you please share the names of the affected services, recent timestamps of outages, and any specific error messages you have encountered? Our engineering team will promptly review system logs and monitor platform performance. In the meantime, restarting the affected microservices might offer some temporary relief. We will keep you updated on our progress and provide an estimated time for resolution as soon as possible.",body,type,priority,answer
Tobi-Bueck/customer-support-tickets,customer_support_tickets_tobi,"Sehr geehrter Kundendienst,\n\nich möchte mich erkundigen, ob es Möglichkeiten gibt, das Management von Kampagnenberichten zentral zu steuern. Ziel ist es, Abteilungen und Agenturen effizient in Analytik-Tools zu integrieren. Wir streben an, Arbeitsprozesse zu verbessern, eine einheitliche Marketingstrategie zu entwickeln und die Leistungsüberwachung über verschiedene digitale Kanäle hinweg zu optimieren. Könnten Sie bitte Anleitungen oder Optionen bereitstellen, um eine reibungslose Integration zu gewährleisten?\n\nVielen Dank für Ihre Unterstützung.\n\nMit freundlichen Grüßen,\n[Ihr Name]",Change,high,"Vielen Dank, dass Sie uns bezüglich der Zentralisierung der Kampagnenberichterstattung kontaktiert haben. Wir verstehen die Wichtigkeit, Abteilungen und Agenturen mit Analytik-Tools zu verbinden, um Prozesse zu verbessern und die Überwachung der Leistung über digitale Kanäle hinweg zu optimieren. Um bestmöglich beraten zu können, bitten wir Sie, uns mitzuteilen, welche spezifischen Analytik-Tools und Plattformen für Marketingkanäle Ihre Teams derzeit nutzen. Verfügt Ihre Organisation bereits über Softwarelösungen oder CRM-Systeme, die auf Kompatibilität geprüft werden sollten? Sobald wir diese Informationen haben, können wir die Integrationsmöglichkeiten für einheitliche Dashboards und API-basierte Lösungen näher erläutern.",body,type,priority,answer
Tobi-Bueck/customer-support-tickets,customer_support_tickets_tobi,"Sehr geehrtes Support-Team,\n\nwir befinden uns derzeit in einer laufenden Situation im Zusammenhang mit dem SOC-DevSecOps-Überwachungssystem bei Ubuntu 20.04-basierten IoT-Medizinprodukten. Es scheint, dass ein möglicher Fehler in der Netzwerkkonfiguration der Sensoren kontinuierlich Alarmmeldungen auslöst. Die betreffenden Dienste wurden bereits neu gestartet und die SOC-Konsole überprüft; jedoch bestehen die Vorfälle weiterhin. Wir bitten um Ihre Unterstützung bei der Diagnose und Behebung des Problems, um eine unterbrechungsfreie Überwachung und sicheren Betrieb der Geräte zu gewährleisten.\n\nVielen Dank im Voraus für die schnelle Hilfe.\n\nMit freundlichen Grüßen,\n[Your Name]",Incident,low,"Vielen Dank für Ihre Nachricht. Bitte stellen Sie uns die konkreten Alarmmeldungen sowie kürzliche Änderungen an der Konfiguration zur Verfügung. Diese Informationen erleichtern die Ursachenanalyse und ermöglichen es uns, gezielte Lösungsvorschläge zu unterbreiten.",body,type,priority,answer
Tobi-Bueck/customer-support-tickets,customer_support_tickets_tobi,"Dear Customer Support Team,\n\nI am submitting a report regarding a major outage impacting several SaaS platform services, including the Smart-Gartenbewässerung system and various Microsoft Office applications. This disruption has led to extensive service inaccessibility, significantly hindering operations.\n\nPreliminary investigations suggest that the underlying cause may be linked to a failure in Kubernetes orchestration. It appears that the management of containerized services has been compromised, resulting in a chain reaction of failures across various service modules.",Incident,high,"Thank you for reporting this outage and providing a detailed analysis. To assist further, kindly share recent Kubernetes logs, error messages, and deployment statuses of the affected services. Our team will prioritize this issue and keep you updated on findings and recovery measures as soon as possible.",body,type,priority,answer
Tobi-Bueck/customer-support-tickets,customer_support_tickets_tobi,"Sehr geehrter Kundendienst,\n\nich möchte mich über verschiedene Investitionsansätze in Unternehmen informieren. Besonders interessiert mich, wie Strategien verschiedener Risikostufen mit finanziellen Zielen abgestimmt werden können. Könnten Sie bitte ausführliche Details zu den verfügbaren Anlageformen, den erwarteten Erträgen sowie den damit verbundenen Risiken bereitstellen? Zudem wäre ich dankbar für eine Anleitung, wie man starten kann, falls Beratungsdienste vorhanden sind, um bei Entscheidungsprozessen zu helfen. Vielen Dank im Voraus für Ihre Unterstützung. Ich freue mich auf eine zeitnahe Rückmeldung.\n\nMit freundlichen Grüßen,\n\n[Ihr Name]",Request,low,"Vielen Dank für Ihre Anfrage zu Investitionsstrategien. Wir bieten eine Reihe von Anlageoptionen an, die auf unterschiedliche Risikoprofile und finanzielle Zielsetzungen abgestimmt sind, darunter konservative, ausgewogene und wachstumsorientierte Strategien. Konservative Ansätze beinhalten festverzinsliche Instrumente mit niedriger Volatilität, die stabile, niedrigere Renditen bieten. Ausgewogene Strategien kombinieren Aktien und Anleihen, um moderate Risiken und Ertragschancen zu erzielen. Wachstumsorientierte Strategien konzentrieren sich auf Aktien, mit dem Ziel höherer Renditen, verbunden mit einem höheren Risiko.",body,type,priority,answer
Tobi-Bueck/customer-support-tickets,customer_support_tickets_tobi,"Sehr geehrtes Kundendienstteam,\n\nich hoffe, diese Nachricht erreicht Sie wohlbehalten. Wir sind momentan dabei, die Effizienz unserer Marketingaktivitäten zu optimieren, die von mehreren Abteilungen wie Kreativ- und Analyse-Content-Teams genutzt werden. Kürzlich wurden neue Speichergeräte in unsere bestehende IT-Infrastruktur integriert, die mit Smart-Hardware-Komponenten verbunden sind. Um eine reibungslose Nutzung dieser Ressourcen zu gewährleisten, suchen wir nach fachkundiger Beratung.\n\nGenauer gesagt, möchten wir bewährte Vorgehensweisen bei der Integration der verschiedenen Marketing-Workflows mit den neu hinzugefügten Hardware-Speicherlösungen verstehen. Unser Ziel ist es, die Nutzung der Ressourcen optimal zu steuern.",Request,high,"Vielen Dank, dass Sie sich bezüglich der Integration der Marketing-Workflows mit den neuen Hardware-Speichergeräten an uns gewandt haben. Um maßgeschneiderte Empfehlungen zur Konfiguration, Sicherheit und Automatisierung geben zu können, bitten wir Sie, uns Informationen zu den Arten der hinzugefügten Smart-Hardware-Storage-Lösungen sowie zu den aktuell verwendeten Softwareplattformen zu übermitteln. Vorab empfehlen wir die Implementierung einer zentralen Zugriffskontrolle, regelmäßigen Datenabgleich sowie Sicherheitsprotokolle für die Endpunkte. Sobald wir mehr Details erhalten haben, können wir Ihnen auch Überwachungstools und zentrale Dashboards vorschlagen. Teilen Sie uns bitte die entsprechenden Informationen mit, damit wir Sie bestmöglich unterstützen können.",body,type,priority,answer
Tobi-Bueck/customer-support-tickets,customer_support_tickets_tobi,"Dear Support Team,\n\nWe are encountering a failure in VPN-router connectivity that is impacting several devices, including essential remote telemedicine systems and EMR integrations. Despite rebooting the affected devices and attempting a router reset, the problem remains unresolved. We suspect that recent modifications to network settings may have caused firmware inconsistencies. This disruption is critically affecting our operations, and we urgently need assistance to identify and fix the root cause. Kindly advise on further troubleshooting steps.",Incident,medium,"Thank you for bringing this issue to our attention. Please provide the model number of your VPN router, the current firmware version installed, and details of any recent network configuration changes. This information will help us diagnose the problem and recommend suitable troubleshooting actions or firmware updates.",body,type,priority,answer
Tobi-Bueck/customer-support-tickets,customer_support_tickets_tobi,"Dear Customer Support Team,\n\nI hope this message reaches you well. I am writing to draw your attention to an issue I found in my latest billing statement. After examining my account, I observed inconsistencies that do not match my previous transactions for the services used.\n\nSpecifically, the billed amount seems to be higher than expected, with additional fees that I did not authorize but are clearly detailed. This has caused significant concern as it impacts my financial planning and budgeting.\n\nPlease conduct a thorough review of my billing history and provide a detailed explanation of the charges.",Problem,medium,"Thank you for reaching out regarding the billing discrepancy on your account, <name>. We understand your concern and aim to resolve this matter promptly. To assist you further, could you please share your account number, the recent invoice number, or any charges in question? This information will help us examine your billing history in detail and provide a clear explanation of the charges. If you prefer to discuss this over the phone, kindly let us know a convenient time to contact you. We appreciate your cooperation.",body,type,priority,answer
Tobi-Bueck/customer-support-tickets,customer_support_tickets_tobi,"Dear Support Team,\n\nWe are currently experiencing a critical issue involving multiple essential smart device security systems undergoing simultaneous failures. We suspect this may be the result of a targeted cyber assault, possibly involving compromised IoT endpoints. Immediate measures such as isolating the impacted systems, initiating incident response protocols, and conducting penetration testing are already underway to contain and analyze the threat. Despite these efforts, normal operation has not yet been restored. Due to the seriousness and urgency of the situation, your prompt attention is required.",Incident,high,"Thank you for informing us about the coordinated outages affecting your smart device security systems. Given the urgency and suspicion of a cyberattack, we are prioritizing this incident and working closely with your support team to contain and recover from the event. Since the affected systems have already been isolated, incident response has been initiated, and penetration testing has started, we recommend maintaining current isolation protocols to ensure that unaffected endpoints remain disconnected from compromised segments. Please gather and secure all relevant system data for further analysis.",body,type,priority,answer
Tobi-Bueck/customer-support-tickets,customer_support_tickets_tobi,"Dear Customer Support Team,\n\nI am submitting a report regarding a critical security breach identified within the EMR/PACS integration platform. The breach appears to stem from vulnerabilities possibly introduced by recent software updates. Although we have activated continuous 24/7 monitoring and are conducting thorough penetration testing to determine the root cause, our investigations have yet to pinpoint the exact origin of the issue.\n\nConsidering the sensitive data involved and the vital role this integration plays in our operations,",Problem,medium,"Thank you for promptly reporting this urgent security breach affecting the EMR/PACS integration system. We acknowledge the seriousness of the situation and have escalated the case to our security response team for immediate assessment. To facilitate an effective and thorough security review, please provide the following details: any error messages encountered, logs of suspicious activities, specific times when anomalies were observed, recent software versions installed, and a list of affected servers and endpoints. Additionally, please",body,type,priority,answer
Tobi-Bueck/customer-support-tickets,customer_support_tickets_tobi,"Sehr geehrter Kundendienst,\n\nich bitte um Aktualisierung der Sicherheits- und Compliance-Einstellungen bei EMR/PACS-Integrationen, Telemedizinplattformen und IoT-Geräten. Es ist notwendig, die vollständige Einhaltung der Standards HIPAA, GDPR und ISO 27001 zu gewährleisten. Zudem sind verbesserte Überwachung rund um die Uhr sowie eine optimierte Systemreaktion auf Vorfälle erforderlich, um Patientendaten besser zu schützen und die regulatorische Konformität aufrechtzuerhalten. Bitte informieren Sie uns über die nächsten Schritte und die benötigten Informationen von unserer Seite.\n\nVielen Dank für Ihre Unterstützung.\n\nMit freundlichen Grüßen,",Change,high,"Vielen Dank für Ihre Anfrage. Bitte teilen Sie uns den Namen der Organisation sowie Details zu den betroffenen Systemen und aktuellen Compliance-Dokumentationen mit, damit wir individuelle Empfehlungen für die nächsten Schritte und die Umsetzung geben können.",body,type,priority,answer
Tobi-Bueck/customer-support-tickets,customer_support_tickets_tobi,"Facing repeated service interruptions across several devices impacting workflow. Restarting devices and checking internet connectivity have not resolved the problem. The root cause remains uncertain, possibly linked to the network infrastructure. Prompt support needed.",Problem,high,Currently under urgent investigation. Kindly share details of the affected devices and any recent error notifications.,body,type,priority,answer
Tobi-Bueck/customer-support-tickets,customer_support_tickets_tobi,"Sehr geehrter Kundenservice,\n\nich schreibe bezüglich der Artikel aus meiner letzten Bestellung, da diese leider mit den erwarteten Spezifikationen nicht übereinstimmen und beschädigt angekommen sind. Ich vermute, dass die Probleme möglicherweise auf Transportschäden oder Kompatibilitätsfragen zurückzuführen sind. Trotz mehrfacher Neuinstallationen und gründlicher Fehlerdiagnose bestehen die Schwierigkeiten weiterhin.\n\nWir hatten bereits den Support kontaktiert, jedoch ist eine zufriedenstellende Lösung bisher ausgeblieben. Die defekten Produkte beeinträchtigen unseren Betrieb erheblich. Wir hoffen auf eine schnelle Lösung und bitten um Einleitung eines Austauschsprozesses.",Incident,medium,"Vielen Dank, dass Sie die Probleme im Zusammenhang mit Ihrer letzten Bestellung <name> geschildert haben. Damit wir fortfahren können, bitten wir Sie, die Bestellnummer, eine Liste der betroffenen Artikel sowie Fotos, die die sichtbaren Schäden oder Fehlermeldungen zeigen, bereitzustellen. Dies erleichtert uns die Überprüfung des Problems und beschleunigt den Versand einer Ersatzlieferung oder Rückerstattung. Zudem prüfen wir die Versandabläufe und mögliche Kompatibilitätsfragen. Sobald wir die erforderlichen Informationen erhalten haben, werden wir die Lösung priorisieren.",body,type,priority,answer
Tobi-Bueck/customer-support-tickets,customer_support_tickets_tobi,"Ein Sicherheitsvorfall wurde entdeckt, bei dem unsere Telemedizin-Website wahrscheinlich unautorisierten Zugriff erlitten hat, vermutlich durch gestohlene Zugangsdaten. Das Security Operations Center überwacht die Situation rund um die Uhr, hat erste Schutzmaßnahmen ergriffen und eine forensische Untersuchung eingeleitet, um den Umfang und die Auswirkungen zu ermitteln. Wir setzen alles daran, das Problem sofort zu beheben und werden Sie regelmäßig über den Fortschritt informieren.",Incident,medium,"Vielen Dank für die Mitteilung des Sicherheitsvorfalls bei der Telemedizin-Plattform. Wir schätzen die proaktive Herangehensweise, inklusive der sofortigen Überwachung und der forensischen Analyse. Bitte halten Sie uns über alle Entwicklungen auf dem Laufenden, insbesondere hinsichtlich der Untersuchungsergebnisse und möglicher Empfehlungen für weitere Maßnahmen. Falls kompromittierte Konten oder betroffene Nutzerdaten identifiziert wurden oder Sie spezifische Unterstützung benötigen, teilen Sie uns bitte die entsprechenden Details mit, damit wir gezielt helfen können. Zögern Sie nicht, bei weiteren Fragen oder Anliegen auf uns zuzukommen.",body,type,priority,answer
Tobi-Bueck/customer-support-tickets,customer_support_tickets_tobi,"Dear Customer Support,\n\nI am in the process of exploring options to expand a secure LAN setup and would value detailed insights into the TP-Link 16-Port Switch and VPN-Router models. Specifically, I am interested in understanding the main distinctions between these devices regarding their management capabilities, connectivity options, and data encryption features. My objective is to ensure a secure and efficient network management system that maintains high data security standards.\n\nCould you kindly provide a thorough comparison of their features?",Request,medium,"The TP-Link 16-Port Switch primarily handles local network connectivity and includes VPN encryption functionalities. In contrast, the VPN-Router offers managed network connectivity, comprehensive VPN support, data encryption, improved security measures, simpler setup processes, and greater scalability for secure network expansion.",body,type,priority,answer
Tobi-Bueck/customer-support-tickets,customer_support_tickets_tobi,"Dear Customer Support Team,\n\nI am submitting a report regarding an incident that took place on the Cloud SaaS sales platform. Recently, we faced multiple problems that hindered our ability to manage sales processes effectively. The platform experienced an unanticipated outage, which interrupted access to essential sales data and reporting tools.\n\nSpecifically, the incident started on the afternoon of April 20th and lasted around three hours. During this period, we were unable to retrieve sales reports, update client records, or generate necessary documents.",Incident,medium,Thank you for bringing these issues to our attention. We are currently investigating the downtime and data discrepancies on the Cloud SaaS platform. Please verify your account details and specify the affected report names so we can prepare a detailed incident report and provide guidance on resolving the issues.,body,type,priority,answer
Tobi-Bueck/customer-support-tickets,customer_support_tickets_tobi,"Dear Customer Support Team,\n\nI am reaching out to seek assistance with updating configurations during scheduled maintenance for several vital network devices. In particular, I need to focus on Smart-Thermostat systems, firewalls, and other essential platforms critical to operations.\n\nThe main objective of this maintenance is to ensure that all affected devices remain compliant with standards such as HIPAA, GDPR, and ISO 27001. Upholding these regulations is vital for safeguarding sensitive information and maintaining operational stability. I would appreciate your support.",Change,high,"Thank you for providing a detailed request concerning configuration updates and maintenance for Smart-Thermostat systems, firewalls, and other key platforms. To develop an accurate schedule, could you please specify the device models, their current firmware and software versions, and any recent alerts or incidents? Additionally, please share a step-by-step update plan, recommended maintenance procedures, and known issues pertinent to these platforms. It would also be helpful to outline pre-update preparations and suggest a suitable maintenance window to minimize service disruptions.",body,type,priority,answer
Tobi-Bueck/customer-support-tickets,customer_support_tickets_tobi,"Sehr geehrtes Support-Team,\n\nich hoffe, diese Nachricht erreicht Sie wohlbehalten. Ich möchte mich nach der Struktur der Sicherheitsoperationen erkundigen, die derzeit in unserer Organisation im Rahmen der Service-Implementierung bestehen. Es ist wichtig, die verschiedenen Aspekte zu verstehen, um die Einhaltung interner Standards zu gewährleisten und regulatorische Anforderungen effizient zu erfüllen.\n\nInsbesondere würde ich gerne detaillierte Informationen zu den folgenden Punkten erhalten:\n\n1. Sicherheitsoperations-Framework: Könnten Sie einen Überblick über die operativen Verfahren und Prozesse geben, die zum Schutz der Daten, Systeme und der Infrastruktur verwendet werden? Beinhaltet dies die angewendeten Rahmenwerke?",Request,high,"Vielen Dank für Ihre Anfrage bezüglich unserer Sicherheitsoperationen und der Einhaltung der Compliance. Damit wir genauere Details bereitstellen können, bitten wir um Klärung, ob Sie Informationen über die internen Praktiken unseres Unternehmens wünschen, um bestimmte Dienste abzusichern. Sobald dies bestätigt ist, werden wir die entsprechenden Dokumentationen zusammenstellen und teilen.",body,type,priority,answer
Tobi-Bueck/customer-support-tickets,customer_support_tickets_tobi,"Dear Customer Support Team,\n\nI am submitting a report regarding a critical outage impacting the availability of our cloud-native SaaS platform. Over the recent hours, we have encountered considerable service interruptions, leading to downtime that disrupts business activities and hampers customer experience.\n\nThe root cause seems to be linked to underlying infrastructure problems, possibly involving the cloud environment hosting our SaaS solution. Since we depend heavily on this platform for continuous availability, the current outage is causing serious disruptions.",Incident,medium,"Thank you for highlighting this urgent issue. We recognize the severe impact the downtime has on customer operations. Our technical team is actively investigating the underlying cause of the disruption in the cloud-native SaaS service. We are prioritizing this matter and will keep you updated as the investigation advances. If possible, please provide specific error messages or details about affected users to help with diagnosing the problem. We appreciate your patience and will inform you of any mitigation steps and the expected resolution timeline.",body,type,priority,answer
Tobi-Bueck/customer-support-tickets,customer_support_tickets_tobi,"Dear Support Team, multiple hardware and software issues have been identified, affecting EMR/PACS and Telemedicine IoT systems. These problems may be related to recent integration compliance updates. 24/7 monitoring by the SOC has been carried out, and an escalation has been initiated. We urgently request assistance to resolve critical system disruptions. Thank you.",Incident,medium,"Thank you for bringing these critical issues to our attention. To assist you promptly, please provide detailed information about specific error messages and observed symptoms in the EMR, PACS, and Telemedicine IoT systems. If possible, include recent update logs and incident IDs from the SOC. Once we receive these details, our technical team will prioritize the case and coordinate an immediate resolution.",body,type,priority,answer
Tobi-Bueck/customer-support-tickets,customer_support_tickets_tobi,"Dear Customer Support Team,\n\nI am reaching out to seek further details about the Account Management Center, especially its integration features with business devices and Microsoft software. Our organization aims to optimize marketing workflows and ensure smooth collaboration across departments. I would like to know how the platform supports integration to enhance teamwork efficiency. Specific information about compatibility with Microsoft tools, device support, and automation capabilities would be especially valuable. Additionally, any insights you can provide would be appreciated.",Request,medium,"Thank you for your inquiry about the Account Management Center. The platform integrates effortlessly with Microsoft applications such as Outlook, Teams, and SharePoint, and supports a broad array of business devices including Windows and Mac systems. It offers automation functions like onboarding, access control, and reporting, which help facilitate interdepartmental collaboration. Strong security measures are in place, including role-based user permissions, multi-factor authentication, and data encryption. If you require detailed technical specifications, please let us know.",body,type,priority,answer
Tobi-Bueck/customer-support-tickets,customer_support_tickets_tobi,"Sehr geehrtes Support-Team,\n\nich habe ein Problem mit meiner Crucial MX500 1TB SSD, bei der die Datenverschlüsselung nicht wie erwartet funktioniert. Trotz Aktualisierung auf die neueste Firmware-Version besteht das Problem weiterhin. Es scheint, dass eine Firmware-Beschädigung oder falsche Konfiguration die Ursache ist. Könnten Sie bitte eine Lösung für das Verschlüsselungsproblem anbieten? Ich benötige eine sichere Datenaufbewahrung auf der SSD, die ordnungsgemäß funktioniert.\n\nVielen Dank im Voraus für Ihre schnelle Unterstützung in dieser Angelegenheit.\n\nMit freundlichen Grüßen,\n[Ihr Name]",Incident,low,"Vielen Dank für Ihre Kontaktaufnahme. Bitte teilen Sie uns die genauen Fehlermeldungen im Zusammenhang mit dem Verschlüsselungsproblem mit. Außerdem benötigen wir Informationen über das verwendete Betriebssystem und die Verschlüsselungssoftware, um Ihnen besser helfen zu können.",body,type,priority,answer
Tobi-Bueck/customer-support-tickets,customer_support_tickets_tobi,"Dear Customer Support Team,\n\nI hope this message reaches you well. I am reaching out to request help with an issue I encountered while integrating a new marketing plan into the platform. Despite adhering to the instructions provided, the implementation does not seem to work as expected.\n\nThe specific problem occurs when trying to synchronize marketing campaigns with the platform's analytics tools. The data updates in real-time, but key performance metrics do not reflect the latest changes. This discrepancy makes it difficult to effectively monitor performance.",Problem,low,"Thank you for contacting us about the challenges you're facing with integrating your marketing plan. To assist you better, could you please provide detailed information about your current integration configuration, including the platform version and the specific analytics tools involved? Screenshots, error messages, or logs would also be very helpful. This information will enable us to identify the root cause of the delayed data updates and missing KPIs. Let us know a convenient time for you to proceed.",body,type,priority,answer
Tobi-Bueck/customer-support-tickets,customer_support_tickets_tobi,"Dear Customer Support Team,\n\nI am reaching out to inquire about the latest developments concerning the restructuring of our cross-disciplinary Agile teams. Our objective is to enhance a cloud-native SaaS platform by integrating improved microservices architectures, Kubernetes orchestration, CI/CD pipelines, and AI-powered resource management. The primary aim is to substantially boost the platform's scalability and uptime.\n\nAt present, we are encountering difficulties related to resource allocation and deployment efficiency and believe that the proposed enhancements could address these issues. Your guidance on this matter would be highly valued.",Change,high,"Thank you for providing an overview of your strategic objectives. To optimize the Agile team structure with a focus on microservices, Kubernetes, CI/CD, and AI-driven resource management, it is advisable to establish cross-functional teams with specialized expertise in DevOps, cloud-native development, and machine learning. Utilize tools such as Jira for agile workflow management, Jenkins and GitLab CI for automation, and Kubernetes-native solutions like ArgoCD to facilitate streamlined deployments. For AI-based resource optimization, consider solutions like KubeCost.",body,type,priority,answer
Tobi-Bueck/customer-support-tickets,customer_support_tickets_tobi,Currently facing an error during the payment transaction. Kindly help us resolve this problem at your earliest convenience.,Incident,medium,"Thank you for reaching out regarding the payment processing problem. To assist you further, please share your account number, the recent invoice number, and the specific error message you are encountering. With this information, we can look into the issue and work towards a prompt solution. We appreciate your patience.",body,type,priority,answer
Tobi-Bueck/customer-support-tickets,customer_support_tickets_tobi,"Sehr geehrtes Kundendienstteam,\n\nich möchte ein dringendes Anliegen melden, das die zentrale Kontoverwaltung betrifft. In letzter Zeit treten wiederholt Störungen auf, die die effiziente Verwaltung von Benutzerkonten erheblich beeinträchtigen. Diese Probleme verursachen verzögerte Kontenaktualisierungen, verhindern die plattformübergreifende Datenabstimmung und führen zu unerwarteten Fehlermeldungen beim Login.\n\nDer Fehler scheint sporadisch aufzutreten, wird jedoch zunehmend häufiger, was zu erheblichen Störungen im täglichen Betrieb führt. Da die zentrale Kontoverwaltung essenziell ist, sind reibungslose Authentifizierungs- und Autorisierungsprozesse für die Nutzer unabdingbar.",Incident,medium,"Vielen Dank, dass Sie uns bezüglich des dringenden Problems mit dem zentralen Kontoverwaltungssystem kontaktiert haben. Wir erkennen die Bedeutung und setzen alles daran, die Auswirkungen schnell zu beheben. Um Ihnen gezielt weiterhelfen zu können, bitten wir um spezifische Fehlermeldungen, Beispiele betroffener Nutzer sowie ungefähre Zeitpunkte der Ausfälle. Teilen Sie uns außerdem mit, ob kürzlich Änderungen an der Systemumgebung vorgenommen wurden. Vorübergehend empfehlen wir, den Browser-Cache und Cookies zu löschen und Anmeldeversuche zu außerhalb der Stoßzeiten durchzuführen. Unser Technikteam wird Sie so bald wie möglich mit Updates versorgen.",body,type,priority,answer
Tobi-Bueck/customer-support-tickets,customer_support_tickets_tobi,"Dear Customer Support Team,\n\nI trust this message reaches you well. I am seeking comprehensive details about automating multi-device integrations, especially as they pertain to financial organizations utilizing large datasets, machine learning algorithms, and custom rule-based investment approaches. My goal is to understand processes that can strengthen technological infrastructure and boost efficiency in decision-making across various platforms and devices.\n\nCould you please advise on effective methods for integrating different devices seamlessly?",Request,medium,"Thank you for your inquiry regarding automation practices for multi-device integration within financial institutions. In environments managing extensive data, machine learning models, and tailored investment rules, it is advisable to implement secure APIs, centralized data repositories, and strict role-based access controls to maintain data integrity and security across all devices. Additionally, leveraging orchestration tools for automation can streamline workflows and facilitate the incorporation of machine learning insights into decision-making. Please refer to our technical documentation and relevant case studies for further guidance.",body,type,priority,answer
Tobi-Bueck/customer-support-tickets,customer_support_tickets_tobi,"Dear Customer Support Team,\n\nI hope this message reaches you well. I am reaching out to inquire about the marketing services provided by your company. Could you kindly supply detailed information about the range of services, pricing structures, and available packages? Additionally, I would appreciate it if you could share examples of past successful campaigns or case studies that demonstrate your expertise.\n\nHaving these details will greatly help in assessing how your services can align with our business objectives. Please also include information about the onboarding process.",Request,medium,"Thank you for your interest in our marketing solutions. We offer a comprehensive array of services including digital marketing, social media management, email campaigns, SEO optimization, and content creation. Our pricing is flexible; individual services can be purchased separately or bundled into packages tailored to various business requirements. For a detailed quotation, please specify your goals and preferred services. We would be happy to provide case studies and examples of successful campaigns upon request.",body,type,priority,answer
Tobi-Bueck/customer-support-tickets,customer_support_tickets_tobi,"Dear Customer Support Team,\n\nI hope this message reaches you well. I am writing to request in-depth information concerning the billing process. Our customer seeks to gain a clearer understanding of how billing is managed from start to finish, including key dates, charges, accepted payment options, and procedures for handling adjustments or disputes.\n\nSpecifically, they are interested in the timeline of billing cycles, the generation and dispatch of invoices, and the expected deadlines for payments. Additionally, it would be helpful to know about any late payment penalties.",Request,low,"We appreciate your inquiry about the billing process. Invoices are issued at the beginning of each billing cycle and are sent via email, with payments due within 30 days. Accepted payment methods include credit cards, bank transfers, and PayPal. Penalties for late payments may include a fee of 2% per month. For billing discrepancies or disputes, please contact us with supporting details so we can investigate and process necessary credits or refunds. Feel free to reach out with any further questions.",body,type,priority,answer
Tobi-Bueck/customer-support-tickets,customer_support_tickets_tobi,"Sehr geehrter Kundendienst,\n\nWir stoßen auf mehrere Ausfälle bei Geräten, Antennen, Schaltern und AV-Systemen, die Microsoft Word betreffen. Wir vermuten, dass Netzwerkverbindungs- oder Firmware-Probleme die Ursache sind. Bereits wurden grundlegende Troubleshooting-Schritte unternommen, wie das Neustarten der Geräte und die Überprüfung der Verbindungen, doch die Probleme bestehen weiterhin. Bitte beraten Sie uns zu weiteren Maßnahmen zur Behebung der Störungen.\n\nVielen Dank.",Incident,medium,"Vielen Dank für Ihre Nachricht. Um Ihnen besser helfen zu können, könnten Sie bitte die Fehlermeldungen oder Symptome, die bei Microsoft Word auftreten, genauer beschreiben? Teilen Sie uns außerdem bitte Ihre Netzwerkeinrichtung und etwaige kürzliche Änderungen mit. Falls es dringlich ist, können Sie auch einen Anruftermin vereinbaren.",body,type,priority,answer
Tobi-Bueck/customer-support-tickets,customer_support_tickets_tobi,"Sehr geehrter Kundenservice,\n\nich möchte mich erkundigen, welche verschiedenen Investmentansätze von Ihrem Unternehmen angeboten werden. Besonders interessiert mich, wie unterschiedliche Risikoprofile mit finanziellen Zielen in Einklang gebracht werden können. Könnten Sie bitte ausführliche Informationen zu den verfügbaren Anlagetypen, den erwarteten Erträgen sowie den möglichen Risiken bereitstellen? Zudem bin ich an einer Beratung interessiert, um den Einstieg zu erleichtern, und möchte wissen, welche Beratungsdienste Sie anbieten, um bei Entscheidungsprozessen zu unterstützen. Vielen Dank für Ihre Unterstützung. Ich freue mich auf eine zeitnahe Rückmeldung.\n\nMit freundlichen Grüßen,\n\n[Ihr Name]",Request,low,"Vielen Dank für Ihre Anfrage zu Investmentstrategien. Wir bieten eine Reihe von Anlageoptionen an, die auf unterschiedliche Risikoprofile und finanzielle Zielsetzungen abgestimmt sind, darunter konservative, ausgewogene und wachstumsorientierte Strategien. Konservative Ansätze umfassen festverzinsliche, niedrig-volatilitäts Instrumente, die geringere, aber stabilere Renditen ermöglichen. Ausgewogene Strategien kombinieren Aktien und Anleihen, mit dem Ziel, moderates Risiko bei mittleren Renditen zu erreichen. Wachstumsorientierte Strategien konzentrieren sich auf Aktien, die höhere potenzielle Renditen bei erhöhtem Risiko bieten.",body,type,priority,answer
Tobi-Bueck/customer-support-tickets,customer_support_tickets_tobi,"Dear Customer Support Team,\n\nI am reaching out to report an issue with the automated rebalancing system that has recently impacted my account. The system appears to be executing rebalancing activities as expected, yet it has resulted in notable discrepancies in my portfolio allocations. This has adversely affected the overall investment strategy and account performance.\n\nCould you please prioritize investigating this matter and provide insights into what might be causing the problem? Additionally, step-by-step guidance on how to resolve the issue in the meantime would be highly appreciated.\n\nThank you for your prompt attention.",Problem,low,"Thank you for reporting the problem with the automated rebalancing system. To assist you swiftly, please share your account number and recent transaction details. With this information, we can investigate the issue promptly and inform you of potential solutions.",body,type,priority,answer
Tobi-Bueck/customer-support-tickets,customer_support_tickets_tobi,"Dear Customer Service Team,\n\nI am reaching out to highlight an issue with the returns and exchanges system. Recently, I started a return for an item that met expectations, but I encountered delays and confusion over the status of the return.\n\nDespite adhering closely to the instructions provided, I have only received confirmation updates without clarity on whether the return has been received or processed. This has caused inconvenience, and I am uncertain about when to expect a refund or exchange.\n\nCould you please help resolve this issue? I would greatly appreciate clear guidance on the current status and next steps.",Incident,high,"Thank you for reaching out to us. To assist you further, kindly provide your order number or return reference. Once received, we will promptly verify the return status and advise on the subsequent steps.",body,type,priority,answer
Tobi-Bueck/customer-support-tickets,customer_support_tickets_tobi,"Dear Customer Support Team,\n\nI am urgently reporting a serious security breach involving multiple devices within our network. Continuous monitoring has identified irregular activity indicating possible unauthorized access to several vital equipment, including a laptop, UniFi Dream Machine, dashcam, and other connected devices. This unauthorized activity raises major concerns regarding the integrity and security of our systems.\n\nUpon detecting the anomaly, I immediately began initial isolation and incident response procedures.",Incident,high,"Thank you for reporting this critical security breach. Please proceed by providing details of the affected devices, logs that show unauthorized activity, and a timeline of events. If possible, confirm whether remote access analysis can be granted. Let us know a convenient time for a follow-up call, if preferred. We will prioritize your request and assist you promptly.",body,type,priority,answer
Tobi-Bueck/customer-support-tickets,customer_support_tickets_tobi,"Sehr geehrter Kundenservice,\n\nich möchte Ihre Aufmerksamkeit auf Unstimmigkeiten in den Abrechnungen lenken, die bei den letzten Einkäufen sowohl von Software als auch Hardware festgestellt wurden. Bei einer sorgfältigen Überprüfung unserer Rechnungen und Kaufbelege unseres Unternehmens wurden Diskrepanzen entdeckt, die möglicherweise auf Lizenzierungsprobleme oder Probleme bei der Produktbündelung zurückzuführen sind.\n\nInsbesondere scheinen Gebühren doppelt berechnet worden zu sein, und Softwarelizenzen sowie Hardwarekomponenten wurden möglicherweise falsch zugeordnet. Dies hat zu Verwirrung in unserer Buchhaltungsabteilung geführt und beeinträchtigt unsere Budgetplanung. Intern versuchen wir, die Rechnungen abzugleichen, doch die Differenzen sind weiterhin ungelöst.\n\nKönnten Sie",Problem,medium,"Vielen Dank, dass Sie auf die Abrechnungsdifferenzen hingewiesen haben. Wir verstehen, wie wichtig eine präzise Rechnungsstellung für Geschäftsprozesse und Budgetplanung ist. Um Ihnen bestmöglich weiterhelfen zu können, bitten wir Sie, Kopien der betreffenden Rechnungen bereitzustellen und die spezifischen Gebührenpositionen zu nennen, die möglicherweise doppelt berechnet oder falsch zugeordnet wurden. Dies wird uns helfen, eine gründliche Überprüfung durchzuführen und die Art der Gebühren zu klären. Sobald wir die erforderlichen Informationen erhalten haben, werden wir den Sachverhalt untersuchen und eine detaillierte Erklärung liefern, wobei wir auch mögliche Einflüsse von Lizenzierungs- oder Produktbündelungsproblemen auf die Abrechnung berücksichtigen.",body,type,priority,answer
Tobi-Bueck/customer-support-tickets,customer_support_tickets_tobi,"Dear Customer Support Team,\n\nI am seeking comprehensive details about the architecture of cloud-native SaaS platforms. Specifically, I am interested in how Agile teams collaborate within development and operational frameworks to ensure continuous delivery of improvements. Additionally, I would appreciate insights into the implementation of AI-powered resource allocation to enhance performance and scalability.\n\nFurthermore, I am keen to learn about the deployment and management of containerized services using Kubernetes orchestration, including support for deployment, scaling, and maintenance of the platform. Understanding the mechanisms involved is crucial to guarantee high availability and efficiency.",Request,medium,Thank you for your inquiry. I will forward your request to the technical team who can provide detailed documentation. May I have your preferred email address for follow-up communications?,body,type,priority,answer
Tobi-Bueck/customer-support-tickets,customer_support_tickets_tobi,"Dear Customer Support Team,\n\nI am submitting a report regarding multiple service disruptions within our systems that are currently hindering project progress and client interactions. These interruptions have considerably reduced operational productivity and have led to missed important deadlines.\n\nInitial checks suggest that the primary issue might be a widespread failure in network hardware connectivity. I have already carried out some basic troubleshooting steps, such as rebooting devices and performing initial diagnostic checks, but the problems persist.",Incident,high,"Thank you for bringing the service interruptions to our attention. We understand the importance of maintaining stable systems for project execution and client communication, and we apologize for any disruption caused. To assist us in identifying the root cause, could you please provide specific details about which systems or services were affected, when the outages began, and any error messages or logs you encountered? Also, let us know if these outages impacted users at a single location or across multiple sites.",body,type,priority,answer
Tobi-Bueck/customer-support-tickets,customer_support_tickets_tobi,"Dear Customer Support,\n\nI am experiencing multiple problems with peripheral devices and productivity software since the recent updates, which are no longer functioning correctly. The issues seem related to network connectivity and device compatibility. I have restarted the devices and thoroughly checked the connections, but the problems persist on both gaming PCs and office equipment. These issues significantly disrupt my workflow and productivity. Could you please assist with diagnosing and resolving these problems? Any guidance on compatibility patches, adjustments to network settings, or other troubleshooting steps would be greatly appreciated.\n\nThank you very much for your support.\n\nBest regards,",Incident,medium,"Thank you for reaching out regarding issues with peripheral devices and productivity tools following the recent updates. Please specify which devices and software are affected, and any error messages you have received. This information will help us provide targeted troubleshooting steps and advise on compatibility patches, as well as adjustments to network configurations.",body,type,priority,answer
Tobi-Bueck/customer-support-tickets,customer_support_tickets_tobi,"Dear Support Team,\n\nWe are experiencing sporadic outages affecting several products. We suspect these issues may be linked to a recent CI/CD pipeline update. The update appears to have impacted orchestration and resource allocation of microservices. We have already restarted the affected services and thoroughly reviewed Kubernetes logs, but the problem persists. Could you please assist us in diagnosing and resolving this issue promptly? Your quick attention and support would be greatly appreciated.\n\nBest regards,\n[Your Name]",Incident,medium,"Thank you for outlining the steps already taken. To assist further, please provide specific error messages, timestamps, and details of the outages. Additionally, inform us which products and microservices are most impacted. If you prefer a quicker resolution via phone, kindly suggest suitable times so we can arrange a call. We look forward to resolving the issue swiftly.",body,type,priority,answer
Tobi-Bueck/customer-support-tickets,customer_support_tickets_tobi,"Dear Support Team,\n\nI am submitting a report regarding an issue with the automation process of our high-brightness projector system. Recently, I have experienced repeated failures in the automation sequence, which has severely impacted our operations. The workflow seems to abruptly stop without any clear error messages or logs to identify the underlying cause.\n\nThis problem is critical as it affects our project deadlines; automation is vital for ensuring consistent performance and scheduling of the projector system. I have already attempted basic troubleshooting, including restarting the system.",Incident,high,"Thank you for reporting the high-brightness projector workflow issue. To assist you promptly, please provide the model number, software version, and a detailed description of the automation steps performed. If possible, share relevant system logs. Let us know a convenient time for a call if immediate assistance is required.",body,type,priority,answer
Tobi-Bueck/customer-support-tickets,customer_support_tickets_tobi,"Dear Customer Support Team,\n\nI am submitting a report regarding a significant performance concern with the Cloud SaaS platform. Over recent days, our team has observed frequent slowdowns and sporadic delays when trying to access essential features, which has disrupted daily workflows. These interruptions have caused notable inconvenience and have negatively affected our productivity.\n\nIn particular, the platform's response times have markedly increased, with pages taking several minutes to load entirely. This issue has been noticed across multiple users and various functionalities.",Incident,low,"We appreciate you bringing the performance concerns to our notice. We understand how crucial reliable and fast access to the Cloud SaaS platform is for your business operations, and we sincerely apologize for the inconvenience caused. Our technical team is actively investigating the reported increased response times and intermittent delays, focusing on pinpointing any widespread service issues. To assist us further, could you please specify which user accounts are affected, identify the particular features impacted, and provide approximate timeframes during which the slowdowns occurred? This information will greatly aid our efforts.",body,type,priority,answer
Tobi-Bueck/customer-support-tickets,customer_support_tickets_tobi,"Sehr geehrtes Support-Team,\n\nich möchte einen dringenden Vorfall melden, der die Erreichbarkeit unseres cloud-nativen SaaS-Produkts betrifft. In den letzten Stunden kam es zu erheblichen Serviceunterbrechungen, die zu Ausfällen führten und sowohl unsere Geschäftsprozesse als auch die Kundenerfahrung beeinträchtigen.\n\nDer Vorfall scheint mit zugrunde liegenden Infrastruktur- oder Plattformproblemen zusammenzuhängen, möglicherweise im Zusammenhang mit der Cloud-Umgebung, auf der die SaaS-Lösung gehostet wird. Da wir stark auf diese Plattform angewiesen sind, führt die aktuelle Störung zu erheblichen Beeinträchtigungen. Die Auswirkungen sind weitreichend.\n\nVielen Dank, dass Sie diesen dringenden Vorfall priorisiert haben. Wir verstehen die kritische Bedeutung der Störung für unsere Abläufe und Kunden. Unser technisches Team prüft derzeit die Ursachen der Störung bei der cloud-basierten SaaS-Anwendung. Die Behandlung des Problems erfolgt mit höchster Priorität, und wir werden Sie über Fortschritte bei unserer Untersuchung auf dem Laufenden halten. Falls möglich, bitten wir Sie, spezifische Fehlermeldungen oder betroffene Nutzerdaten zu übermitteln, um die Diagnose zu erleichtern. Wir schätzen Ihre Geduld und werden Sie umgehend informieren, sobald wir einen ungefähren Zeitrahmen für die Behebung haben.",Incident,medium,"Vielen Dank, dass Sie uns auf diesen dringenden Vorfall aufmerksam gemacht haben. Wir verstehen die kritischen Auswirkungen, die der Ausfall auf Ihre Abläufe und Kunden hat. Unser technische Team prüft derzeit die Ursachen der Störung bei der cloud-basierten SaaS-Anwendung. Die Behebung des Problems hat höchste Priorität, und wir werden Sie regelmäßig über den Fortschritt unserer Untersuchungen informieren. Wenn möglich, bitten wir Sie, spezifische Fehlermeldungen oder betroffene Nutzerdaten zu übermitteln, um die Diagnose zu erleichtern. Wir schätzen Ihre Geduld und werden Sie umgehend über den voraussichtlichen Zeitrahmen für die Lösung in Kenntnis setzen.",body,type,priority,answer
Tobi-Bueck/customer-support-tickets,customer_support_tickets_tobi,"Dear Customer Support Team,\n\nI hope this message finds you well. I am reaching out to request comprehensive billing documents related to recent transactions made by the company. Specifically, I would appreciate receiving a detailed invoice or bank statement that clearly outlines charges, fees, and the dates for the services or products billed. This information is essential for our accounting records.\n\nIf possible, please include relevant payment confirmations or receipts corresponding to the billing period. Should there be any discrepancies requiring adjustments, kindly provide explanations along with supporting documentation.\n\nThank you very much.",Request,low,"Thank you for reaching out regarding your billing documents. We are pleased to provide detailed, itemized invoices or bank statements for your recent transactions, including relevant payment confirmations and receipts. To ensure you receive the correct documents, could you please specify your account number, associated email address, and the desired billing period? If there are particular transactions you'd like us to review, please share those details as well, so we can address any discrepancies efficiently and make necessary adjustments.",body,type,priority,answer
Tobi-Bueck/customer-support-tickets,customer_support_tickets_tobi,"Dear Customer Support Team,\n\nI trust this message reaches you well. I am formally requesting an update on the security measures and compliance protocols implemented for the integrated devices utilized within telemedicine EMR/PACS systems. These devices encompass microphones, laptops, Internet of Things (IoT) gadgets, and data storage components.\n\nConsidering the sensitive nature of patient information managed by these platforms, it is crucial that security frameworks conform to the latest regulatory requirements, notably HIPAA, GDPR, and other relevant standards.",Change,low,"Thank you for reaching out regarding the adherence to security protocols and compliance measures for telemedicine EMR/PACS systems. We fully recognize the importance of maintaining stringent security standards, especially in relation to HIPAA, GDPR, and ISO 27001. To move forward, we will initiate a thorough review of the current security setup for microphones, laptops, IoT devices, and data storage components. This review will include an assessment of encryption techniques, access controls, data retention policies, and audit mechanisms.",body,type,priority,answer
Tobi-Bueck/customer-support-tickets,customer_support_tickets_tobi,"Dear Customer Support Team,\n\nI hope this message finds you well. I am reaching out to request detailed information about your ESG analytics offerings. Specifically, I am interested in understanding the features, data origins, and reporting functionalities of the service. Could you provide details on how these analytics can assist in making sustainable investment choices?\n\nThank you for your help. I look forward to your prompt reply.\n\nBest regards,\n[Your Name]",Request,medium,"Thank you for contacting us about our ESG analytics offerings. Our platform provides a wide range of features, such as real-time ESG scoring, customizable dashboards, and comprehensive reporting tools. It consolidates data from reputable international sources, including financial disclosures, regulatory documents, and third-party ESG data providers, ensuring accuracy and dependability. These analytics support sustainable investment decisions by highlighting ESG risks and opportunities, as well as monitoring corporate performance.",body,type,priority,answer
Tobi-Bueck/customer-support-tickets,customer_support_tickets_tobi,"Dear Customer Support Team,\n\nI am reaching out to report a critical problem with several monitoring devices involved in our analytics operations. Over the past few days, numerous monitors have become unresponsive and failed to establish proper connections. This issue is severely hampering our ability to perform vital analytical tasks, resulting in major disruptions to our workflow.\n\nWe believe the connectivity problems might be linked to recent network modifications or driver updates applied to our system. Despite our efforts, the issue persists.",Incident,medium,"We appreciate your contact and for providing detailed details about the connectivity issues affecting your monitoring devices and analytics workflow. To assist you more effectively, could you please specify the models of the affected devices, the operating systems in use, and any recent changes made to network drivers? Additionally, if there are any specific error messages displayed, please share them. This information will enable us to offer precise troubleshooting guidance. Since the workflow is significantly impacted, we can also arrange a remote session with a technician. Please let us know how you'd like to proceed.",body,type,priority,answer
Tobi-Bueck/customer-support-tickets,customer_support_tickets_tobi,"Sehr geehrtes Kundendienstteam,\n\nich wende mich an Sie, um Unterstützung bei Verbindungsproblemen mit meinem HTC Vive Cosmos Headset zu erhalten. Trotz Befolgung der empfohlenen Einrichtungsschritte gelingt es nicht, eine stabile Verbindung zwischen Headset und PC herzustellen. Das Problem besteht unabhängig vom verwendeten USB- oder HDMI-Anschluss; verschiedene Kabel wurden getestet, leider ohne Erfolg.\n\nDas Problem trat kürzlich nach einem regulären Software-Update auf, seitdem wird das Headset häufig vom System nicht mehr erkannt. Bitte stellen Sie sicher, dass die Treiber und Firmware auf dem neuesten Stand sind.",Incident,medium,"Vielen Dank, dass Sie sich wegen des Verbindungsproblems mit dem HTC Vive Cosmos an uns gewandt haben. Sie haben bereits die Treiber aktualisiert und verschiedene Kabel sowie Anschlüsse getestet. Bitte teilen Sie uns die genauen Fehlermeldungen aus dem Windows-Geräte-Manager mit und bestätigen Sie, welche Windows-Version Sie verwenden. Darüber hinaus bitten wir Sie, wenn möglich, aktuelle Diagnosedaten bereitzustellen. Diese Informationen helfen uns bei der weiteren Untersuchung. Falls nötig, vereinbaren wir gern einen Rückruf; teilen Sie uns dazu Ihre bevorzugte Zeit und Telefonnummer mit.",body,type,priority,answer
Tobi-Bueck/customer-support-tickets,customer_support_tickets_tobi,"Dear Customer Support Team,\n\nI am reaching out to request updates on the existing procedures of the SaaS platform, with a particular emphasis on strengthening collaboration among Agile teams such as Product, Backend, Frontend, DevOps, QA, and UX/UI. The objective is to boost scalability, security, system availability, and ensure proper multi-tenant separation.\n\nAt present, the coordination among these squads could be improved to better align their efforts towards key goals. By updating these processes, I hope to establish more transparent communication channels.",Change,medium,"Thank you for sharing your detailed request aimed at improving collaboration among Agile teams and enhancing the overall SaaS platform operations. We recognize the importance of scalability, security, uptime, and multi-tenant isolation, and agree that optimizing team cooperation is crucial for success. To proceed effectively, could you please provide additional information regarding current process workflows, existing challenges, and the specific tools or software you are currently using for communication and project management?",body,type,priority,answer
Tobi-Bueck/customer-support-tickets,customer_support_tickets_tobi,"Dear Customer Support Team,\n\nI am submitting a report regarding a persistent issue with device connections across the network. The problem seems to have arisen recently and may be related to a misconfiguration following the latest update to our network security settings. These connectivity disruptions are significantly impacting our operations, affecting numerous devices at the same time.\n\nOur Security Operations Center (SOC) and DevSecOps teams are currently investigating the matter through continuous diagnostics and penetration testing.",Incident,medium,"We appreciate your prompt notification about the urgent network connectivity problem affecting multiple devices. To assist you effectively, could you please provide detailed information about the recent network security update, including the types of affected devices, their operating systems, and any relevant error messages or logs? If possible, kindly specify the exact date and time when the issues started. This information will help us identify potential conflicts with compliance configurations. We are prepared to work closely with the SOC DevSecOps team to resolve this matter.",body,type,priority,answer
Tobi-Bueck/customer-support-tickets,customer_support_tickets_tobi,"Dear Customer Support Team,\n\nI trust this message finds you well. I am reaching out to formally request an update to the security protocols concerning the monitoring configurations related to EMR/PACS integrations and telemedicine platforms involving IoT medical devices. It is vital that these systems are aligned with the latest compliance standards, including HIPAA, GDPR, and ISO 27001.\n\nAs medical technologies advance, the associated risks and regulatory requirements evolve accordingly. Our organization is committed to ensuring the highest level of data privacy and protection for our patients and stakeholders. Given the increasing complexities in this area,",Change,high,"<name>,\n\nThank you very much for your inquiry regarding the update of security protocols for monitoring configurations in EMR/PACS integrations, telemedicine platforms, and IoT medical devices to ensure compliance with standards such as HIPAA, GDPR, and ISO 27001. We recognize the importance of these requirements and are dedicated to supporting efforts to maintain data protection.\n\nTo proceed efficiently, please kindly provide the following details: a list of the currently integrated systems and platforms, any third-party vendors involved, existing security controls, and recent compliance audit reports, if available.",body,type,priority,answer
Tobi-Bueck/customer-support-tickets,customer_support_tickets_tobi,"Dear Customer Support Team,\n\nI hope this message finds you well. I am reaching out to report an issue I am experiencing with the Account Management Center. It appears that the synchronization process is not functioning correctly, as the latest updates and modifications are not reflected on the platform.\n\nThis lack of synchronization causes significant difficulties, as I rely on the hub to manage my account settings and monitor activities. I have attempted basic troubleshooting steps such as logging out, clearing my browser cache, and using different devices, but the problem persists.\n\nCould you please look into this matter?",Incident,high,"Thank you for reaching out regarding the synchronization issue with the Account Management Center, <name>. Currently, there are no known outages or maintenance activities affecting the platform. To assist with further investigation, could you please confirm when approximately the recent changes or updates were made? Also, kindly provide details about the browser and operating system you are using. This information will help us identify and resolve the problem more efficiently. If this matter is urgent, please let us know if you prefer a phone call.",body,type,priority,answer
Tobi-Bueck/customer-support-tickets,customer_support_tickets_tobi,"Dear Customer Support Team,\n\nI hope this message reaches you well. I am writing to request comprehensive details about the process for exchanging a recently purchased item. I would like to understand the steps involved, the necessary documentation, and the typical duration for completing the exchange. Additionally, it would be helpful to know any specific conditions or restrictions that apply under the exchange policy.\n\nCould you also clarify whether it is necessary to return the original packaging and if there are any shipping charges involved?",Request,medium,"Thank you for reaching out about exchanging your product. To proceed, kindly provide your order number and the reason for the exchange. Usually, items should be returned with the original packaging and accessories included. You may need to present the original receipt as well. Shipping fees depend on the reason for the exchange; please confirm the details. The exchange process generally takes between 7 to 10 business days. Let us know your order number so we can give you specific instructions.",body,type,priority,answer
Tobi-Bueck/customer-support-tickets,customer_support_tickets_tobi,"Dear Customer Support Team,\n\nI hope this message reaches you well. I am reaching out to request comprehensive details about the marketing firm's offerings. Currently, I am exploring options to improve brand awareness through marketing tactics, and this agency comes highly recommended.\n\nCould you please share an overview of the marketing services provided, including specific expertise in areas such as digital advertising, social media management, content development, SEO, and branding? Additionally, I would be grateful for information on pricing, timelines, case studies, and team credentials.",Request,low,"Thank you for your interest in our marketing services. We specialize in digital advertising, social media management, content creation, SEO, and branding, customizing strategies to meet clients' needs. We will send you detailed information about our services, pricing, timelines, sample case studies, and team profiles shortly. Please specify your industry and provide relevant examples. Let us know if you'd like to schedule a call to discuss your requirements further.",body,type,priority,answer
Tobi-Bueck/customer-support-tickets,customer_support_tickets_tobi,"Dear Customer Support Team,\n\nI hope this message reaches you well. I am reaching out to request an in-depth overview of the product's capabilities. Gaining a comprehensive understanding of its features and functionalities is crucial for us to determine if it aligns with our requirements effectively. Could you kindly share documentation that summarizes the main features, highlighting the unique aspects of the product? Additionally, information regarding integration possibilities and scalability would be greatly appreciated.\n\nThank you in advance for your assistance. I look forward to your prompt reply.\n\nBest regards",Request,medium,"Thank you for your interest in our product. We will soon provide a summary of the key features, distinctive capabilities, integration options, and scalability. For detailed information, we will share official documentation. If you have specific requirements or use cases in mind, please let us know so we can customize the information accordingly. Kindly confirm whether you prefer the overview in PDF format, links, or online resources.",body,type,priority,answer
Tobi-Bueck/customer-support-tickets,customer_support_tickets_tobi,"Dear Customer Support,\n\nI am composing a report regarding a significant event within the Human Resources division that is currently disrupting the organization's functioning. The disturbance seems to be connected to recent structural adjustments and process modifications that are affecting multiple departments throughout the company. An initial review has been conducted to evaluate the situation thoroughly; however, the attempts to resolve the issue so far have been unsuccessful.\n\nConsidering the extensive impact, I urgently request your help in identifying the underlying cause and suggesting effective measures to reduce the disruption.",Incident,high,"Thank you for reporting the issue impacting the Human Resources department and the broader organization. To assist you efficiently, could you please provide detailed information about the specific nature of the disruption, any error messages, affected systems, the date and time when the problem first appeared, and which departments or users are affected? Also, kindly share details of recent changes made to HR processes or system settings, including the names of relevant contacts involved in those modifications. This information will help us address the situation effectively.",body,type,priority,answer
Tobi-Bueck/customer-support-tickets,customer_support_tickets_tobi,"Dear Customer Support Team,\n\nI hope this message finds you well. I am reaching out to request comprehensive guidance on how to incorporate Smartsheet into our existing processes across several vital departments, including marketing, creative studio, and analytics. Our objective is to enhance teamwork efficiency by utilizing Smartsheet's features.\n\nCould you kindly offer suggestions on how to effectively customize Smartsheet to meet the distinct requirements of our teams? We are particularly interested in learning the best methods for setup, customization, and automation to optimize collaboration and reporting within Smartsheet.",Request,medium,"Thank you for reaching out regarding Smartsheet integration. To provide tailored advice for your marketing, creative, and analytics teams, could you share your current workflows and main priorities? In the meantime, we will compile best practices, automation techniques, and resources to facilitate collaboration and reporting with Smartsheet. If you'd like to schedule a consultation call to discuss integration strategies and potential challenges, please let us know your availability.",body,type,priority,answer
Tobi-Bueck/customer-support-tickets,customer_support_tickets_tobi,"Following the latest Windows update, formulas in Excel 2021 are returning #VALUE! errors, which interfere with data analysis. We suspect there may be a compatibility issue with macros. After restarting Excel and reactivating the add-ins, the problem remains. Kindly assist us in resolving this issue.",Incident,high,"Thank you for reaching out regarding the #VALUE! errors in Excel 2021 after the recent Windows update. Since restarting Excel and re-enabling the add-ins have not resolved the problem, please attempt to open Excel in Safe Mode by holding down the Ctrl key while launching the application. This can help identify if a macro or add-in is causing the error. If the issue continues, please inform us if the errors occur with specific files, and provide sample files or screenshots to aid in troubleshooting.",body,type,priority,answer
Tobi-Bueck/customer-support-tickets,customer_support_tickets_tobi,"Dear Customer Support Team,\n\nI am submitting a report regarding an ongoing issue involving the Agile team that is currently disrupting the availability and performance of our SaaS platform. Since the problem began, we have observed considerable disturbances that have impacted our operations and user experience. We require urgent assistance to identify the underlying cause and to implement a solution as swiftly as possible. Please update us on the current status of the incident and provide estimated timelines for resolution. Additionally, advise on any temporary measures we can take to lessen the impact.",Incident,low,"Thank you for bringing this to our attention. We recognize the urgency of the incident affecting the SaaS platform's performance and apologize for the inconvenience caused. Our technical team is actively investigating the root cause related to the Agile team and is working to restore normal service as quickly as possible. At this time, we cannot specify an exact resolution timeframe but will keep you regularly informed of our progress. Meanwhile, if you notice any specific error messages or patterns linked to the performance issues, please share those details with us.",body,type,priority,answer
Tobi-Bueck/customer-support-tickets,customer_support_tickets_tobi,"Dear Customer Support Team,\n\nI am reaching out to seek comprehensive details about the architecture of a cloud-native SaaS platform. In particular, I am interested in understanding how agile teams coordinate within the development and operational framework to ensure ongoing delivery and continuous enhancement. Additionally, I would value insights into AI-powered resource management strategies that are employed to optimize system performance and scalability.\n\nMoreover, I am eager to learn about the use of Kubernetes orchestration for managing containerized services, including its role in deployment, scaling, and upkeep.",Request,medium,Thank you for your inquiry. I will escalate your request to our technical team to provide detailed documentation. Could you please confirm if your preferred contact method is email for follow-up?,body,type,priority,answer
Tobi-Bueck/customer-support-tickets,customer_support_tickets_tobi,"Sehr geehrtes Kundendienstteam,\n\nich möchte einen kürzlich aufgetretenen Vorfall melden, der unsere cloud-basierte SaaS-Lösung betrifft. In den letzten Stunden haben wir wiederholt Serviceunterbrechungen erlebt, die unsere Fähigkeit beeinträchtigt haben, auf wichtige Daten und Funktionen innerhalb der Plattform zuzugreifen. Die Leistung der Plattform hat sich erheblich verschlechtert, mit langsamen Reaktionszeiten und gelegentlichen Timeout-Fehlern, was unseren täglichen Betrieb stört.\n\nDa wir stark auf die SaaS-Plattform für unsere Geschäftsprozesse angewiesen sind, verursachen diese Unterbrechungen erhebliche betriebliche Verzögerungen. Wir haben unser lokales Netzwerk überprüft, um Verbindungsprobleme auszuschließen, und bestätigen die bestehenden Schwierigkeiten.",Incident,high,"Vielen Dank, dass Sie den Vorfall mit der cloud-basierten SaaS-Plattform gemeldet haben. Wir entschuldigen uns für die entstandenen Unannehmlichkeiten durch die Störungen, die unseren Betrieb beeinträchtigt haben. Ähnliche Serviceunterbrechungen wurden auch von anderen Kunden gemeldet, und unser technisches Team untersucht die Ursache mit höchster Priorität. Erste Erkenntnisse deuten darauf hin, dass das Problem möglicherweise mit einer Komponente innerhalb unserer Infrastruktur zusammenhängen könnte. Wir arbeiten eng mit dem Engineering-Team unseres Cloud-Anbieters zusammen, um die Ursache der intermittierenden Leistungseinbußen zu ermitteln.",body,type,priority,answer
Tobi-Bueck/customer-support-tickets,customer_support_tickets_tobi,"Dear Customer Support,\n\nI wish to report a persistent issue with our laser printer when used with MacBook Pros running iOS 15. Several users have recently encountered this problem, which seems to be related to the latest macOS iOS 15 updates.\n\nWe suspect the problem may be due to driver incompatibilities following recent system updates, possibly affecting the printer firmware. To troubleshoot, we have restarted both the printer and MacBook devices, reinstalled the printer drivers, and verified that network connections are stable and operational.",Incident,medium,"Thank you for reaching out regarding connectivity problems between your laser printer and MacBook Pros running the latest macOS iOS 15 updates. We understand how disruptive this can be and appreciate the troubleshooting steps you've already taken. To assist you further, please confirm the exact model of your MacBook and the current version of macOS (noting that iOS applies to iPhones and iPads). Additionally, kindly provide the model of your laser printer along with the installed driver version. In the meantime, we recommend visiting the manufacturer's website to check for any available updates to drivers or firmware compatible with macOS 15.",body,type,priority,answer
Tobi-Bueck/customer-support-tickets,customer_support_tickets_tobi,"Dear Customer Support,\n\nI am reaching out to inquire about the company's use of Python-driven machine learning models in conjunction with large-scale data repositories to enhance Environmental, Social, and Governance (ESG) analytics and rule-based investment strategies for institutional clients. Gaining an understanding of the technological frameworks and methodologies employed would greatly aid in assessing integration capabilities.\n\nSpecifically, I am interested in learning how Python's machine learning libraries are utilized within ESG analytics processes, and how big data lakes support data processing and management.",Request,low,"Thank you for your inquiry regarding the application of Python-based machine learning technologies and big data systems in ESG analytics and rule-based investment strategies. Our workflows incorporate Python ML libraries such as scikit-learn and TensorFlow for data analysis and predictive modeling, integrated with large-scale data platforms like Apache Hadoop and Spark for scalable data management. This combination allows us to efficiently process extensive ESG datasets, thereby enhancing the accuracy and speed of our investment algorithms.",body,type,priority,answer
Tobi-Bueck/customer-support-tickets,customer_support_tickets_tobi,"Sehr geehrtes Support-Team,\n\nich möchte ein Problem mit dem automatisierten Neugewichts-Analysetool melden. Es scheint, dass das System erwartete Portfolioanpassungen exakt widerspiegelt, während die Analyseberichte Diskrepanzen aufweisen. Dieses Problem beeinträchtigt meine Fähigkeit, fundierte Investitionsentscheidungen zu treffen. Ich würde es begrüßen, wenn Ihr Team die Angelegenheit zeitnah untersuchen und eine Anleitung zur Lösung bereitstellen könnte. Bitte lassen Sie mich wissen, falls weitere Informationen auf Ihrer Seite benötigt werden.\n\nVielen Dank für Ihre Unterstützung.\n\nMit freundlichen Grüßen,\n[Ihr Name]",Incident,medium,"Vielen Dank, dass Sie das Problem mit dem automatisierten Neugewichts-Analysetool gemeldet haben. Um die Untersuchung zu vertiefen, könnten Sie bitte konkrete Beispiele für die Diskrepanzen angeben, inklusive der entsprechenden Kontonummer sowie des letzten Berichtsdatums? Diese Informationen helfen uns, die Angelegenheit schneller zu klären. Wir schätzen Ihre Mitarbeit sehr.",body,type,priority,answer
Tobi-Bueck/customer-support-tickets,customer_support_tickets_tobi,"Dear Customer Support Team,\n\nI am submitting a report regarding a security breach involving the EMR/PACS systems. An unauthorized access attempt was detected, seemingly stemming from a phishing email targeting the EMR/PACS integrations. Fortunately, the Security Operations Center (SOC) responded promptly to isolate the compromised systems and prevent further infiltration.\n\nAt present, the SOC has launched continuous 24/7 surveillance and is actively working on threat mitigation efforts to address any remaining risks. I am worried about the possibility of data exposure.",Incident,high,"Thank you for informing us about the security breach involving EMR/PACS systems. We take this matter very seriously. To assist with reviewing your current security measures and to provide customized suggestions, could you please share additional details such as the scope of the attempted access, any vulnerabilities identified, and the versions of the EMR/PACS platforms involved? This information will enable us to perform a comprehensive analysis and offer precise remediation guidance. In the meantime, we advise resetting the credentials associated with the affected systems.",body,type,priority,answer
Tobi-Bueck/customer-support-tickets,customer_support_tickets_tobi,"Dear Customer Support Team,\n\nI hope this message reaches you well. I am writing to request an update to the marketing agency service summary currently listed in our account. We have recently implemented several strategic modifications to our offerings, and it is essential that the service overview accurately represents these changes so that clients and stakeholders are kept informed with the latest information.\n\nThe primary updates include improvements to digital marketing tactics, the addition of new analytics tools, and an expanded social media management portfolio.",Change,low,"Thank you for reaching out regarding the revision of the marketing agency service summary. To proceed, could you please provide detailed wording or documentation describing the enhancements to digital marketing strategies, specifics of the new analytics tools, and the expanded social media management services? This information will allow us to accurately update the service overview to reflect the newest offerings. Once we receive the necessary details, we will prioritize the update for live deployment. Kindly inform us of your preferred target date for these updates.",body,type,priority,answer
Tobi-Bueck/customer-support-tickets,customer_support_tickets_tobi,"Dear Customer Support Team,\n\nI am writing to report persistent difficulties in synchronizing workflows across various departments, namely Strategy, Creative, and Analytics. Recently, we have faced notable delays that seem to stem from the complexity of integrating different workflow systems and challenges in streamlining communication among teams.\n\nAlthough we have tried to review our current procedures and increase the frequency of team check-ins, these issues continue to affect our overall productivity and project timelines. We believe that addressing these coordination problems is crucial for improvement.",Incident,low,"Thank you for reaching out about the coordination issues between the Strategy, Creative, and Analytics divisions. To assist you more effectively, could you please specify which workflow communication tools you are currently utilizing? This information will help us suggest suitable integrations or centralized platforms to meet your needs. Meanwhile, many organizations have found success with unified project management solutions such as Asana or Monday.com, which help centralize communication and task management. We also recommend establishing clear communication channels and defining roles to enhance collaboration.",body,type,priority,answer
Tobi-Bueck/customer-support-tickets,customer_support_tickets_tobi,"Dear Customer Support Team,\n\nI trust this message reaches you well. I am reaching out to highlight a significant issue we've encountered with the Agile team collaboration systems. Recently, our team has faced interruptions that hinder our ability to communicate and coordinate on vital projects efficiently.\n\nIn particular, the collaboration platform has been sporadically unresponsive, leading to delays in task updates and misalignments among team members. This has caused confusion regarding assignments and deadlines, ultimately impacting our workflow.",Incident,low,"Thank you for reporting the issues your Agile team is facing with the collaboration platform. Currently, we are aware that ongoing maintenance and widespread outages could be causing the intermittent unavailability. To assist you further, could you please share details about the collaboration tool's usage, any specific error messages or symptoms you've observed, as well as relevant logs or screenshots? This information will help us diagnose the problem more effectively. In the meantime, please continue using alternative communication channels to coordinate your activities.",body,type,priority,answer
Tobi-Bueck/customer-support-tickets,customer_support_tickets_tobi,"Customer Support Team,\n\nI hope this message reaches you in good health. I am reaching out for help regarding a connection problem between my Bose headset and my QNAP NAS device. Despite multiple efforts to establish a steady link, I haven't been able to get the headset to function correctly with the NAS, which is causing considerable interruptions to my daily activities.\n\nI have confirmed that both devices are running the latest firmware and software versions. Additionally, I have attempted to reconnect and restart the devices several times.",Incident,medium,"Thank you for contacting us. Could you specify whether you are trying to connect the Bose headset to the QNAP NAS via Bluetooth, USB, or another method? This information will help us assist you more effectively.",body,type,priority,answer
Tobi-Bueck/customer-support-tickets,customer_support_tickets_tobi,"Dear Customer Support,\n\nI am submitting a report regarding a serious problem with Airtable that affects multiple interconnected tools utilized by various departments. Recently, after making adjustments to our workflows, we observed that data is not syncing correctly across departments. This failure to synchronize is causing major operational disruptions, as data updates are not consistently reflected across all platforms.\n\nWe have already attempted several troubleshooting methods, including manually refreshing data connections and clearing caches within Airtable integrations.",Incident,high,Thank you for bringing this issue to our attention. Kindly specify which integrated tools are impacted and share recent changes to your workflows along with any error logs. This information will assist us in further investigating the problem.,body,type,priority,answer
Tobi-Bueck/customer-support-tickets,customer_support_tickets_tobi,"Dear Support Team,\n\nI am submitting a report regarding a critical problem impacting various hardware and software components in the setup. Recently, I experienced concurrent failures across multiple devices and applications, significantly impairing my workflow. The affected hardware includes a scanner, printer, several cameras, and a USB hub. In addition to these hardware issues, several software platforms such as Linux Mint, Excel, and my MacBook Pro have ceased functioning correctly.\n\nThe issue originated when",Incident,high,"Thank you, <name>. To assist you further, could you please provide specific error messages, details of the exact device models, and any recent modifications to the system? Also, please confirm whether remote access to the devices is available for troubleshooting.",body,type,priority,answer
Tobi-Bueck/customer-support-tickets,customer_support_tickets_tobi,"Sehr geehrter Kundendienst, ich bitte um detailliertere Auskünfte zu Ihren Produkten und Dienstleistungen. Könnten Sie bitte Broschüren, technische Datenblätter und relevante Informationen bereitstellen, um das Angebot besser nachvollziehen zu können? Vielen Dank im Voraus.",Request,high,"Vielen Dank für Ihre Anfrage bezüglich unserer Produkte und Dienstleistungen. Gerne stellen wir Ihnen ausführliche Broschüren, technische Spezifikationen und weitere Details zur Verfügung, um das Angebot verständlicher zu machen. Bitte teilen Sie uns mit, an welchen bestimmten Produkten oder Services Sie interessiert sind, damit wir die passenden Materialien zusenden können. Falls Sie spezielle Anforderungen oder weitere Fragen haben, zögern Sie bitte nicht, uns dies mitzuteilen. Wir freuen uns darauf, Ihnen weiterhelfen zu dürfen.",body,type,priority,answer
Tobi-Bueck/customer-support-tickets,customer_support_tickets_tobi,"Dear Customer Support,\n\nI am seeking advice on how to integrate QuickBooks Online, a cloud-based SaaS platform. Since we are employing a microservices architecture, I want to ensure that API connections are both secure and dependable. Furthermore, my goal is to achieve seamless data synchronization across systems to preserve data integrity with real-time updates. Could you please share best practices and documentation on securely connecting APIs within this context, along with recommendations on tools and frameworks suitable for microservices integration with QuickBooks Online?",Request,high,"Thank you for reaching out regarding the secure integration of QuickBooks Online, a cloud-native SaaS platform. To establish a secure connection to QuickBooks Online API within a microservices setup, it is advisable to utilize OAuth 2.0 authentication to guarantee secure API interactions over HTTPS. Incorporating token management and refresh logic into your services can help maintain stable and secure connections. For data synchronization, consider implementing event-driven architectures using message queue systems like Apache Kafka, AWS SNS, or SQS.",body,type,priority,answer
Tobi-Bueck/customer-support-tickets,customer_support_tickets_tobi,"Dear Support Team,\n\nWe are currently experiencing a major disruption in the cloud infrastructure, which is affecting our SaaS products. This interruption is hindering our business functions, and we urgently need assistance to resolve the problem. Kindly update us on the current status and provide an estimated timeframe for service restoration.\n\nWe appreciate your immediate attention to this urgent matter.\n\nBest regards,\n[Your Name]",Incident,high,"<name>,\n\nThank you for reaching out regarding the ongoing disruption impacting SaaS services. We sincerely regret the inconvenience caused to your business operations. Our technical team is actively diagnosing the problem as a top priority and is working diligently to restore services as swiftly as possible. At present, the root cause has been pinpointed, and a resolution is in progress. We anticipate providing an update with an estimated full recovery time within the next hour. We will keep you informed of any developments as new information becomes available.",body,type,priority,answer
Tobi-Bueck/customer-support-tickets,customer_support_tickets_tobi,"Dear Customer Support Team,\n\nI am submitting a report about a significant disturbance impacting the deployment of microservices on our SaaS platform. Over the past few hours, there have been sporadic failures and delays in the deployment process, which hinder our ability to release updates and maintain service standards.\n\nThe problem seems connected to the deployment pipeline, where microservices are either failing to start properly or not becoming fully operational within expected timeframes. Despite several restart attempts and rollback procedures, the issue persists. The disruption is currently affecting our operations.",Incident,low,"Thank you for notifying us about the deployment disruption. To assist you further, could you please share details of recent modifications to the deployment pipeline, any error messages received, and which microservices are impacted? We are prepared to escalate this to our engineering team. Your prompt response would be highly appreciated.",body,type,priority,answer
Tobi-Bueck/customer-support-tickets,customer_support_tickets_tobi,"Dear Customer Support Team,\n\nI am reaching out to highlight an ongoing problem with the billing system concerning the most recent invoice. Specifically, the billing platform failed to process a recent invoice involving several hardware items. After some investigation, it seems the root cause is a synchronization fault within the product catalog microservices.\n\nThis synchronization glitch led to mismatches in the product cataloged and billed, causing some billing details to be incomplete or missing from the invoice. I have attempted to resolve this issue.",Problem,low,"Thank you for informing us about the billing processing problem caused by the synchronization malfunction in the product catalog microservices. To assist us further, could you please provide specific invoice numbers or sample logs? This information will enable us to escalate the issue to the technical team for a swift investigation. We appreciate your cooperation and are committed to resolving this matter as soon as possible.",body,type,priority,answer
Tobi-Bueck/customer-support-tickets,customer_support_tickets_tobi,"Sehr geehrter Kundenservice,\n\nich hoffe, diese Nachricht erreicht Sie wohlbehalten. Ich schreibe, um detaillierte Informationen über die Struktur unseres Agile-Teams zu erfragen, insbesondere die Organisation, die verwendet wird. Ein Verständnis der Zusammensetzung sowie der Rollen und Verantwortlichkeiten innerhalb des Teams wäre äußerst hilfreich, da wir unsere Prozesse stärker auf agile Methoden ausrichten möchten. Könnten Sie bitte relevante Dokumentationen oder Einblicke bereitstellen, wie die Teams für den täglichen Betrieb organisiert sind?\n\nVielen Dank im Voraus für Ihre Unterstützung. Ich freue mich auf eine schnelle Rückmeldung.\n\nMit freundlichen Grüßen,\n[Your Name]",Request,medium,"Vielen Dank für Ihre Anfrage bezüglich unserer Agile-Teamstruktur. In unserer Organisation besteht ein Agile-Team typischerweise aus 6 bis 9 Mitgliedern, darunter ein Product Owner, ein Scrum Master sowie funktionsübergreifende Teammitglieder wie Entwickler, Tester und Designer. Der Product Owner ist verantwortlich für die Priorisierung und Pflege des Product Backlogs, während der Scrum Master die agile Zeremonien erleichtert und Hindernisse beseitigt. Die Teammitglieder arbeiten gemeinsam an Inkrementen in Sprints und nehmen regelmäßig an Veranstaltungen wie Sprint-Planung, Daily Stand-ups und Sprint-Reviews teil.",body,type,priority,answer
Tobi-Bueck/customer-support-tickets,customer_support_tickets_tobi,"Sehr geehrter Kundendienst,\n\nich benötige umfassende Details zu den empfohlenen Vorgehensweisen bei der Einbindung unserer cloud-basierten SaaS-Plattform mit verschiedenen Drittanbieter-Hardware, darunter SD-Karten, Tastaturen, Mikrofone sowie intelligente Staubsaugerroboter. Könnten Sie bitte Richtlinien, geeignete Protokolle und relevante Dokumentationen bereitstellen, um eine reibungslose und effektive Integration zu gewährleisten?\n\nVielen Dank für Ihre Unterstützung.\n\nMit freundlichen Grüßen,\n[Your Name]",Request,low,Bitte geben Sie die spezifischen Hardwaremodelle an.,body,type,priority,answer
Tobi-Bueck/customer-support-tickets,customer_support_tickets_tobi,"Dear Customer Support Team,\n\nI am submitting a report regarding a current issue affecting the availability of the product's functionalities. Since yesterday, we have been experiencing sporadic interruptions that notably hinder our operations. The product's efficiency has declined, leading to occasional delays and failures in essential features needed for daily tasks.\n\nOur business heavily depends on this product, and these ongoing problems are causing inconvenience and risking decreased productivity. Could you please investigate this matter promptly and provide us with assistance?",Incident,medium,"<name>,\n\nThank you for bringing this to our attention. We apologize for the inconvenience caused by these disruptions affecting your operations. To investigate the issue further, could you kindly share details such as your account number, specific modules of the product impacted, and examples of errors or failures encountered? If possible, relevant timestamps and screenshots would be very helpful. Meanwhile, we recommend restarting the affected application and clearing the cache as temporary solutions, which often resolve intermittent performance problems. Once we receive the requested information, our team will prioritize the investigation.",body,type,priority,answer
Tobi-Bueck/customer-support-tickets,customer_support_tickets_tobi,"Dear Support Team,\n\nWe are facing several equipment malfunctions that are significantly disrupting our operations. Potential reasons could include power fluctuations, network problems, or issues with automated processes. We have examined the connections, restarted the devices, updated the drivers, and changed the ports, but the issue remains. Kindly advise on the troubleshooting procedures and possible solutions.\n\nThanks.",Incident,high,"Thank you for providing details of the measures you've already undertaken. To assist you further, could you specify the types and models of the affected devices, any error messages encountered, and whether the failures happen during particular times or specific tasks? This information will help us deliver precise troubleshooting guidance. As this is urgent, please inform us of a convenient time for a call to resolve the issue swiftly.",body,type,priority,answer
Tobi-Bueck/customer-support-tickets,customer_support_tickets_tobi,"Dear Customer Support,\n\nWe are experiencing several severe failures of technological equipment, which are significantly impacting real-time analysis engines for weight measurement. Despite restarting key systems, initial troubleshooting steps, including hardware and software configuration adjustments, have not resolved the unresponsiveness of the devices. We suspect that the problem may be linked to network configuration errors. Immediate assistance is required to diagnose and resolve the issue, as it disrupts essential operational functions. Please advise on the next steps to restore full system functionality as quickly as possible.\n\nThank you for your prompt support regarding this matter.",Incident,high,"Thank you for reaching out about the critical device failures affecting real-time weight analysis engines. We understand the urgency and impact on your operations. To assist you as swiftly as possible, please provide additional information: specify the operating systems used on the affected devices, confirm whether recent changes have been made to the network or configurations, and indicate if similar issues are confined to specific devices within the same network segment. Please also share any relevant details regarding recent updates or modifications.",body,type,priority,answer
Tobi-Bueck/customer-support-tickets,customer_support_tickets_tobi,"Dear Customer Support Team,\n\nI am experiencing repeated disconnections when accessing cloud-based applications on my Chromebook. This issue hampers my ability to view real-time analytics dashboards essential for my workflow. The problem appears to have begun after recent operating system updates. I have already tried basic troubleshooting steps such as resetting network configurations, but the problem persists. Since maintaining a stable connection is crucial for my tasks, I would greatly appreciate your assistance in resolving this matter.",Problem,medium,"Thank you for reaching out, <name>. To assist you further, could you please specify your Chromebook's operating system version and the type of network connection (Wi-Fi or Ethernet)? Are only certain devices affected, and if so, which ones? Additionally, please provide any specific error messages you see when the disconnections occur.",body,type,priority,answer
Tobi-Bueck/customer-support-tickets,customer_support_tickets_tobi,"Dear Customer Support,\n\nI am writing to urgently request assistance regarding ongoing connection problems with our video conferencing system. Despite attempts to resolve the matter, the system continues to experience interruptions that hinder effective communication.\n\nWe have already rebooted the relevant hardware, updated device drivers to the latest versions, and confirmed that the network connection is stable. Nonetheless, the issue remains, which leads us to believe that there might be a software or network configuration problem.\n\nCould you please",Incident,medium,"Thank you for reaching out. To assist you better, could you specify the version of the video conferencing software you are using, the error messages encountered, and details about your operating system and network configuration? This information will enable us to offer precise troubleshooting guidance. If you prefer a phone call, please let us know a convenient time and your contact number.",body,type,priority,answer
Tobi-Bueck/customer-support-tickets,customer_support_tickets_tobi,"Dear Customer Support Team,\n\nI am reporting a significant problem with Evernote and related technical applications. These issues are disrupting high-priority processes and causing delays and interruptions in essential daily activities.\n\nSpecifically, I have observed that Evernote often malfunctions, possibly due to conflicts with recent system updates. The disruptions have increased over the past few days, severely impacting productivity.\n\nTo resolve this, I have already attempted some basic troubleshooting procedures.",Incident,high,"Thank you for providing details about the urgent issues encountered with Evernote. We recognize the serious effect this has on your workflows and are dedicated to resolving the matter as swiftly as possible. To assist you further, please clarify the specific symptoms of malfunction you are experiencing, such as error notifications, synchronization issues, crashes, or features not functioning as expected. Also, inform us of the current version of Evernote you are using and the operating systems on the affected devices. If possible, kindly share recent logs for further analysis.",body,type,priority,answer
Tobi-Bueck/customer-support-tickets,customer_support_tickets_tobi,"Dear Customer Support Team,\n\nI am submitting a report regarding a significant disruption in service currently impacting multiple networked devices. The root cause appears to be either hardware or network-related, but despite our efforts, we have been unable to pinpoint or resolve the underlying issue.\n\nTo address the problem, we have already taken several essential steps. Initially, we rebooted the affected devices to rule out temporary malfunctions. Subsequently, we performed extensive network diagnostics, including ping tests, traceroutes, and connectivity checks.",Incident,high,"Thank you for informing us about the service disruption affecting multiple devices. We appreciate the detailed troubleshooting efforts you've conducted. To assist us further in our investigation, could you please provide the model numbers and firmware versions of the affected devices, as well as any recent modifications to the network environment? Additionally, please share relevant system event logs. Given the urgency due to the impact on critical operations, we will arrange a call to discuss the matter further.",body,type,priority,answer
Tobi-Bueck/customer-support-tickets,customer_support_tickets_tobi,"Dear Customer Support Team,\n\nWe are currently facing substantial technical problems impacting various items within the organization, including printers, computers, network hardware, and accessories. The disruptions seem to originate from possible issues related to network or power supply. Despite initial troubleshooting steps such as checking hardware connections and attempting device reboots, the problems persist.\n\nThese widespread disruptions are hindering daily activities, and we urgently need assistance.",Incident,high,"Thank you for informing us about the technical difficulties involving printers, computers, network equipment, and accessories. We recognize the urgency of the situation and are prioritizing this case. To assist you further, could you please provide more details? Specifically, inform us about any recent modifications to the network or power systems, and whether error messages or indicator lights are visible on affected devices. It would also be helpful to know the specific locations, floors, or departments impacted.",body,type,priority,answer
Tobi-Bueck/customer-support-tickets,customer_support_tickets_tobi,"Sehr geehrtes Support-Team,\n\nich hoffe, diese Nachricht erreicht Sie wohlauf. Ich möchte detaillierte Informationen zu den Dienstleistungen einer Marketing-Agentur erfragen, da ich als Geschäftsinhaber meine Marketingstrategien optimieren möchte und an einem vollständigen Angebot Ihrer Agentur interessiert bin.\n\nKönnten Sie bitte einen Überblick über Ihre Marketinglösungen geben, inklusive digitaler Werbung, Verwaltung sozialer Medien, Content-Produktion, Suchmaschinenoptimierung und weiterer relevanter Services? Zusätzlich wären Informationen zu Ihrer Herangehensweise bei Kampagnenplanung, -umsetzung und -analyse äußerst hilfreich.\n\nIch bin daran interessiert, mehr über Ihre Preisstrukturen zu erfahren, inklusive Beispielen für Pakete und Fallstudien. Bitte teilen Sie mir auch die bevorzugte Kontaktmethode mit und informieren Sie mich über Ihre spezifischen Marketingziele, damit ich Ihnen maßgeschneiderte Details zukommen lassen kann.",Request,low,"Vielen Dank für Ihr Interesse an den Marketing-Agentur-Dienstleistungen. Wir bieten umfassende Lösungen an, darunter digitales Marketing, Management sozialer Medien, Content-Erstellung, SEO und mehr. Unser Ansatz umfasst Strategiefestlegung, Kampagnenplanung, Umsetzung sowie detaillierte Analysen, mit kontinuierlicher Zusammenarbeit und regelmäßigen Berichten. Unsere Pakete sind flexibel und auf Ihre Bedürfnisse abgestimmt. Die Preise variieren je nach Umfang und Dauer der Projekte; Musterpakete und Fallstudien stellen wir gerne auf Anfrage bereit. Bitte teilen Sie uns Ihre bevorzugte Kontaktmethode sowie Ihre spezifischen Marketingziele mit, damit wir Ihnen passende, individuelle Angebote unterbreiten können.",body,type,priority,answer
Tobi-Bueck/customer-support-tickets,customer_support_tickets_tobi,"Dear Customer Support Team,\n\nI hope this message reaches you well. I am writing to request comprehensive details about the system's architecture. Gaining insight into the design framework of the platform is essential for us to enhance integration and maximize service utilization. Could you kindly share any available documentation that describes the platform's components, data transmission pathways, and security protocols? Your assistance in this matter would be highly valued.\n\nThank you in advance for your support.\n\nBest regards,\n[Your Name]",Request,low,"Thank you for requesting detailed information about the platform's architecture. We appreciate your interest in gaining a deeper understanding to improve system integration and efficiency. The documentation provided outlines the platform's components, data flow mechanisms, and security protocols. Due to security considerations, please share your details with directly authorized contacts. Kindly confirm your organization's role to verify your access level. Once verified, we will supply the relevant documentation. If there are specific areas or questions you are particularly interested in, please let us know.",body,type,priority,answer
Tobi-Bueck/customer-support-tickets,customer_support_tickets_tobi,"Dear Customer Support Team,\n\nI hope this message reaches you well. I am reaching out to seek detailed instructions regarding the procedures for returning or exchanging orders made through your platform. I recently purchased a product that, unfortunately, did not meet my expectations, and I would like to understand the steps involved in initiating a return or exchange.\n\nCould you kindly provide comprehensive details about your return policy? Specifically, I am interested in knowing the time frame within which returns or exchanges must be requested, as well as any conditions or restrictions that apply.",Request,medium,"Thank you for reaching out to us about the return and exchange procedures. You can request a return or exchange within 30 days of receiving your order, provided the item is unused and in its original packaging. A proof of purchase is necessary. Please be aware that some clearance items may be eligible for returns. Customers are responsible for return shipping costs unless the item is defective or incorrect, and a restocking fee may be applied. Once we receive the returned item, processing typically takes 5-7 business days.",body,type,priority,answer
Tobi-Bueck/customer-support-tickets,customer_support_tickets_tobi,"Sehr geehrtes Support-Team,\n\nich möchte einen kritischen Fehler melden, der den Zugriff auf Outlook-E-Mails und Kalenderfunktionen betrifft. Seit einem kürzlichen Systemupdate kommt es bei Nutzern zu Netzwerkproblemen, die den Zugriff auf Outlook-Konten verhindern. Erste grundlegende Fehlerbehebungen, wie Neustarts der Geräte und das Zurücksetzen der Netzwerkverbindungen, wurden bereits durchgeführt, doch das Problem besteht weiterhin. Der Ausfall beeinträchtigt den täglichen Betrieb erheblich, weshalb wir dringend Unterstützung benötigen, um die volle Funktionalität wiederherzustellen. Könnten Sie bitte prüfen, ob die aktuellen Netzwerkprobleme im Zusammenhang mit den neuesten Updates stehen?",Incident,high,"Vielen Dank, dass Sie uns bezüglich der Probleme beim Zugriff auf Outlook-E-Mails und Kalenderfunktionen kontaktiert haben. Wir verstehen die Dringlichkeit und die Auswirkungen auf den täglichen Betrieb. Um Ihnen weiterhelfen zu können, bitten wir um Bestätigung, ob Nutzer beim Anmeldeversuch auf bestimmte Fehlermeldungen stoßen, sowohl im Web- als auch im Desktop-Client von Outlook. Zudem teilen Sie uns bitte mit, ob der Zugriff auf mobile Geräte ebenfalls betroffen ist. Wir prüfen derzeit mögliche Ursachen im Zusammenhang mit den letzten Updates und den bestehenden Netzwerkausfällen.",body,type,priority,answer
Tobi-Bueck/customer-support-tickets,customer_support_tickets_tobi,"Sehr geehrtes Support-Team,\n\nich möchte auf anhaltende Verbindungsprobleme mit unseren Geräten hinweisen, die den Büroarbeitsfluss erheblich stören. In den letzten Tagen haben wir wiederholte, plötzliche Unterbrechungen bei mehreren Bürogeräten erlebt, was zu einer verminderten Produktivität und operativen Verzögerungen führt.\n\nWir vermuten, dass die Verbindungsprobleme möglicherweise mit unserer Netzwerkkonfiguration zusammenhängen, insbesondere mit möglichen Konflikten im Mesh-WLAN-System oder den VPN-Router-Einstellungen. Trotz unserer internen Fehlerbehebungsversuche bestehen die Schwierigkeiten weiterhin.\n\nZur Behebung des Problems haben wir folgende Maßnahmen ergriffen:\n1. Geräte mit Verbindungsabbrüchen",Incident,low,"Vielen Dank für die ausführliche Schilderung. Damit wir Ihnen besser helfen können, bitten wir Sie, uns Details zum Mesh-WLAN-Modell, Marke und Modell der VPN-Router sowie die Anzahl der betroffenen Geräte mitzuteilen. Bitte informieren Sie uns auch, ob spezifische Fehlermeldungen bei den Unterbrechungen angezeigt werden. Wir bevorzugen eine Fernsupport-Sitzung; schlagen Sie uns bitte einen passenden Termin und eine Uhrzeit vor. Unser Ziel ist es, das Problem so schnell wie möglich zu beheben.",body,type,priority,answer
Tobi-Bueck/customer-support-tickets,customer_support_tickets_tobi,"Dear Customer Support Team,\n\nI hope this message reaches you in good health. I am reaching out to request guidance on modifying the Agile team structure documentation. Recently, the teams have experienced multiple organizational changes, but these updates are not yet reflected in the existing documentation. Maintaining accurate and current documentation is crucial for clarity and seamless collaboration among squads.\n\nCould you please advise on the procedure for submitting updates, specify the required format, and indicate which platform should be used? Additionally, please share any templates or guidelines that should be followed.",Change,medium,"Thank you for reaching out regarding the update of the Agile squad documentation. Kindly inform us of the platform you are currently using for documentation, and provide any relevant process templates or guidelines needed.",body,type,priority,answer
Tobi-Bueck/customer-support-tickets,customer_support_tickets_tobi,"Dear Customer Support,\n\nI am reaching out to explore options for consolidating campaign management reporting. Our objective is to integrate various agency departments' analytics platforms efficiently. We aim to optimize our processes to achieve cohesive marketing operations and improve performance monitoring across multiple digital platforms. Could you please advise on the available solutions and steps to facilitate a seamless integration?\n\nThank you for your assistance.\n\nBest regards,\n[Your Name]",Change,high,"Thank you for reaching out regarding the consolidation of campaign management reporting. We understand the significance of integrating analytics tools across agency departments to streamline workflows and enhance performance tracking across digital channels. To provide the most appropriate guidance, could you specify which analytics tools, platforms, and marketing channels your teams are currently utilizing? Additionally, please share details about your existing software solutions and CRM platforms to assess compatibility. With this information, we can recommend suitable integration options.",body,type,priority,answer
